"study.doi","year.of.publication","group","species","continent","driver","driver.type","stage.age","vital.rates","sens","cov","mat","n.vr","n.pam","dens","biotic_interactions","lambda.sim","study.length","l_ratio"
"10.1098/rspb.2022.1494","2023","Plants","Halimium halimifolium","Europe","rain","C","all","all",0.0252018867753847,0,5.8,2,5,1,1,0,8,0.0767077535127263
"10.1098/rspb.2022.1494","2023","Plants","Halimium halimifolium","Europe","rain","C","all","all",0.0373219098585744,0,5.8,2,5,1,1,0,8,0.113074231666846
"10.1098/rspb.2022.1494","2023","Plants","Halimium halimifolium","Europe","rain","C","all","all",0.0226444143679208,0,5.8,2,5,1,1,0,8,0.0691770427842819
"10.1098/rspb.2022.1494","2023","Plants","Halimium halimifolium","Europe","rain","C","all","all",0.0272724530964519,0,5.8,2,5,1,1,0,8,0.082408011215497
"10.1098/rspb.2022.1494","2023","Plants","Halimium halimifolium","Europe","rain","C","all","all",0.0228114718764869,0,5.8,2,5,1,1,0,8,0.069273761146643
"10.1098/rspb.2022.1494","2023","Plants","Halimium halimifolium","Europe","rain","C","all","all",0.02452008896859,0,5.8,2,5,1,1,0,8,0.0746699939736784
"10.1098/rspb.2022.1494","2023","Plants","Halimium halimifolium","Europe","rain","C","all","all",0.0303366637838243,0,5.8,2,5,1,1,0,8,0.0938989125508103
"10.1098/rspb.2022.1494","2023","Plants","Halimium halimifolium","Europe","rain","C","all","all",0.0251090306514793,0,5.8,2,5,1,1,0,8,0.0756154354437897
"10.1098/rspb.2022.1494","2023","Plants","Halimium halimifolium","Europe","rain","C","all","all",0.0181438192490962,0,5.8,2,5,1,1,0,8,0.0541619962819594
"10.1098/rspb.2022.1494","2023","Plants","Halimium halimifolium","Europe","rain","C","all","all",0.0208111347443578,0,5.8,2,5,1,1,0,8,0.0630094646310999
"10.1098/rspb.2022.1494","2023","Plants","Halimium halimifolium","Europe","rain","C","all","all",0.0338732646645665,0,5.8,2,5,1,1,0,8,0.101248468585297
"10.1098/rspb.2022.1494","2023","Plants","Halimium halimifolium","Europe","rain","C","all","all",0.0141492701959516,0,5.8,2,5,1,1,0,8,0.0429824522304474
"10.1098/rspb.2022.1494","2023","Plants","Halimium halimifolium","Europe","rain","C","all","all",0.0359544331405804,0,5.8,2,5,1,1,0,8,0.109003434823967
"10.1098/rspb.2022.1494","2023","Plants","Halimium halimifolium","Europe","rain","C","all","all",0.021706693863737,0,5.8,2,5,1,1,0,8,0.0651842260305273
"10.1098/rspb.2022.1494","2023","Plants","Halimium halimifolium","Europe","rain","C","all","all",0.030948580001001,0,5.8,2,5,1,1,0,8,0.0947910896726445
"10.1098/rspb.2022.1494","2023","Plants","Halimium halimifolium","Europe","rain","C","all","all",0.0315859197409256,0,5.8,2,5,1,1,0,8,0.0956364208477838
"10.1098/rspb.2022.1494","2023","Plants","Halimium halimifolium","Europe","rain","C","all","all",0.0218240706358875,0,5.8,2,5,1,1,0,8,0.0644603065341072
"10.1098/rspb.2022.1494","2023","Plants","Halimium halimifolium","Europe","rain","C","all","all",0.0290800850827734,0,5.8,2,5,1,1,0,8,0.0878741530906668
"10.1098/rspb.2022.1494","2023","Plants","Halimium halimifolium","Europe","rain","C","all","all",0.0151262455004198,0,5.8,2,5,1,1,0,8,0.0461123308699173
"10.1098/rspb.2022.1494","2023","Plants","Halimium halimifolium","Europe","rain","C","all","all",0.0318780081988975,0,5.8,2,5,1,1,0,8,0.0970345521261808
"10.1098/rspb.2022.1494","2023","Plants","Halimium halimifolium","Europe","rain","C","all","all",0.0353366415654893,0,5.8,2,5,1,1,0,8,0.108317932513007
"10.1098/rspb.2022.1494","2023","Plants","Halimium halimifolium","Europe","rain","C","all","all",0.034666779782487,0,5.8,2,5,1,1,0,8,0.104718515611686
"10.1098/rspb.2022.1494","2023","Plants","Halimium halimifolium","Europe","rain","C","all","all",0.0145180287741159,0,5.8,2,5,1,1,0,8,0.0437177327250666
"10.1098/rspb.2022.1494","2023","Plants","Halimium halimifolium","Europe","rain","C","all","all",0.0302663804516206,0,5.8,2,5,1,1,0,8,0.0902667797296574
"10.1098/rspb.2022.1494","2023","Plants","Halimium halimifolium","Europe","rain","C","all","all",0.0387817352751207,0,5.8,2,5,1,1,0,8,0.118440541767371
"10.1098/rspb.2022.1494","2023","Plants","Halimium halimifolium","Europe","rain","C","all","all",0.0302594044999527,0,5.8,2,5,1,1,0,8,0.0926014756893699
"10.1098/rspb.2022.1494","2023","Plants","Halimium halimifolium","Europe","rain","C","all","all",0.0182892985012349,0,5.8,2,5,1,1,0,8,0.0547123884515
"10.1098/rspb.2022.1494","2023","Plants","Halimium halimifolium","Europe","rain","C","all","all",0.0198514221502942,0,5.8,2,5,1,1,0,8,0.0594250364957229
"10.1098/rspb.2022.1494","2023","Plants","Halimium halimifolium","Europe","rain","C","all","all",0.0266475670610796,0,5.8,2,5,1,1,0,8,0.0803657044031296
"10.1098/rspb.2022.1494","2023","Plants","Halimium halimifolium","Europe","rain","C","all","all",0.0230072577039339,0,5.8,2,5,1,1,0,8,0.0695211995320597
"10.1098/rspb.2022.1494","2023","Plants","Halimium halimifolium","Europe","rain","C","all","all",0.00679968075355403,0,5.8,2,5,1,1,0,8,0.0207274449111219
"10.1098/rspb.2022.1494","2023","Plants","Halimium halimifolium","Europe","rain","C","all","all",0.0275466272766492,0,5.8,2,5,1,1,0,8,0.0820877308328238
"10.1098/rspb.2022.1494","2023","Plants","Halimium halimifolium","Europe","rain","C","all","all",0.0287048391195891,0,5.8,2,5,1,1,0,8,0.0854086936704546
"10.1098/rspb.2022.1494","2023","Plants","Halimium halimifolium","Europe","rain","C","all","all",0.0390706163037056,0,5.8,2,5,1,1,0,8,0.119394579527759
"10.1098/rspb.2022.1494","2023","Plants","Halimium halimifolium","Europe","rain","C","all","all",0.025194613321271,0,5.8,2,5,1,1,0,8,0.0758376148200641
"10.1098/rspb.2022.1494","2023","Plants","Halimium halimifolium","Europe","rain","C","all","all",0.0186869053839692,0,5.8,2,5,1,1,0,8,0.055781045644385
"10.1098/rspb.2022.1494","2023","Plants","Halimium halimifolium","Europe","rain","C","all","all",0.0167538432765366,0,5.8,2,5,1,1,0,8,0.0507475389060153
"10.1098/rspb.2022.1494","2023","Plants","Halimium halimifolium","Europe","rain","C","all","all",0.040470914035726,0,5.8,2,5,1,1,0,8,0.121633877496892
"10.1098/rspb.2022.1494","2023","Plants","Halimium halimifolium","Europe","rain","C","all","all",0.0287472798789377,0,5.8,2,5,1,1,0,8,0.0884296848334285
"10.1098/rspb.2022.1494","2023","Plants","Halimium halimifolium","Europe","rain","C","all","all",0.0219676564757552,0,5.8,2,5,1,1,0,8,0.0666970958939769
"10.1098/rspb.2022.1494","2023","Plants","Halimium halimifolium","Europe","rain","C","all","all",0.0211105182981463,0,5.8,2,5,1,1,0,8,0.064773989045673
"10.1098/rspb.2022.1494","2023","Plants","Halimium halimifolium","Europe","rain","C","all","all",0.0315836191934624,0,5.8,2,5,1,1,0,8,0.094767421840589
"10.1098/rspb.2022.1494","2023","Plants","Halimium halimifolium","Europe","rain","C","all","all",0.00975124133357433,0,5.8,2,5,1,1,0,8,0.029544709143098
"10.1098/rspb.2022.1494","2023","Plants","Halimium halimifolium","Europe","rain","C","all","all",0.0186616452046186,0,5.8,2,5,1,1,0,8,0.0572554845622531
"10.1098/rspb.2022.1494","2023","Plants","Halimium halimifolium","Europe","rain","C","all","all",0.033361226542004,0,5.8,2,5,1,1,0,8,0.103215541343226
"10.1098/rspb.2022.1494","2023","Plants","Halimium halimifolium","Europe","rain","C","all","all",0.0297462554526015,0,5.8,2,5,1,1,0,8,0.0902561392308715
"10.1098/rspb.2022.1494","2023","Plants","Halimium halimifolium","Europe","rain","C","all","all",0.0355530412127546,0,5.8,2,5,1,1,0,8,0.106748790728597
"10.1098/rspb.2022.1494","2023","Plants","Halimium halimifolium","Europe","rain","C","all","all",0.0338952937293269,0,5.8,2,5,1,1,0,8,0.104019830245218
"10.1098/rspb.2022.1494","2023","Plants","Halimium halimifolium","Europe","rain","C","all","all",0.0290680642105706,0,5.8,2,5,1,1,0,8,0.0875818803836735
"10.1098/rspb.2022.1494","2023","Plants","Halimium halimifolium","Europe","rain","C","all","all",0.0374811310091787,0,5.8,2,5,1,1,0,8,0.114769781001698
"10.1098/rspb.2022.1494","2023","Plants","Halimium halimifolium","Europe","rain","C","all","all",0.0336280913184445,0,5.8,2,5,1,1,0,8,0.101456384534008
"10.1098/rspb.2022.1494","2023","Plants","Halimium halimifolium","Europe","rain","C","all","all",0.0208009054504077,0,5.8,2,5,1,1,0,8,0.0636815304930773
"10.1098/rspb.2022.1494","2023","Plants","Halimium halimifolium","Europe","rain","C","all","all",0.0178556846662574,0,5.8,2,5,1,1,0,8,0.0535721973849381
"10.1098/rspb.2022.1494","2023","Plants","Halimium halimifolium","Europe","rain","C","all","all",0.0268903434462189,0,5.8,2,5,1,1,0,8,0.0824944935532477
"10.1098/rspb.2022.1494","2023","Plants","Halimium halimifolium","Europe","rain","C","all","all",0.0245355228107094,0,5.8,2,5,1,1,0,8,0.074750917915378
"10.1098/rspb.2022.1494","2023","Plants","Halimium halimifolium","Europe","rain","C","all","all",0.017749278080364,0,5.8,2,5,1,1,0,8,0.0532752761552638
"10.1098/rspb.2022.1494","2023","Plants","Halimium halimifolium","Europe","rain","C","all","all",0.0297159310359917,0,5.8,2,5,1,1,0,8,0.0891041190520234
"10.1098/rspb.2022.1494","2023","Plants","Halimium halimifolium","Europe","rain","C","all","all",0.0175179310483275,0,5.8,2,5,1,1,0,8,0.0527992406851113
"10.1098/rspb.2022.1494","2023","Plants","Halimium halimifolium","Europe","rain","C","all","all",0.0333530731835494,0,5.8,2,5,1,1,0,8,0.103446806498788
"10.1098/rspb.2022.1494","2023","Plants","Halimium halimifolium","Europe","rain","C","all","all",0.0286611410674327,0,5.8,2,5,1,1,0,8,0.0870266072999167
"10.1098/rspb.2022.1494","2023","Plants","Halimium halimifolium","Europe","rain","C","all","all",0.0282017468897694,0,5.8,2,5,1,1,0,8,0.084668768102431
"10.1098/rspb.2022.1494","2023","Plants","Halimium halimifolium","Europe","rain","C","all","all",0.028223592988402,0,5.8,2,5,1,1,0,8,0.08524747266648
"10.1098/rspb.2022.1494","2023","Plants","Halimium halimifolium","Europe","rain","C","all","all",0.0223215793821489,0,5.8,2,5,1,1,0,8,0.0667693908340238
"10.1098/rspb.2022.1494","2023","Plants","Halimium halimifolium","Europe","rain","C","all","all",0.0172105502613963,0,5.8,2,5,1,1,0,8,0.0522892646922523
"10.1098/rspb.2022.1494","2023","Plants","Halimium halimifolium","Europe","rain","C","all","all",0.0385016579970765,0,5.8,2,5,1,1,0,8,0.115108972540233
"10.1098/rspb.2022.1494","2023","Plants","Halimium halimifolium","Europe","rain","C","all","all",0.0214172216474681,0,5.8,2,5,1,1,0,8,0.0645873906472424
"10.1098/rspb.2022.1494","2023","Plants","Halimium halimifolium","Europe","rain","C","all","all",0.0150906885030786,0,5.8,2,5,1,1,0,8,0.0460483568045988
"10.1098/rspb.2022.1494","2023","Plants","Halimium halimifolium","Europe","rain","C","all","all",0.00887998100096632,0,5.8,2,5,1,1,0,8,0.0271867746377916
"10.1098/rspb.2022.1494","2023","Plants","Halimium halimifolium","Europe","rain","C","all","all",0.0209724468050726,0,5.8,2,5,1,1,0,8,0.0630336104192025
"10.1098/rspb.2022.1494","2023","Plants","Halimium halimifolium","Europe","rain","C","all","all",0.0210389100241288,0,5.8,2,5,1,1,0,8,0.0642841441687876
"10.1098/rspb.2022.1494","2023","Plants","Halimium halimifolium","Europe","rain","C","all","all",0.0155550884283676,0,5.8,2,5,1,1,0,8,0.0461719959363979
"10.1098/rspb.2022.1494","2023","Plants","Halimium halimifolium","Europe","rain","C","all","all",0.0278925129957116,0,5.8,2,5,1,1,0,8,0.0857042200825811
"10.1098/rspb.2022.1494","2023","Plants","Halimium halimifolium","Europe","rain","C","all","all",0.0201961256318493,0,5.8,2,5,1,1,0,8,0.0611626823294805
"10.1098/rspb.2022.1494","2023","Plants","Halimium halimifolium","Europe","rain","C","all","all",0.0256976816039186,0,5.8,2,5,1,1,0,8,0.0769434445231584
"10.1098/rspb.2022.1494","2023","Plants","Halimium halimifolium","Europe","rain","C","all","all",0.0287101141887242,0,5.8,2,5,1,1,0,8,0.0876579105252517
"10.1098/rspb.2022.1494","2023","Plants","Halimium halimifolium","Europe","rain","C","all","all",0.0367368105658003,0,5.8,2,5,1,1,0,8,0.110258470752006
"10.1098/rspb.2022.1494","2023","Plants","Halimium halimifolium","Europe","rain","C","all","all",0.0206441110679387,0,5.8,2,5,1,1,0,8,0.0631901338070217
"10.1098/rspb.2022.1494","2023","Plants","Halimium halimifolium","Europe","rain","C","all","all",0.0244862313788618,0,5.8,2,5,1,1,0,8,0.0739887854197396
"10.1098/rspb.2022.1494","2023","Plants","Halimium halimifolium","Europe","rain","C","all","all",0.0282463603060344,0,5.8,2,5,1,1,0,8,0.0843947801358845
"10.1098/rspb.2022.1494","2023","Plants","Halimium halimifolium","Europe","rain","C","all","all",0.0186046612458044,0,5.8,2,5,1,1,0,8,0.0567556733403472
"10.1098/rspb.2022.1494","2023","Plants","Halimium halimifolium","Europe","rain","C","all","all",0.026784034745889,0,5.8,2,5,1,1,0,8,0.0791557706987034
"10.1098/rspb.2022.1494","2023","Plants","Halimium halimifolium","Europe","rain","C","all","all",0.0220641103517568,0,5.8,2,5,1,1,0,8,0.0669040227999192
"10.1098/rspb.2022.1494","2023","Plants","Halimium halimifolium","Europe","rain","C","all","all",0.000316129843583117,0,5.8,2,5,1,1,0,8,0.000957241321484062
"10.1098/rspb.2022.1494","2023","Plants","Halimium halimifolium","Europe","rain","C","all","all",0.0254186371081934,0,5.8,2,5,1,1,0,8,0.0762375136892971
"10.1098/rspb.2022.1494","2023","Plants","Halimium halimifolium","Europe","rain","C","all","all",0.0294029022743383,0,5.8,2,5,1,1,0,8,0.0875638986297624
"10.1098/rspb.2022.1494","2023","Plants","Halimium halimifolium","Europe","rain","C","all","all",0.0185391371730407,0,5.8,2,5,1,1,0,8,0.0558147387516059
"10.1098/rspb.2022.1494","2023","Plants","Halimium halimifolium","Europe","rain","C","all","all",0.0198207976517989,0,5.8,2,5,1,1,0,8,0.0596301089918654
"10.1098/rspb.2022.1494","2023","Plants","Halimium halimifolium","Europe","rain","C","all","all",0.0035808160348137,0,5.8,2,5,1,1,0,8,0.0108355126460213
"10.1098/rspb.2022.1494","2023","Plants","Halimium halimifolium","Europe","rain","C","all","all",0.0267142936606127,0,5.8,2,5,1,1,0,8,0.0810384047188147
"10.1098/rspb.2022.1494","2023","Plants","Halimium halimifolium","Europe","rain","C","all","all",0.0279615086434054,0,5.8,2,5,1,1,0,8,0.085026397838606
"10.1098/rspb.2022.1494","2023","Plants","Halimium halimifolium","Europe","rain","C","all","all",0.025371109521261,0,5.8,2,5,1,1,0,8,0.0761963900003531
"10.1098/rspb.2022.1494","2023","Plants","Halimium halimifolium","Europe","rain","C","all","all",0.0187359381507839,0,5.8,2,5,1,1,0,8,0.055775599019269
"10.1098/rspb.2022.1494","2023","Plants","Halimium halimifolium","Europe","rain","C","all","all",0.0323155638350641,0,5.8,2,5,1,1,0,8,0.0969937084949911
"10.1098/rspb.2022.1494","2023","Plants","Halimium halimifolium","Europe","rain","C","all","all",0.0297930544032915,0,5.8,2,5,1,1,0,8,0.0905019141001892
"10.1098/rspb.2022.1494","2023","Plants","Halimium halimifolium","Europe","rain","C","all","all",0.0232330418540976,0,5.8,2,5,1,1,0,8,0.07063897312187
"10.1098/rspb.2022.1494","2023","Plants","Halimium halimifolium","Europe","rain","C","all","all",0.028143866359793,0,5.8,2,5,1,1,0,8,0.0859480223895494
"10.1098/rspb.2022.1494","2023","Plants","Halimium halimifolium","Europe","rain","C","all","all",0.0311483057956851,0,5.8,2,5,1,1,0,8,0.0951794989222739
"10.1098/rspb.2022.1494","2023","Plants","Halimium halimifolium","Europe","rain","C","all","all",0.041910291540932,0,5.8,2,5,1,1,0,8,0.129256997670713
"10.1098/rspb.2022.1494","2023","Plants","Halimium halimifolium","Europe","rain","C","all","all",0.0287364631527572,0,5.8,2,5,1,1,0,8,0.0873022597209767
"10.1098/rspb.2022.1494","2023","Plants","Halimium halimifolium","Europe","rain","C","all","all",0.0267312242778567,0,5.8,2,5,1,1,0,8,0.0797187100644635
"10.1098/rspb.2022.1494","2023","Plants","Halimium halimifolium","Europe","rain","C","all","all",0.00636768610073412,1,5.8,2,5,1,1,0,8,0.0202751449894736
"10.1098/rspb.2022.1494","2023","Plants","Halimium halimifolium","Europe","rain","C","all","all",0.0157627413247932,1,5.8,2,5,1,1,0,8,0.0470706482022333
"10.1098/rspb.2022.1494","2023","Plants","Halimium halimifolium","Europe","rain","C","all","all",0.0028470340879626,1,5.8,2,5,1,1,0,8,0.00861720383605271
"10.1098/rspb.2022.1494","2023","Plants","Halimium halimifolium","Europe","rain","C","all","all",0.00736820689365244,1,5.8,2,5,1,1,0,8,0.0220229897217482
"10.1098/rspb.2022.1494","2023","Plants","Halimium halimifolium","Europe","rain","C","all","all",0.0013188949958191,1,5.8,2,5,1,1,0,8,0.00397450173255388
"10.1098/rspb.2022.1494","2023","Plants","Halimium halimifolium","Europe","rain","C","all","all",0.00385162249682424,1,5.8,2,5,1,1,0,8,0.0116252271137587
"10.1098/rspb.2022.1494","2023","Plants","Halimium halimifolium","Europe","rain","C","all","all",0.0107729315058347,1,5.8,2,5,1,1,0,8,0.0328789842852072
"10.1098/rspb.2022.1494","2023","Plants","Halimium halimifolium","Europe","rain","C","all","all",0.00458012624648298,1,5.8,2,5,1,1,0,8,0.0136955030415088
"10.1098/rspb.2022.1494","2023","Plants","Halimium halimifolium","Europe","rain","C","all","all",0.00143223609067108,1,5.8,2,5,1,1,0,8,0.00426043439875715
"10.1098/rspb.2022.1494","2023","Plants","Halimium halimifolium","Europe","rain","C","all","all",0.00212026558654343,1,5.8,2,5,1,1,0,8,0.0063831119815517
"10.1098/rspb.2022.1494","2023","Plants","Halimium halimifolium","Europe","rain","C","all","all",0.0129544548948477,1,5.8,2,5,1,1,0,8,0.0382006558205864
"10.1098/rspb.2022.1494","2023","Plants","Halimium halimifolium","Europe","rain","C","all","all",0.00682149484208332,1,5.8,2,5,1,1,0,8,0.0206413825160246
"10.1098/rspb.2022.1494","2023","Plants","Halimium halimifolium","Europe","rain","C","all","all",0.0131229272289182,1,5.8,2,5,1,1,0,8,0.0393312143235056
"10.1098/rspb.2022.1494","2023","Plants","Halimium halimifolium","Europe","rain","C","all","all",0.00114752630918292,1,5.8,2,5,1,1,0,8,0.00342552556486455
"10.1098/rspb.2022.1494","2023","Plants","Halimium halimifolium","Europe","rain","C","all","all",0.00813975436639085,1,5.8,2,5,1,1,0,8,0.0246367246946159
"10.1098/rspb.2022.1494","2023","Plants","Halimium halimifolium","Europe","rain","C","all","all",0.0116355173648077,1,5.8,2,5,1,1,0,8,0.0347944115935168
"10.1098/rspb.2022.1494","2023","Plants","Halimium halimifolium","Europe","rain","C","all","all",0.00114369995540376,1,5.8,2,5,1,1,0,8,0.00336672362108603
"10.1098/rspb.2022.1494","2023","Plants","Halimium halimifolium","Europe","rain","C","all","all",0.00826471892693698,1,5.8,2,5,1,1,0,8,0.0247031576212982
"10.1098/rspb.2022.1494","2023","Plants","Halimium halimifolium","Europe","rain","C","all","all",0.00422519613157057,1,5.8,2,5,1,1,0,8,0.0127804083269685
"10.1098/rspb.2022.1494","2023","Plants","Halimium halimifolium","Europe","rain","C","all","all",0.00918933058232398,1,5.8,2,5,1,1,0,8,0.0276524350004467
"10.1098/rspb.2022.1494","2023","Plants","Halimium halimifolium","Europe","rain","C","all","all",0.0142029874018855,1,5.8,2,5,1,1,0,8,0.0427480852383689
"10.1098/rspb.2022.1494","2023","Plants","Halimium halimifolium","Europe","rain","C","all","all",0.0131793142132777,1,5.8,2,5,1,1,0,8,0.0393998127541212
"10.1098/rspb.2022.1494","2023","Plants","Halimium halimifolium","Europe","rain","C","all","all",0.00524610416715892,1,5.8,2,5,1,1,0,8,0.0157384217783174
"10.1098/rspb.2022.1494","2023","Plants","Halimium halimifolium","Europe","rain","C","all","all",0.00891328509603233,1,5.8,2,5,1,1,0,8,0.026431630353289
"10.1098/rspb.2022.1494","2023","Plants","Halimium halimifolium","Europe","rain","C","all","all",0.0117233838590709,1,5.8,2,5,1,1,0,8,0.0352003629565888
"10.1098/rspb.2022.1494","2023","Plants","Halimium halimifolium","Europe","rain","C","all","all",0.0114218762203574,1,5.8,2,5,1,1,0,8,0.0344474511155327
"10.1098/rspb.2022.1494","2023","Plants","Halimium halimifolium","Europe","rain","C","all","all",0.00141741292710665,1,5.8,2,5,1,1,0,8,0.00421773643468594
"10.1098/rspb.2022.1494","2023","Plants","Halimium halimifolium","Europe","rain","C","all","all",0.000956855858454609,1,5.8,2,5,1,1,0,8,0.0028528455423838
"10.1098/rspb.2022.1494","2023","Plants","Halimium halimifolium","Europe","rain","C","all","all",0.00558261654198709,1,5.8,2,5,1,1,0,8,0.0166170110075963
"10.1098/rspb.2022.1494","2023","Plants","Halimium halimifolium","Europe","rain","C","all","all",0.00332825829613183,1,5.8,2,5,1,1,0,8,0.00996582625892621
"10.1098/rspb.2022.1494","2023","Plants","Halimium halimifolium","Europe","rain","C","all","all",0.0100162403582438,1,5.8,2,5,1,1,0,8,0.0303823824509779
"10.1098/rspb.2022.1494","2023","Plants","Halimium halimifolium","Europe","rain","C","all","all",0.00700853515856029,1,5.8,2,5,1,1,0,8,0.0206924443063836
"10.1098/rspb.2022.1494","2023","Plants","Halimium halimifolium","Europe","rain","C","all","all",0.00652987857264906,1,5.8,2,5,1,1,0,8,0.0193028684412043
"10.1098/rspb.2022.1494","2023","Plants","Halimium halimifolium","Europe","rain","C","all","all",0.0181002620864802,1,5.8,2,5,1,1,0,8,0.0544547472147259
"10.1098/rspb.2022.1494","2023","Plants","Halimium halimifolium","Europe","rain","C","all","all",0.00494616028462142,1,5.8,2,5,1,1,0,8,0.014773896250277
"10.1098/rspb.2022.1494","2023","Plants","Halimium halimifolium","Europe","rain","C","all","all",0.000276869803228193,1,5.8,2,5,1,1,0,8,0.000821233215207776
"10.1098/rspb.2022.1494","2023","Plants","Halimium halimifolium","Europe","rain","C","all","all",0.00414456871935166,1,5.8,2,5,1,1,0,8,0.0124949953986893
"10.1098/rspb.2022.1494","2023","Plants","Halimium halimifolium","Europe","rain","C","all","all",0.0181663187014733,1,5.8,2,5,1,1,0,8,0.053709126957486
"10.1098/rspb.2022.1494","2023","Plants","Halimium halimifolium","Europe","rain","C","all","all",0.00872092642585776,1,5.8,2,5,1,1,0,8,0.0263932481618653
"10.1098/rspb.2022.1494","2023","Plants","Halimium halimifolium","Europe","rain","C","all","all",0.000110293622307887,1,5.8,2,5,1,1,0,8,0.000333444391189683
"10.1098/rspb.2022.1494","2023","Plants","Halimium halimifolium","Europe","rain","C","all","all",0.000918618379801748,1,5.8,2,5,1,1,0,8,0.00278536965442136
"10.1098/rspb.2022.1494","2023","Plants","Halimium halimifolium","Europe","rain","C","all","all",0.00993085590187243,1,5.8,2,5,1,1,0,8,0.0294795788451648
"10.1098/rspb.2022.1494","2023","Plants","Halimium halimifolium","Europe","rain","C","all","all",0.00865858551719057,1,5.8,2,5,1,1,0,8,0.0261763932544316
"10.1098/rspb.2022.1494","2023","Plants","Halimium halimifolium","Europe","rain","C","all","all",8.89339296559436e-05,1,5.8,2,5,1,1,0,8,0.000270542839112149
"10.1098/rspb.2022.1494","2023","Plants","Halimium halimifolium","Europe","rain","C","all","all",0.0119766661859941,1,5.8,2,5,1,1,0,8,0.0364715027257941
"10.1098/rspb.2022.1494","2023","Plants","Halimium halimifolium","Europe","rain","C","all","all",0.00871409396103089,1,5.8,2,5,1,1,0,8,0.0261588825835902
"10.1098/rspb.2022.1494","2023","Plants","Halimium halimifolium","Europe","rain","C","all","all",0.0127001683347379,1,5.8,2,5,1,1,0,8,0.0376689533060907
"10.1098/rspb.2022.1494","2023","Plants","Halimium halimifolium","Europe","rain","C","all","all",0.0121413808752132,1,5.8,2,5,1,1,0,8,0.0368168066444003
"10.1098/rspb.2022.1494","2023","Plants","Halimium halimifolium","Europe","rain","C","all","all",0.00901156698323505,1,5.8,2,5,1,1,0,8,0.0269087071469727
"10.1098/rspb.2022.1494","2023","Plants","Halimium halimifolium","Europe","rain","C","all","all",0.0179233086336333,1,5.8,2,5,1,1,0,8,0.0539881566988939
"10.1098/rspb.2022.1494","2023","Plants","Halimium halimifolium","Europe","rain","C","all","all",0.0129187534761704,1,5.8,2,5,1,1,0,8,0.0384693403601743
"10.1098/rspb.2022.1494","2023","Plants","Halimium halimifolium","Europe","rain","C","all","all",0.000112033905487979,1,5.8,2,5,1,1,0,8,0.000340350577529824
"10.1098/rspb.2022.1494","2023","Plants","Halimium halimifolium","Europe","rain","C","all","all",0.0026891275129782,1,5.8,2,5,1,1,0,8,0.00803318633027598
"10.1098/rspb.2022.1494","2023","Plants","Halimium halimifolium","Europe","rain","C","all","all",0.00688486700235334,1,5.8,2,5,1,1,0,8,0.0209429055528326
"10.1098/rspb.2022.1494","2023","Plants","Halimium halimifolium","Europe","rain","C","all","all",0.00107054822493403,1,5.8,2,5,1,1,0,8,0.00323404180215076
"10.1098/rspb.2022.1494","2023","Plants","Halimium halimifolium","Europe","rain","C","all","all",0.00186126286043612,1,5.8,2,5,1,1,0,8,0.00554478478921442
"10.1098/rspb.2022.1494","2023","Plants","Halimium halimifolium","Europe","rain","C","all","all",0.00788317864095229,1,5.8,2,5,1,1,0,8,0.0234323722718747
"10.1098/rspb.2022.1494","2023","Plants","Halimium halimifolium","Europe","rain","C","all","all",0.00266982397750225,1,5.8,2,5,1,1,0,8,0.00798170612705249
"10.1098/rspb.2022.1494","2023","Plants","Halimium halimifolium","Europe","rain","C","all","all",0.0134992665995357,1,5.8,2,5,1,1,0,8,0.0411465830580499
"10.1098/rspb.2022.1494","2023","Plants","Halimium halimifolium","Europe","rain","C","all","all",0.00881931386071542,1,5.8,2,5,1,1,0,8,0.0263947462809852
"10.1098/rspb.2022.1494","2023","Plants","Halimium halimifolium","Europe","rain","C","all","all",0.0066331102691252,1,5.8,2,5,1,1,0,8,0.0197420568675695
"10.1098/rspb.2022.1494","2023","Plants","Halimium halimifolium","Europe","rain","C","all","all",0.00788260842127301,1,5.8,2,5,1,1,0,8,0.0236359710518597
"10.1098/rspb.2022.1494","2023","Plants","Halimium halimifolium","Europe","rain","C","all","all",0.00216400568849485,1,5.8,2,5,1,1,0,8,0.00643183046165321
"10.1098/rspb.2022.1494","2023","Plants","Halimium halimifolium","Europe","rain","C","all","all",0.00144083326933095,1,5.8,2,5,1,1,0,8,0.00436276599187539
"10.1098/rspb.2022.1494","2023","Plants","Halimium halimifolium","Europe","rain","C","all","all",0.0167125466354116,1,5.8,2,5,1,1,0,8,0.049445662703459
"10.1098/rspb.2022.1494","2023","Plants","Halimium halimifolium","Europe","rain","C","all","all",0.00120221274819418,1,5.8,2,5,1,1,0,8,0.00359557463529256
"10.1098/rspb.2022.1494","2023","Plants","Halimium halimifolium","Europe","rain","C","all","all",0.00511120627185833,1,5.8,2,5,1,1,0,8,0.015505197358201
"10.1098/rspb.2022.1494","2023","Plants","Halimium halimifolium","Europe","rain","C","all","all",0.00845376153961254,1,5.8,2,5,1,1,0,8,0.0256224176944469
"10.1098/rspb.2022.1494","2023","Plants","Halimium halimifolium","Europe","rain","C","all","all",0.00127327405725464,1,5.8,2,5,1,1,0,8,0.0038049523413007
"10.1098/rspb.2022.1494","2023","Plants","Halimium halimifolium","Europe","rain","C","all","all",0.000958288974397206,1,5.8,2,5,1,1,0,8,0.00289544232531625
"10.1098/rspb.2022.1494","2023","Plants","Halimium halimifolium","Europe","rain","C","all","all",0.00632450120253609,1,5.8,2,5,1,1,0,8,0.0187692144492318
"10.1098/rspb.2022.1494","2023","Plants","Halimium halimifolium","Europe","rain","C","all","all",0.00718679740251819,1,5.8,2,5,1,1,0,8,0.0217576773187536
"10.1098/rspb.2022.1494","2023","Plants","Halimium halimifolium","Europe","rain","C","all","all",0.00110762687005636,1,5.8,2,5,1,1,0,8,0.00333711670724487
"10.1098/rspb.2022.1494","2023","Plants","Halimium halimifolium","Europe","rain","C","all","all",0.00355935303405518,1,5.8,2,5,1,1,0,8,0.0105923582240036
"10.1098/rspb.2022.1494","2023","Plants","Halimium halimifolium","Europe","rain","C","all","all",0.00803378014677247,1,5.8,2,5,1,1,0,8,0.0242211444775151
"10.1098/rspb.2022.1494","2023","Plants","Halimium halimifolium","Europe","rain","C","all","all",0.0128266531507071,1,5.8,2,5,1,1,0,8,0.0380544325684698
"10.1098/rspb.2022.1494","2023","Plants","Halimium halimifolium","Europe","rain","C","all","all",0.00153442016749363,1,5.8,2,5,1,1,0,8,0.00464186301284774
"10.1098/rspb.2022.1494","2023","Plants","Halimium halimifolium","Europe","rain","C","all","all",0.00403562306925495,1,5.8,2,5,1,1,0,8,0.0121044649150666
"10.1098/rspb.2022.1494","2023","Plants","Halimium halimifolium","Europe","rain","C","all","all",0.00566605755625319,1,5.8,2,5,1,1,0,8,0.0168324154277152
"10.1098/rspb.2022.1494","2023","Plants","Halimium halimifolium","Europe","rain","C","all","all",0.00142959969006929,1,5.8,2,5,1,1,0,8,0.00432820497785691
"10.1098/rspb.2022.1494","2023","Plants","Halimium halimifolium","Europe","rain","C","all","all",0.00688732627578934,1,5.8,2,5,1,1,0,8,0.0202524708176543
"10.1098/rspb.2022.1494","2023","Plants","Halimium halimifolium","Europe","rain","C","all","all",0.00285743671779212,1,5.8,2,5,1,1,0,8,0.00858760675366527
"10.1098/rspb.2022.1494","2023","Plants","Halimium halimifolium","Europe","rain","C","all","all",0.0184991764517092,1,5.8,2,5,1,1,0,8,0.0561513665357508
"10.1098/rspb.2022.1494","2023","Plants","Halimium halimifolium","Europe","rain","C","all","all",0.00462562685828845,1,5.8,2,5,1,1,0,8,0.0137406700316223
"10.1098/rspb.2022.1494","2023","Plants","Halimium halimifolium","Europe","rain","C","all","all",0.00701622904631238,1,5.8,2,5,1,1,0,8,0.0207700930867696
"10.1098/rspb.2022.1494","2023","Plants","Halimium halimifolium","Europe","rain","C","all","all",0.0017196764245909,1,5.8,2,5,1,1,0,8,0.00514889615773508
"10.1098/rspb.2022.1494","2023","Plants","Halimium halimifolium","Europe","rain","C","all","all",2.1128610512226e-05,1,5.8,2,5,1,1,0,8,6.3322447777905e-05
"10.1098/rspb.2022.1494","2023","Plants","Halimium halimifolium","Europe","rain","C","all","all",0.0196243905101831,1,5.8,2,5,1,1,0,8,0.0593010311482859
"10.1098/rspb.2022.1494","2023","Plants","Halimium halimifolium","Europe","rain","C","all","all",0.00637665102587649,1,5.8,2,5,1,1,0,8,0.0191076561302257
"10.1098/rspb.2022.1494","2023","Plants","Halimium halimifolium","Europe","rain","C","all","all",0.00771835221226216,1,5.8,2,5,1,1,0,8,0.0231508135678725
"10.1098/rspb.2022.1494","2023","Plants","Halimium halimifolium","Europe","rain","C","all","all",0.00546488769277655,1,5.8,2,5,1,1,0,8,0.0162539699629233
"10.1098/rspb.2022.1494","2023","Plants","Halimium halimifolium","Europe","rain","C","all","all",0.00233002534038634,1,5.8,2,5,1,1,0,8,0.00690091565750992
"10.1098/rspb.2022.1494","2023","Plants","Halimium halimifolium","Europe","rain","C","all","all",0.0101781993867201,1,5.8,2,5,1,1,0,8,0.0301789898753219
"10.1098/rspb.2022.1494","2023","Plants","Halimium halimifolium","Europe","rain","C","all","all",0.00828467827282605,1,5.8,2,5,1,1,0,8,0.0248755072501559
"10.1098/rspb.2022.1494","2023","Plants","Halimium halimifolium","Europe","rain","C","all","all",0.00392557306846347,1,5.8,2,5,1,1,0,8,0.0118643655865844
"10.1098/rspb.2022.1494","2023","Plants","Halimium halimifolium","Europe","rain","C","all","all",0.00694117289567711,1,5.8,2,5,1,1,0,8,0.0210173701657506
"10.1098/rspb.2022.1494","2023","Plants","Halimium halimifolium","Europe","rain","C","all","all",0.00918925146469976,1,5.8,2,5,1,1,0,8,0.0277712568619766
"10.1098/rspb.2022.1494","2023","Plants","Halimium halimifolium","Europe","rain","C","all","all",0.0216699066957403,1,5.8,2,5,1,1,0,8,0.0655044788951949
"10.1098/rspb.2022.1494","2023","Plants","Halimium halimifolium","Europe","rain","C","all","all",0.00952539863044168,1,5.8,2,5,1,1,0,8,0.0286025714154077
"10.1098/rspb.2022.1494","2023","Plants","Halimium halimifolium","Europe","rain","C","all","all",0.00466978574487455,1,5.8,2,5,1,1,0,8,0.0138286987051887
"10.1098/rspb.2022.1494","2023","Plants","Halimium halimifolium","Europe","intraD","D","all","all",0.0173880351508083,0,5.8,2,5,1,1,0,8,0.0888290031353109
"10.1098/rspb.2022.1494","2023","Plants","Halimium halimifolium","Europe","intraD","D","all","all",0.0152921448930409,0,5.8,2,5,1,1,0,8,0.0775482063271002
"10.1098/rspb.2022.1494","2023","Plants","Halimium halimifolium","Europe","intraD","D","all","all",0.0155661834021826,0,5.8,2,5,1,1,0,8,0.0793528294987682
"10.1098/rspb.2022.1494","2023","Plants","Halimium halimifolium","Europe","intraD","D","all","all",0.0153628535011262,0,5.8,2,5,1,1,0,8,0.0775984967724357
"10.1098/rspb.2022.1494","2023","Plants","Halimium halimifolium","Europe","intraD","D","all","all",0.0174732780563322,0,5.8,2,5,1,1,0,8,0.0891723391688838
"10.1098/rspb.2022.1494","2023","Plants","Halimium halimifolium","Europe","intraD","D","all","all",0.017888984159149,0,5.8,2,5,1,1,0,8,0.0909380114932196
"10.1098/rspb.2022.1494","2023","Plants","Halimium halimifolium","Europe","intraD","D","all","all",0.00927109079200605,0,5.8,2,5,1,1,0,8,0.0479483809191027
"10.1098/rspb.2022.1494","2023","Plants","Halimium halimifolium","Europe","intraD","D","all","all",0.0184509534264717,0,5.8,2,5,1,1,0,8,0.0934948469585928
"10.1098/rspb.2022.1494","2023","Plants","Halimium halimifolium","Europe","intraD","D","all","all",0.0166171134003812,0,5.8,2,5,1,1,0,8,0.0845658153347768
"10.1098/rspb.2022.1494","2023","Plants","Halimium halimifolium","Europe","intraD","D","all","all",0.0186048656535861,0,5.8,2,5,1,1,0,8,0.0952927374344695
"10.1098/rspb.2022.1494","2023","Plants","Halimium halimifolium","Europe","intraD","D","all","all",0.0144631539186556,0,5.8,2,5,1,1,0,8,0.0726101111543316
"10.1098/rspb.2022.1494","2023","Plants","Halimium halimifolium","Europe","intraD","D","all","all",0.0166892074291605,0,5.8,2,5,1,1,0,8,0.0855551552812333
"10.1098/rspb.2022.1494","2023","Plants","Halimium halimifolium","Europe","intraD","D","all","all",0.0196304567954344,0,5.8,2,5,1,1,0,8,0.0998114026176047
"10.1098/rspb.2022.1494","2023","Plants","Halimium halimifolium","Europe","intraD","D","all","all",0.017494919511355,0,5.8,2,5,1,1,0,8,0.0887765352784592
"10.1098/rspb.2022.1494","2023","Plants","Halimium halimifolium","Europe","intraD","D","all","all",0.0176277212472606,0,5.8,2,5,1,1,0,8,0.0903354423139519
"10.1098/rspb.2022.1494","2023","Plants","Halimium halimifolium","Europe","intraD","D","all","all",0.0150023241224498,0,5.8,2,5,1,1,0,8,0.0758523729688409
"10.1098/rspb.2022.1494","2023","Plants","Halimium halimifolium","Europe","intraD","D","all","all",0.0184660740692874,0,5.8,2,5,1,1,0,8,0.0937900970703967
"10.1098/rspb.2022.1494","2023","Plants","Halimium halimifolium","Europe","intraD","D","all","all",0.016597746751829,0,5.8,2,5,1,1,0,8,0.0839810284533436
"10.1098/rspb.2022.1494","2023","Plants","Halimium halimifolium","Europe","intraD","D","all","all",0.0123363889490318,0,5.8,2,5,1,1,0,8,0.062905683072582
"10.1098/rspb.2022.1494","2023","Plants","Halimium halimifolium","Europe","intraD","D","all","all",0.0172384618546797,0,5.8,2,5,1,1,0,8,0.0882331947586026
"10.1098/rspb.2022.1494","2023","Plants","Halimium halimifolium","Europe","intraD","D","all","all",0.00952092324281762,0,5.8,2,5,1,1,0,8,0.0485110243081649
"10.1098/rspb.2022.1494","2023","Plants","Halimium halimifolium","Europe","intraD","D","all","all",0.0188402471979204,0,5.8,2,5,1,1,0,8,0.0956602448192397
"10.1098/rspb.2022.1494","2023","Plants","Halimium halimifolium","Europe","intraD","D","all","all",0.0170698374898743,0,5.8,2,5,1,1,0,8,0.0865210158750407
"10.1098/rspb.2022.1494","2023","Plants","Halimium halimifolium","Europe","intraD","D","all","all",0.0196703577832433,0,5.8,2,5,1,1,0,8,0.100434781013483
"10.1098/rspb.2022.1494","2023","Plants","Halimium halimifolium","Europe","intraD","D","all","all",0.0180611167016089,0,5.8,2,5,1,1,0,8,0.0925372279921261
"10.1098/rspb.2022.1494","2023","Plants","Halimium halimifolium","Europe","intraD","D","all","all",0.0100027505122967,0,5.8,2,5,1,1,0,8,0.0509707797249065
"10.1098/rspb.2022.1494","2023","Plants","Halimium halimifolium","Europe","intraD","D","all","all",0.0162385584289935,0,5.8,2,5,1,1,0,8,0.0820377122107855
"10.1098/rspb.2022.1494","2023","Plants","Halimium halimifolium","Europe","intraD","D","all","all",0.0190035133301524,0,5.8,2,5,1,1,0,8,0.0961791624360229
"10.1098/rspb.2022.1494","2023","Plants","Halimium halimifolium","Europe","intraD","D","all","all",0.0118373480158776,0,5.8,2,5,1,1,0,8,0.0597671260811932
"10.1098/rspb.2022.1494","2023","Plants","Halimium halimifolium","Europe","intraD","D","all","all",0.0150589206941175,0,5.8,2,5,1,1,0,8,0.0762148605408713
"10.1098/rspb.2022.1494","2023","Plants","Halimium halimifolium","Europe","intraD","D","all","all",0.0102800545833211,0,5.8,2,5,1,1,0,8,0.0523763442443035
"10.1098/rspb.2022.1494","2023","Plants","Halimium halimifolium","Europe","intraD","D","all","all",0.0155889020519875,0,5.8,2,5,1,1,0,8,0.0786518890565357
"10.1098/rspb.2022.1494","2023","Plants","Halimium halimifolium","Europe","intraD","D","all","all",0.0190880541717668,0,5.8,2,5,1,1,0,8,0.0972585724842484
"10.1098/rspb.2022.1494","2023","Plants","Halimium halimifolium","Europe","intraD","D","all","all",0.0146453645712558,0,5.8,2,5,1,1,0,8,0.0744717492279943
"10.1098/rspb.2022.1494","2023","Plants","Halimium halimifolium","Europe","intraD","D","all","all",0.0175597245548889,0,5.8,2,5,1,1,0,8,0.0889199739825558
"10.1098/rspb.2022.1494","2023","Plants","Halimium halimifolium","Europe","intraD","D","all","all",0.0152238896136941,0,5.8,2,5,1,1,0,8,0.0765188303674033
"10.1098/rspb.2022.1494","2023","Plants","Halimium halimifolium","Europe","intraD","D","all","all",0.0174034146961937,0,5.8,2,5,1,1,0,8,0.0888052968113317
"10.1098/rspb.2022.1494","2023","Plants","Halimium halimifolium","Europe","intraD","D","all","all",0.0159284386750174,0,5.8,2,5,1,1,0,8,0.0799388729660915
"10.1098/rspb.2022.1494","2023","Plants","Halimium halimifolium","Europe","intraD","D","all","all",0.00611924275081334,0,5.8,2,5,1,1,0,8,0.0314793030841691
"10.1098/rspb.2022.1494","2023","Plants","Halimium halimifolium","Europe","intraD","D","all","all",0.0201602428332651,0,5.8,2,5,1,1,0,8,0.103497419912098
"10.1098/rspb.2022.1494","2023","Plants","Halimium halimifolium","Europe","intraD","D","all","all",0.0104451469256537,0,5.8,2,5,1,1,0,8,0.0535130906406008
"10.1098/rspb.2022.1494","2023","Plants","Halimium halimifolium","Europe","intraD","D","all","all",0.0167882962390206,0,5.8,2,5,1,1,0,8,0.0850686081483957
"10.1098/rspb.2022.1494","2023","Plants","Halimium halimifolium","Europe","intraD","D","all","all",0.0167213131733461,0,5.8,2,5,1,1,0,8,0.0849511675312397
"10.1098/rspb.2022.1494","2023","Plants","Halimium halimifolium","Europe","intraD","D","all","all",0.0136922663591512,0,5.8,2,5,1,1,0,8,0.0700683486913459
"10.1098/rspb.2022.1494","2023","Plants","Halimium halimifolium","Europe","intraD","D","all","all",0.0152515795235437,0,5.8,2,5,1,1,0,8,0.0779894678748968
"10.1098/rspb.2022.1494","2023","Plants","Halimium halimifolium","Europe","intraD","D","all","all",0.0176851385794131,0,5.8,2,5,1,1,0,8,0.0897080226939499
"10.1098/rspb.2022.1494","2023","Plants","Halimium halimifolium","Europe","intraD","D","all","all",0.0169470464301816,0,5.8,2,5,1,1,0,8,0.0862212297778994
"10.1098/rspb.2022.1494","2023","Plants","Halimium halimifolium","Europe","intraD","D","all","all",0.0185717318072554,0,5.8,2,5,1,1,0,8,0.0950090841274044
"10.1098/rspb.2022.1494","2023","Plants","Halimium halimifolium","Europe","intraD","D","all","all",0.0170441133628512,0,5.8,2,5,1,1,0,8,0.0864326803411191
"10.1098/rspb.2022.1494","2023","Plants","Halimium halimifolium","Europe","intraD","D","all","all",0.0126550425970876,0,5.8,2,5,1,1,0,8,0.0641679225183255
"10.1098/rspb.2022.1494","2023","Plants","Halimium halimifolium","Europe","intraD","D","all","all",0.0151642435971945,0,5.8,2,5,1,1,0,8,0.0765871577089717
"10.1098/rspb.2022.1494","2023","Plants","Halimium halimifolium","Europe","intraD","D","all","all",0.0171698766520607,0,5.8,2,5,1,1,0,8,0.087844502633115
"10.1098/rspb.2022.1494","2023","Plants","Halimium halimifolium","Europe","intraD","D","all","all",0.0162140725325505,0,5.8,2,5,1,1,0,8,0.0827772108225854
"10.1098/rspb.2022.1494","2023","Plants","Halimium halimifolium","Europe","intraD","D","all","all",0.0189194448076605,0,5.8,2,5,1,1,0,8,0.0967363411928372
"10.1098/rspb.2022.1494","2023","Plants","Halimium halimifolium","Europe","intraD","D","all","all",0.018460656301523,0,5.8,2,5,1,1,0,8,0.0946219781708021
"10.1098/rspb.2022.1494","2023","Plants","Halimium halimifolium","Europe","intraD","D","all","all",0.0149180334745942,0,5.8,2,5,1,1,0,8,0.074991353150476
"10.1098/rspb.2022.1494","2023","Plants","Halimium halimifolium","Europe","intraD","D","all","all",0.0178655031821588,0,5.8,2,5,1,1,0,8,0.0908558980747298
"10.1098/rspb.2022.1494","2023","Plants","Halimium halimifolium","Europe","intraD","D","all","all",0.0129061207944228,0,5.8,2,5,1,1,0,8,0.0653187940826643
"10.1098/rspb.2022.1494","2023","Plants","Halimium halimifolium","Europe","intraD","D","all","all",0.00586828868123233,0,5.8,2,5,1,1,0,8,0.0304071009650825
"10.1098/rspb.2022.1494","2023","Plants","Halimium halimifolium","Europe","intraD","D","all","all",0.010976873365116,0,5.8,2,5,1,1,0,8,0.0555373324059952
"10.1098/rspb.2022.1494","2023","Plants","Halimium halimifolium","Europe","intraD","D","all","all",0.0168872937121959,0,5.8,2,5,1,1,0,8,0.085995718195077
"10.1098/rspb.2022.1494","2023","Plants","Halimium halimifolium","Europe","intraD","D","all","all",0.0181663519481654,0,5.8,2,5,1,1,0,8,0.092697701321601
"10.1098/rspb.2022.1494","2023","Plants","Halimium halimifolium","Europe","intraD","D","all","all",0.0161361715780063,0,5.8,2,5,1,1,0,8,0.081855389365595
"10.1098/rspb.2022.1494","2023","Plants","Halimium halimifolium","Europe","intraD","D","all","all",0.0178224544929094,0,5.8,2,5,1,1,0,8,0.0912133971605217
"10.1098/rspb.2022.1494","2023","Plants","Halimium halimifolium","Europe","intraD","D","all","all",0.0193035046277308,0,5.8,2,5,1,1,0,8,0.0974141217601102
"10.1098/rspb.2022.1494","2023","Plants","Halimium halimifolium","Europe","intraD","D","all","all",0.0143125438434861,0,5.8,2,5,1,1,0,8,0.0726494789268624
"10.1098/rspb.2022.1494","2023","Plants","Halimium halimifolium","Europe","intraD","D","all","all",0.0155175942489924,0,5.8,2,5,1,1,0,8,0.0793640602440091
"10.1098/rspb.2022.1494","2023","Plants","Halimium halimifolium","Europe","intraD","D","all","all",0.00292249537814905,0,5.8,2,5,1,1,0,8,0.0151884850065781
"10.1098/rspb.2022.1494","2023","Plants","Halimium halimifolium","Europe","intraD","D","all","all",0.0175726029063678,0,5.8,2,5,1,1,0,8,0.0896730766289456
"10.1098/rspb.2022.1494","2023","Plants","Halimium halimifolium","Europe","intraD","D","all","all",0.0110966492810013,0,5.8,2,5,1,1,0,8,0.056659101455064
"10.1098/rspb.2022.1494","2023","Plants","Halimium halimifolium","Europe","intraD","D","all","all",0.0195562102481022,0,5.8,2,5,1,1,0,8,0.099569751196059
"10.1098/rspb.2022.1494","2023","Plants","Halimium halimifolium","Europe","intraD","D","all","all",0.0102934771003036,0,5.8,2,5,1,1,0,8,0.0527189404897297
"10.1098/rspb.2022.1494","2023","Plants","Halimium halimifolium","Europe","intraD","D","all","all",0.018218619470323,0,5.8,2,5,1,1,0,8,0.0925754540083594
"10.1098/rspb.2022.1494","2023","Plants","Halimium halimifolium","Europe","intraD","D","all","all",0.0193119323553721,0,5.8,2,5,1,1,0,8,0.0981413300390727
"10.1098/rspb.2022.1494","2023","Plants","Halimium halimifolium","Europe","intraD","D","all","all",0.0141625509179761,0,5.8,2,5,1,1,0,8,0.0721368415530072
"10.1098/rspb.2022.1494","2023","Plants","Halimium halimifolium","Europe","intraD","D","all","all",0.0187849842537108,0,5.8,2,5,1,1,0,8,0.0958622778096615
"10.1098/rspb.2022.1494","2023","Plants","Halimium halimifolium","Europe","intraD","D","all","all",0.0104463002401442,0,5.8,2,5,1,1,0,8,0.0533028285479082
"10.1098/rspb.2022.1494","2023","Plants","Halimium halimifolium","Europe","intraD","D","all","all",0.0172910345494553,0,5.8,2,5,1,1,0,8,0.0880203375381386
"10.1098/rspb.2022.1494","2023","Plants","Halimium halimifolium","Europe","intraD","D","all","all",0.0198505715908729,0,5.8,2,5,1,1,0,8,0.101491616802674
"10.1098/rspb.2022.1494","2023","Plants","Halimium halimifolium","Europe","intraD","D","all","all",0.01611116339299,0,5.8,2,5,1,1,0,8,0.0820581812272189
"10.1098/rspb.2022.1494","2023","Plants","Halimium halimifolium","Europe","intraD","D","all","all",0.0183028489824641,0,5.8,2,5,1,1,0,8,0.0927993301352167
"10.1098/rspb.2022.1494","2023","Plants","Halimium halimifolium","Europe","intraD","D","all","all",0.0138031002288795,0,5.8,2,5,1,1,0,8,0.0701521426818836
"10.1098/rspb.2022.1494","2023","Plants","Halimium halimifolium","Europe","intraD","D","all","all",0.0171351436964003,0,5.8,2,5,1,1,0,8,0.0869794026886866
"10.1098/rspb.2022.1494","2023","Plants","Halimium halimifolium","Europe","intraD","D","all","all",0.0160369099749735,0,5.8,2,5,1,1,0,8,0.0808355020773279
"10.1098/rspb.2022.1494","2023","Plants","Halimium halimifolium","Europe","intraD","D","all","all",0.0197788656325568,0,5.8,2,5,1,1,0,8,0.101008951607127
"10.1098/rspb.2022.1494","2023","Plants","Halimium halimifolium","Europe","intraD","D","all","all",0.0180570925631473,0,5.8,2,5,1,1,0,8,0.0912085707803778
"10.1098/rspb.2022.1494","2023","Plants","Halimium halimifolium","Europe","intraD","D","all","all",0.018431903819039,0,5.8,2,5,1,1,0,8,0.0937955787601951
"10.1098/rspb.2022.1494","2023","Plants","Halimium halimifolium","Europe","intraD","D","all","all",0.00854088121228933,0,5.8,2,5,1,1,0,8,0.0432282649396641
"10.1098/rspb.2022.1494","2023","Plants","Halimium halimifolium","Europe","intraD","D","all","all",0.0139312180815116,0,5.8,2,5,1,1,0,8,0.0704929210500492
"10.1098/rspb.2022.1494","2023","Plants","Halimium halimifolium","Europe","intraD","D","all","all",0.0119880805489677,0,5.8,2,5,1,1,0,8,0.0607797417652764
"10.1098/rspb.2022.1494","2023","Plants","Halimium halimifolium","Europe","intraD","D","all","all",0.0137966073054166,0,5.8,2,5,1,1,0,8,0.0697871431022446
"10.1098/rspb.2022.1494","2023","Plants","Halimium halimifolium","Europe","intraD","D","all","all",0.0165195777334807,0,5.8,2,5,1,1,0,8,0.08356383068029
"10.1098/rspb.2022.1494","2023","Plants","Halimium halimifolium","Europe","intraD","D","all","all",0.0158531800668622,0,5.8,2,5,1,1,0,8,0.0802505182478585
"10.1098/rspb.2022.1494","2023","Plants","Halimium halimifolium","Europe","intraD","D","all","all",0.0167203718679998,0,5.8,2,5,1,1,0,8,0.0849445507570537
"10.1098/rspb.2022.1494","2023","Plants","Halimium halimifolium","Europe","intraD","D","all","all",0.0182955870982856,0,5.8,2,5,1,1,0,8,0.0934001362660099
"10.1098/rspb.2022.1494","2023","Plants","Halimium halimifolium","Europe","intraD","D","all","all",0.0189576486232176,0,5.8,2,5,1,1,0,8,0.0970364854506712
"10.1098/rspb.2022.1494","2023","Plants","Halimium halimifolium","Europe","intraD","D","all","all",0.0174388487551751,0,5.8,2,5,1,1,0,8,0.0893421543303142
"10.1098/rspb.2022.1494","2023","Plants","Halimium halimifolium","Europe","intraD","D","all","all",0.00877224240594933,0,5.8,2,5,1,1,0,8,0.044772115074976
"10.1098/rspb.2022.1494","2023","Plants","Halimium halimifolium","Europe","intraD","D","all","all",0.0138629757841785,0,5.8,2,5,1,1,0,8,0.070320183758444
"10.1098/rspb.2022.1494","2023","Plants","Halimium halimifolium","Europe","intraD","D","all","all",0.0179639577933339,0,5.8,2,5,1,1,0,8,0.0914538212803807
"10.1098/rspb.2022.1494","2023","Plants","Halimium halimifolium","Europe","intraD","D","all","all",0.0209954876688648,1,5.8,2,5,1,1,0,8,0.106712640714316
"10.1098/rspb.2022.1494","2023","Plants","Halimium halimifolium","Europe","intraD","D","all","all",0.0173661044114933,1,5.8,2,5,1,1,0,8,0.0874387271107856
"10.1098/rspb.2022.1494","2023","Plants","Halimium halimifolium","Europe","intraD","D","all","all",0.0201908862305129,1,5.8,2,5,1,1,0,8,0.102429118571941
"10.1098/rspb.2022.1494","2023","Plants","Halimium halimifolium","Europe","intraD","D","all","all",0.0188504633492017,1,5.8,2,5,1,1,0,8,0.0946941534240327
"10.1098/rspb.2022.1494","2023","Plants","Halimium halimifolium","Europe","intraD","D","all","all",0.0225696826491364,1,5.8,2,5,1,1,0,8,0.114635175344145
"10.1098/rspb.2022.1494","2023","Plants","Halimium halimifolium","Europe","intraD","D","all","all",0.0220786395708042,1,5.8,2,5,1,1,0,8,0.11169849243005
"10.1098/rspb.2022.1494","2023","Plants","Halimium halimifolium","Europe","intraD","D","all","all",0.0131125357994661,1,5.8,2,5,1,1,0,8,0.0673405040472413
"10.1098/rspb.2022.1494","2023","Plants","Halimium halimifolium","Europe","intraD","D","all","all",0.0220885706273956,1,5.8,2,5,1,1,0,8,0.111377555105097
"10.1098/rspb.2022.1494","2023","Plants","Halimium halimifolium","Europe","intraD","D","all","all",0.0217160001021163,1,5.8,2,5,1,1,0,8,0.110043282501786
"10.1098/rspb.2022.1494","2023","Plants","Halimium halimifolium","Europe","intraD","D","all","all",0.0246736112463358,1,5.8,2,5,1,1,0,8,0.125831953224006
"10.1098/rspb.2022.1494","2023","Plants","Halimium halimifolium","Europe","intraD","D","all","all",0.0168443413989268,1,5.8,2,5,1,1,0,8,0.0840049155578785
"10.1098/rspb.2022.1494","2023","Plants","Halimium halimifolium","Europe","intraD","D","all","all",0.0235272019266485,1,5.8,2,5,1,1,0,8,0.120183639802946
"10.1098/rspb.2022.1494","2023","Plants","Halimium halimifolium","Europe","intraD","D","all","all",0.021604746368889,1,5.8,2,5,1,1,0,8,0.109122809017806
"10.1098/rspb.2022.1494","2023","Plants","Halimium halimifolium","Europe","intraD","D","all","all",0.0221632561399823,1,5.8,2,5,1,1,0,8,0.111953527508901
"10.1098/rspb.2022.1494","2023","Plants","Halimium halimifolium","Europe","intraD","D","all","all",0.0216642889588518,1,5.8,2,5,1,1,0,8,0.110345905517772
"10.1098/rspb.2022.1494","2023","Plants","Halimium halimifolium","Europe","intraD","D","all","all",0.0175834240941521,1,5.8,2,5,1,1,0,8,0.0883610311759259
"10.1098/rspb.2022.1494","2023","Plants","Halimium halimifolium","Europe","intraD","D","all","all",0.0228101523204599,1,5.8,2,5,1,1,0,8,0.115302150879542
"10.1098/rspb.2022.1494","2023","Plants","Halimium halimifolium","Europe","intraD","D","all","all",0.0199074754171815,1,5.8,2,5,1,1,0,8,0.10015499423817
"10.1098/rspb.2022.1494","2023","Plants","Halimium halimifolium","Europe","intraD","D","all","all",0.0188403952098329,1,5.8,2,5,1,1,0,8,0.0956506744035517
"10.1098/rspb.2022.1494","2023","Plants","Halimium halimifolium","Europe","intraD","D","all","all",0.0210180067677665,1,5.8,2,5,1,1,0,8,0.106890424575963
"10.1098/rspb.2022.1494","2023","Plants","Halimium halimifolium","Europe","intraD","D","all","all",0.0127189600729781,1,5.8,2,5,1,1,0,8,0.0643285771779162
"10.1098/rspb.2022.1494","2023","Plants","Halimium halimifolium","Europe","intraD","D","all","all",0.0205842006911913,1,5.8,2,5,1,1,0,8,0.103841796763158
"10.1098/rspb.2022.1494","2023","Plants","Halimium halimifolium","Europe","intraD","D","all","all",0.0230314514782377,1,5.8,2,5,1,1,0,8,0.116356811320587
"10.1098/rspb.2022.1494","2023","Plants","Halimium halimifolium","Europe","intraD","D","all","all",0.0221082612509974,1,5.8,2,5,1,1,0,8,0.112187336790521
"10.1098/rspb.2022.1494","2023","Plants","Halimium halimifolium","Europe","intraD","D","all","all",0.022397225457937,1,5.8,2,5,1,1,0,8,0.113881791418703
"10.1098/rspb.2022.1494","2023","Plants","Halimium halimifolium","Europe","intraD","D","all","all",0.0131097306976424,1,5.8,2,5,1,1,0,8,0.0663738509382075
"10.1098/rspb.2022.1494","2023","Plants","Halimium halimifolium","Europe","intraD","D","all","all",0.0214386808287237,1,5.8,2,5,1,1,0,8,0.107867043866684
"10.1098/rspb.2022.1494","2023","Plants","Halimium halimifolium","Europe","intraD","D","all","all",0.0237781984167201,1,5.8,2,5,1,1,0,8,0.119869188535436
"10.1098/rspb.2022.1494","2023","Plants","Halimium halimifolium","Europe","intraD","D","all","all",0.0167183170834175,1,5.8,2,5,1,1,0,8,0.0838991188933965
"10.1098/rspb.2022.1494","2023","Plants","Halimium halimifolium","Europe","intraD","D","all","all",0.0195055126911479,1,5.8,2,5,1,1,0,8,0.0982320226659859
"10.1098/rspb.2022.1494","2023","Plants","Halimium halimifolium","Europe","intraD","D","all","all",0.0174260750561591,1,5.8,2,5,1,1,0,8,0.0884817700531452
"10.1098/rspb.2022.1494","2023","Plants","Halimium halimifolium","Europe","intraD","D","all","all",0.0191679658056328,1,5.8,2,5,1,1,0,8,0.0961510002623639
"10.1098/rspb.2022.1494","2023","Plants","Halimium halimifolium","Europe","intraD","D","all","all",0.0225148521483094,1,5.8,2,5,1,1,0,8,0.114034994661056
"10.1098/rspb.2022.1494","2023","Plants","Halimium halimifolium","Europe","intraD","D","all","all",0.0162329788263136,1,5.8,2,5,1,1,0,8,0.0819520797774603
"10.1098/rspb.2022.1494","2023","Plants","Halimium halimifolium","Europe","intraD","D","all","all",0.021238157464602,1,5.8,2,5,1,1,0,8,0.107006742834016
"10.1098/rspb.2022.1494","2023","Plants","Halimium halimifolium","Europe","intraD","D","all","all",0.0200956499532683,1,5.8,2,5,1,1,0,8,0.10058349541674
"10.1098/rspb.2022.1494","2023","Plants","Halimium halimifolium","Europe","intraD","D","all","all",0.0234910557081157,1,5.8,2,5,1,1,0,8,0.119422913461661
"10.1098/rspb.2022.1494","2023","Plants","Halimium halimifolium","Europe","intraD","D","all","all",0.0169574660626872,1,5.8,2,5,1,1,0,8,0.0844831996096487
"10.1098/rspb.2022.1494","2023","Plants","Halimium halimifolium","Europe","intraD","D","all","all",0.0107428403756728,1,5.8,2,5,1,1,0,8,0.0548584739178134
"10.1098/rspb.2022.1494","2023","Plants","Halimium halimifolium","Europe","intraD","D","all","all",0.0251211213658015,1,5.8,2,5,1,1,0,8,0.128404430569297
"10.1098/rspb.2022.1494","2023","Plants","Halimium halimifolium","Europe","intraD","D","all","all",0.0163882787555442,1,5.8,2,5,1,1,0,8,0.083485468533604
"10.1098/rspb.2022.1494","2023","Plants","Halimium halimifolium","Europe","intraD","D","all","all",0.0198370795811918,1,5.8,2,5,1,1,0,8,0.0998817028491329
"10.1098/rspb.2022.1494","2023","Plants","Halimium halimifolium","Europe","intraD","D","all","all",0.0230602984305997,1,5.8,2,5,1,1,0,8,0.116857110166443
"10.1098/rspb.2022.1494","2023","Plants","Halimium halimifolium","Europe","intraD","D","all","all",0.0189477394926699,1,5.8,2,5,1,1,0,8,0.0965174387627903
"10.1098/rspb.2022.1494","2023","Plants","Halimium halimifolium","Europe","intraD","D","all","all",0.018332772309329,1,5.8,2,5,1,1,0,8,0.0931503042467042
"10.1098/rspb.2022.1494","2023","Plants","Halimium halimifolium","Europe","intraD","D","all","all",0.0207911128185951,1,5.8,2,5,1,1,0,8,0.104866233851585
"10.1098/rspb.2022.1494","2023","Plants","Halimium halimifolium","Europe","intraD","D","all","all",0.0197540316063015,1,5.8,2,5,1,1,0,8,0.0997786773095354
"10.1098/rspb.2022.1494","2023","Plants","Halimium halimifolium","Europe","intraD","D","all","all",0.0211445823710703,1,5.8,2,5,1,1,0,8,0.107493500473041
"10.1098/rspb.2022.1494","2023","Plants","Halimium halimifolium","Europe","intraD","D","all","all",0.0198428548906073,1,5.8,2,5,1,1,0,8,0.100050788577282
"10.1098/rspb.2022.1494","2023","Plants","Halimium halimifolium","Europe","intraD","D","all","all",0.0140326720960508,1,5.8,2,5,1,1,0,8,0.0706743959732832
"10.1098/rspb.2022.1494","2023","Plants","Halimium halimifolium","Europe","intraD","D","all","all",0.0175722385200172,1,5.8,2,5,1,1,0,8,0.0881742574720837
"10.1098/rspb.2022.1494","2023","Plants","Halimium halimifolium","Europe","intraD","D","all","all",0.022427221840954,1,5.8,2,5,1,1,0,8,0.114237842102142
"10.1098/rspb.2022.1494","2023","Plants","Halimium halimifolium","Europe","intraD","D","all","all",0.0220666683046896,1,5.8,2,5,1,1,0,8,0.112168510424735
"10.1098/rspb.2022.1494","2023","Plants","Halimium halimifolium","Europe","intraD","D","all","all",0.0221380011255326,1,5.8,2,5,1,1,0,8,0.112620382362652
"10.1098/rspb.2022.1494","2023","Plants","Halimium halimifolium","Europe","intraD","D","all","all",0.0240880222922392,1,5.8,2,5,1,1,0,8,0.122855944790722
"10.1098/rspb.2022.1494","2023","Plants","Halimium halimifolium","Europe","intraD","D","all","all",0.020482217773764,1,5.8,2,5,1,1,0,8,0.102553744946331
"10.1098/rspb.2022.1494","2023","Plants","Halimium halimifolium","Europe","intraD","D","all","all",0.02125084301076,1,5.8,2,5,1,1,0,8,0.107420475798687
"10.1098/rspb.2022.1494","2023","Plants","Halimium halimifolium","Europe","intraD","D","all","all",0.0192193141580825,1,5.8,2,5,1,1,0,8,0.0968256149847269
"10.1098/rspb.2022.1494","2023","Plants","Halimium halimifolium","Europe","intraD","D","all","all",0.00942817564212064,1,5.8,2,5,1,1,0,8,0.0484729403790189
"10.1098/rspb.2022.1494","2023","Plants","Halimium halimifolium","Europe","intraD","D","all","all",0.0148015121795835,1,5.8,2,5,1,1,0,8,0.0744228974394599
"10.1098/rspb.2022.1494","2023","Plants","Halimium halimifolium","Europe","intraD","D","all","all",0.0207957270872229,1,5.8,2,5,1,1,0,8,0.105271688757895
"10.1098/rspb.2022.1494","2023","Plants","Halimium halimifolium","Europe","intraD","D","all","all",0.0211565354026653,1,5.8,2,5,1,1,0,8,0.107350085048562
"10.1098/rspb.2022.1494","2023","Plants","Halimium halimifolium","Europe","intraD","D","all","all",0.0207186108925179,1,5.8,2,5,1,1,0,8,0.104582413205494
"10.1098/rspb.2022.1494","2023","Plants","Halimium halimifolium","Europe","intraD","D","all","all",0.0225151037655756,1,5.8,2,5,1,1,0,8,0.114792078971495
"10.1098/rspb.2022.1494","2023","Plants","Halimium halimifolium","Europe","intraD","D","all","all",0.0195695953838197,1,5.8,2,5,1,1,0,8,0.0980696372334971
"10.1098/rspb.2022.1494","2023","Plants","Halimium halimifolium","Europe","intraD","D","all","all",0.0195572701220168,1,5.8,2,5,1,1,0,8,0.0987749945257486
"10.1098/rspb.2022.1494","2023","Plants","Halimium halimifolium","Europe","intraD","D","all","all",0.0219879478823327,1,5.8,2,5,1,1,0,8,0.112028055734733
"10.1098/rspb.2022.1494","2023","Plants","Halimium halimifolium","Europe","intraD","D","all","all",0.00589691620553027,1,5.8,2,5,1,1,0,8,0.0304054807019166
"10.1098/rspb.2022.1494","2023","Plants","Halimium halimifolium","Europe","intraD","D","all","all",0.0233956224414506,1,5.8,2,5,1,1,0,8,0.118843971910198
"10.1098/rspb.2022.1494","2023","Plants","Halimium halimifolium","Europe","intraD","D","all","all",0.0169002808356777,1,5.8,2,5,1,1,0,8,0.0858176333088524
"10.1098/rspb.2022.1494","2023","Plants","Halimium halimifolium","Europe","intraD","D","all","all",0.0257172950632283,1,5.8,2,5,1,1,0,8,0.130515539914434
"10.1098/rspb.2022.1494","2023","Plants","Halimium halimifolium","Europe","intraD","D","all","all",0.0149880042288631,1,5.8,2,5,1,1,0,8,0.0762600816532805
"10.1098/rspb.2022.1494","2023","Plants","Halimium halimifolium","Europe","intraD","D","all","all",0.022391735604928,1,5.8,2,5,1,1,0,8,0.113314829996239
"10.1098/rspb.2022.1494","2023","Plants","Halimium halimifolium","Europe","intraD","D","all","all",0.02337153336235,1,5.8,2,5,1,1,0,8,0.118163697396686
"10.1098/rspb.2022.1494","2023","Plants","Halimium halimifolium","Europe","intraD","D","all","all",0.0181033955993481,1,5.8,2,5,1,1,0,8,0.0916583335357028
"10.1098/rspb.2022.1494","2023","Plants","Halimium halimifolium","Europe","intraD","D","all","all",0.0213989158207696,1,5.8,2,5,1,1,0,8,0.108394729987865
"10.1098/rspb.2022.1494","2023","Plants","Halimium halimifolium","Europe","intraD","D","all","all",0.0158518786814201,1,5.8,2,5,1,1,0,8,0.0804525639405842
"10.1098/rspb.2022.1494","2023","Plants","Halimium halimifolium","Europe","intraD","D","all","all",0.0214050367443271,1,5.8,2,5,1,1,0,8,0.10841278270573
"10.1098/rspb.2022.1494","2023","Plants","Halimium halimifolium","Europe","intraD","D","all","all",0.0234716031581466,1,5.8,2,5,1,1,0,8,0.119308913171456
"10.1098/rspb.2022.1494","2023","Plants","Halimium halimifolium","Europe","intraD","D","all","all",0.0216530862467957,1,5.8,2,5,1,1,0,8,0.109830182453739
"10.1098/rspb.2022.1494","2023","Plants","Halimium halimifolium","Europe","intraD","D","all","all",0.0209870535516805,1,5.8,2,5,1,1,0,8,0.105812622749684
"10.1098/rspb.2022.1494","2023","Plants","Halimium halimifolium","Europe","intraD","D","all","all",0.0184720315279346,1,5.8,2,5,1,1,0,8,0.0934056742904201
"10.1098/rspb.2022.1494","2023","Plants","Halimium halimifolium","Europe","intraD","D","all","all",0.0251835351325499,1,5.8,2,5,1,1,0,8,0.127758490079532
"10.1098/rspb.2022.1494","2023","Plants","Halimium halimifolium","Europe","intraD","D","all","all",0.0202157628221666,1,5.8,2,5,1,1,0,8,0.101369103051612
"10.1098/rspb.2022.1494","2023","Plants","Halimium halimifolium","Europe","intraD","D","all","all",0.0229781718583328,1,5.8,2,5,1,1,0,8,0.116634638981161
"10.1098/rspb.2022.1494","2023","Plants","Halimium halimifolium","Europe","intraD","D","all","all",0.0231905318019322,1,5.8,2,5,1,1,0,8,0.116704845337771
"10.1098/rspb.2022.1494","2023","Plants","Halimium halimifolium","Europe","intraD","D","all","all",0.0229105141941524,1,5.8,2,5,1,1,0,8,0.116103498922902
"10.1098/rspb.2022.1494","2023","Plants","Halimium halimifolium","Europe","intraD","D","all","all",0.0174821687687496,1,5.8,2,5,1,1,0,8,0.0882815207919641
"10.1098/rspb.2022.1494","2023","Plants","Halimium halimifolium","Europe","intraD","D","all","all",0.0180722490835913,1,5.8,2,5,1,1,0,8,0.0909342770520337
"10.1098/rspb.2022.1494","2023","Plants","Halimium halimifolium","Europe","intraD","D","all","all",0.0161059771433002,1,5.8,2,5,1,1,0,8,0.0811610399728821
"10.1098/rspb.2022.1494","2023","Plants","Halimium halimifolium","Europe","intraD","D","all","all",0.0180225958295844,1,5.8,2,5,1,1,0,8,0.0906513146059598
"10.1098/rspb.2022.1494","2023","Plants","Halimium halimifolium","Europe","intraD","D","all","all",0.0222977491726857,1,5.8,2,5,1,1,0,8,0.112318829810325
"10.1098/rspb.2022.1494","2023","Plants","Halimium halimifolium","Europe","intraD","D","all","all",0.0192106852118818,1,5.8,2,5,1,1,0,8,0.0966086623466163
"10.1098/rspb.2022.1494","2023","Plants","Halimium halimifolium","Europe","intraD","D","all","all",0.0203199229293535,1,5.8,2,5,1,1,0,8,0.10262802461341
"10.1098/rspb.2022.1494","2023","Plants","Halimium halimifolium","Europe","intraD","D","all","all",0.0219522189824921,1,5.8,2,5,1,1,0,8,0.111547176780257
"10.1098/rspb.2022.1494","2023","Plants","Halimium halimifolium","Europe","intraD","D","all","all",0.0224369789022938,1,5.8,2,5,1,1,0,8,0.11422434946238
"10.1098/rspb.2022.1494","2023","Plants","Halimium halimifolium","Europe","intraD","D","all","all",0.0209948074396798,1,5.8,2,5,1,1,0,8,0.106898857209965
"10.1098/rspb.2022.1494","2023","Plants","Halimium halimifolium","Europe","intraD","D","all","all",0.00996519624254831,1,5.8,2,5,1,1,0,8,0.0504740479497564
"10.1098/rspb.2022.1494","2023","Plants","Halimium halimifolium","Europe","intraD","D","all","all",0.0169970744608378,1,5.8,2,5,1,1,0,8,0.0857152851855329
"10.1098/rspb.2022.1494","2023","Plants","Halimium halimifolium","Europe","intraD","D","all","all",0.0221623149179379,1,5.8,2,5,1,1,0,8,0.112189194157405
"10.1098/rspb.2022.1494","2023","Plants","Halimium halimifolium","Europe","interD","B","all","all",0.0385173607292604,0,5.8,2,5,1,1,0,8,0.354976898299723
"10.1098/rspb.2022.1494","2023","Plants","Halimium halimifolium","Europe","interD","B","all","all",0.0381363378226099,0,5.8,2,5,1,1,0,8,0.348111911004838
"10.1098/rspb.2022.1494","2023","Plants","Halimium halimifolium","Europe","interD","B","all","all",0.0415765810388751,0,5.8,2,5,1,1,0,8,0.391781240123109
"10.1098/rspb.2022.1494","2023","Plants","Halimium halimifolium","Europe","interD","B","all","all",0.0399414155669617,0,5.8,2,5,1,1,0,8,0.370848377034688
"10.1098/rspb.2022.1494","2023","Plants","Halimium halimifolium","Europe","interD","B","all","all",0.0400231686695378,0,5.8,2,5,1,1,0,8,0.371395528383448
"10.1098/rspb.2022.1494","2023","Plants","Halimium halimifolium","Europe","interD","B","all","all",0.0423031814897098,0,5.8,2,5,1,1,0,8,0.400508014260681
"10.1098/rspb.2022.1494","2023","Plants","Halimium halimifolium","Europe","interD","B","all","all",0.0401496049354241,0,5.8,2,5,1,1,0,8,0.37415361401353
"10.1098/rspb.2022.1494","2023","Plants","Halimium halimifolium","Europe","interD","B","all","all",0.0393140505805927,0,5.8,2,5,1,1,0,8,0.363482144941931
"10.1098/rspb.2022.1494","2023","Plants","Halimium halimifolium","Europe","interD","B","all","all",0.0346867385146405,0,5.8,2,5,1,1,0,8,0.309033418727583
"10.1098/rspb.2022.1494","2023","Plants","Halimium halimifolium","Europe","interD","B","all","all",0.0392392100345474,0,5.8,2,5,1,1,0,8,0.361140563276683
"10.1098/rspb.2022.1494","2023","Plants","Halimium halimifolium","Europe","interD","B","all","all",0.0370120527312542,0,5.8,2,5,1,1,0,8,0.334499375893059
"10.1098/rspb.2022.1494","2023","Plants","Halimium halimifolium","Europe","interD","B","all","all",0.0380773884730044,0,5.8,2,5,1,1,0,8,0.348187830676713
"10.1098/rspb.2022.1494","2023","Plants","Halimium halimifolium","Europe","interD","B","all","all",0.0400910967235181,0,5.8,2,5,1,1,0,8,0.37206928025164
"10.1098/rspb.2022.1494","2023","Plants","Halimium halimifolium","Europe","interD","B","all","all",0.0380113311235584,0,5.8,2,5,1,1,0,8,0.347371694683348
"10.1098/rspb.2022.1494","2023","Plants","Halimium halimifolium","Europe","interD","B","all","all",0.0411378412812458,0,5.8,2,5,1,1,0,8,0.384684834461086
"10.1098/rspb.2022.1494","2023","Plants","Halimium halimifolium","Europe","interD","B","all","all",0.0391520656431185,0,5.8,2,5,1,1,0,8,0.361388643347323
"10.1098/rspb.2022.1494","2023","Plants","Halimium halimifolium","Europe","interD","B","all","all",0.0341761144830835,0,5.8,2,5,1,1,0,8,0.302472941530206
"10.1098/rspb.2022.1494","2023","Plants","Halimium halimifolium","Europe","interD","B","all","all",0.039841997430277,0,5.8,2,5,1,1,0,8,0.369275349165893
"10.1098/rspb.2022.1494","2023","Plants","Halimium halimifolium","Europe","interD","B","all","all",0.0409889053743978,0,5.8,2,5,1,1,0,8,0.383860529696348
"10.1098/rspb.2022.1494","2023","Plants","Halimium halimifolium","Europe","interD","B","all","all",0.0390819593490047,0,5.8,2,5,1,1,0,8,0.359299422387868
"10.1098/rspb.2022.1494","2023","Plants","Halimium halimifolium","Europe","interD","B","all","all",0.0424345833271621,0,5.8,2,5,1,1,0,8,0.400936499273819
"10.1098/rspb.2022.1494","2023","Plants","Halimium halimifolium","Europe","interD","B","all","all",0.0384897453313703,0,5.8,2,5,1,1,0,8,0.353295985668971
"10.1098/rspb.2022.1494","2023","Plants","Halimium halimifolium","Europe","interD","B","all","all",0.0392632313118103,0,5.8,2,5,1,1,0,8,0.362828651710429
"10.1098/rspb.2022.1494","2023","Plants","Halimium halimifolium","Europe","interD","B","all","all",0.034882790532321,0,5.8,2,5,1,1,0,8,0.310886930015245
"10.1098/rspb.2022.1494","2023","Plants","Halimium halimifolium","Europe","interD","B","all","all",0.040722628393787,0,5.8,2,5,1,1,0,8,0.377548154299478
"10.1098/rspb.2022.1494","2023","Plants","Halimium halimifolium","Europe","interD","B","all","all",0.0415855263196923,0,5.8,2,5,1,1,0,8,0.392136952166155
"10.1098/rspb.2022.1494","2023","Plants","Halimium halimifolium","Europe","interD","B","all","all",0.0376624737989265,0,5.8,2,5,1,1,0,8,0.343243726893604
"10.1098/rspb.2022.1494","2023","Plants","Halimium halimifolium","Europe","interD","B","all","all",0.0391634967591121,0,5.8,2,5,1,1,0,8,0.361216815338421
"10.1098/rspb.2022.1494","2023","Plants","Halimium halimifolium","Europe","interD","B","all","all",0.0392361294930691,0,5.8,2,5,1,1,0,8,0.360704264667926
"10.1098/rspb.2022.1494","2023","Plants","Halimium halimifolium","Europe","interD","B","all","all",0.0396439107913094,0,5.8,2,5,1,1,0,8,0.367259057126603
"10.1098/rspb.2022.1494","2023","Plants","Halimium halimifolium","Europe","interD","B","all","all",0.041905723022123,0,5.8,2,5,1,1,0,8,0.397219110599667
"10.1098/rspb.2022.1494","2023","Plants","Halimium halimifolium","Europe","interD","B","all","all",0.0361532960888866,0,5.8,2,5,1,1,0,8,0.324779252257061
"10.1098/rspb.2022.1494","2023","Plants","Halimium halimifolium","Europe","interD","B","all","all",0.0354333536952043,0,5.8,2,5,1,1,0,8,0.316310160881033
"10.1098/rspb.2022.1494","2023","Plants","Halimium halimifolium","Europe","interD","B","all","all",0.0393184894498912,0,5.8,2,5,1,1,0,8,0.363032718752739
"10.1098/rspb.2022.1494","2023","Plants","Halimium halimifolium","Europe","interD","B","all","all",0.0388209410415309,0,5.8,2,5,1,1,0,8,0.357448173497126
"10.1098/rspb.2022.1494","2023","Plants","Halimium halimifolium","Europe","interD","B","all","all",0.038019994363944,0,5.8,2,5,1,1,0,8,0.347572773828783
"10.1098/rspb.2022.1494","2023","Plants","Halimium halimifolium","Europe","interD","B","all","all",0.0392278442097298,0,5.8,2,5,1,1,0,8,0.362019630421078
"10.1098/rspb.2022.1494","2023","Plants","Halimium halimifolium","Europe","interD","B","all","all",0.0382179562456908,0,5.8,2,5,1,1,0,8,0.348588556442345
"10.1098/rspb.2022.1494","2023","Plants","Halimium halimifolium","Europe","interD","B","all","all",0.0438245635260909,0,5.8,2,5,1,1,0,8,0.419284396609856
"10.1098/rspb.2022.1494","2023","Plants","Halimium halimifolium","Europe","interD","B","all","all",0.0392759616336676,0,5.8,2,5,1,1,0,8,0.362848050446959
"10.1098/rspb.2022.1494","2023","Plants","Halimium halimifolium","Europe","interD","B","all","all",0.0439317648589044,0,5.8,2,5,1,1,0,8,0.42057799838618
"10.1098/rspb.2022.1494","2023","Plants","Halimium halimifolium","Europe","interD","B","all","all",0.0372715532927058,0,5.8,2,5,1,1,0,8,0.337730676097933
"10.1098/rspb.2022.1494","2023","Plants","Halimium halimifolium","Europe","interD","B","all","all",0.0392984680378588,0,5.8,2,5,1,1,0,8,0.364808402341208
"10.1098/rspb.2022.1494","2023","Plants","Halimium halimifolium","Europe","interD","B","all","all",0.0419093536835415,0,5.8,2,5,1,1,0,8,0.396844994495616
"10.1098/rspb.2022.1494","2023","Plants","Halimium halimifolium","Europe","interD","B","all","all",0.0461969249105666,0,5.8,2,5,1,1,0,8,0.450926087295705
"10.1098/rspb.2022.1494","2023","Plants","Halimium halimifolium","Europe","interD","B","all","all",0.0407488510639189,0,5.8,2,5,1,1,0,8,0.380749212936014
"10.1098/rspb.2022.1494","2023","Plants","Halimium halimifolium","Europe","interD","B","all","all",0.0365119547257235,0,5.8,2,5,1,1,0,8,0.328184640311969
"10.1098/rspb.2022.1494","2023","Plants","Halimium halimifolium","Europe","interD","B","all","all",0.0414763568278556,0,5.8,2,5,1,1,0,8,0.390109593947076
"10.1098/rspb.2022.1494","2023","Plants","Halimium halimifolium","Europe","interD","B","all","all",0.0375736300730883,0,5.8,2,5,1,1,0,8,0.342739494668697
"10.1098/rspb.2022.1494","2023","Plants","Halimium halimifolium","Europe","interD","B","all","all",0.0410801943342035,0,5.8,2,5,1,1,0,8,0.38583519538187
"10.1098/rspb.2022.1494","2023","Plants","Halimium halimifolium","Europe","interD","B","all","all",0.038293903744737,0,5.8,2,5,1,1,0,8,0.350363049719022
"10.1098/rspb.2022.1494","2023","Plants","Halimium halimifolium","Europe","interD","B","all","all",0.0418168545845552,0,5.8,2,5,1,1,0,8,0.394502270316735
"10.1098/rspb.2022.1494","2023","Plants","Halimium halimifolium","Europe","interD","B","all","all",0.0354897571116949,0,5.8,2,5,1,1,0,8,0.317591163139102
"10.1098/rspb.2022.1494","2023","Plants","Halimium halimifolium","Europe","interD","B","all","all",0.0415826854007379,0,5.8,2,5,1,1,0,8,0.393191429792409
"10.1098/rspb.2022.1494","2023","Plants","Halimium halimifolium","Europe","interD","B","all","all",0.0408359228082294,0,5.8,2,5,1,1,0,8,0.380473286111456
"10.1098/rspb.2022.1494","2023","Plants","Halimium halimifolium","Europe","interD","B","all","all",0.0411816352527702,0,5.8,2,5,1,1,0,8,0.385358757178983
"10.1098/rspb.2022.1494","2023","Plants","Halimium halimifolium","Europe","interD","B","all","all",0.036925178792348,0,5.8,2,5,1,1,0,8,0.333795138594622
"10.1098/rspb.2022.1494","2023","Plants","Halimium halimifolium","Europe","interD","B","all","all",0.0388680724616914,0,5.8,2,5,1,1,0,8,0.356831603417859
"10.1098/rspb.2022.1494","2023","Plants","Halimium halimifolium","Europe","interD","B","all","all",0.0433772037231832,0,5.8,2,5,1,1,0,8,0.414437862081874
"10.1098/rspb.2022.1494","2023","Plants","Halimium halimifolium","Europe","interD","B","all","all",0.041481518840374,0,5.8,2,5,1,1,0,8,0.389363207791684
"10.1098/rspb.2022.1494","2023","Plants","Halimium halimifolium","Europe","interD","B","all","all",0.0365309312148966,0,5.8,2,5,1,1,0,8,0.329138850854899
"10.1098/rspb.2022.1494","2023","Plants","Halimium halimifolium","Europe","interD","B","all","all",0.0370512561846932,0,5.8,2,5,1,1,0,8,0.336843427877601
"10.1098/rspb.2022.1494","2023","Plants","Halimium halimifolium","Europe","interD","B","all","all",0.0360971253078799,0,5.8,2,5,1,1,0,8,0.32469281518363
"10.1098/rspb.2022.1494","2023","Plants","Halimium halimifolium","Europe","interD","B","all","all",0.0369976186236639,0,5.8,2,5,1,1,0,8,0.338065619942875
"10.1098/rspb.2022.1494","2023","Plants","Halimium halimifolium","Europe","interD","B","all","all",0.0365108178395609,0,5.8,2,5,1,1,0,8,0.329656768175296
"10.1098/rspb.2022.1494","2023","Plants","Halimium halimifolium","Europe","interD","B","all","all",0.0377226564164061,0,5.8,2,5,1,1,0,8,0.343576256772385
"10.1098/rspb.2022.1494","2023","Plants","Halimium halimifolium","Europe","interD","B","all","all",0.0400667455729897,0,5.8,2,5,1,1,0,8,0.37261398038699
"10.1098/rspb.2022.1494","2023","Plants","Halimium halimifolium","Europe","interD","B","all","all",0.0420943072346755,0,5.8,2,5,1,1,0,8,0.397599181858679
"10.1098/rspb.2022.1494","2023","Plants","Halimium halimifolium","Europe","interD","B","all","all",0.0375363584800994,0,5.8,2,5,1,1,0,8,0.340708302391758
"10.1098/rspb.2022.1494","2023","Plants","Halimium halimifolium","Europe","interD","B","all","all",0.0419896067296971,0,5.8,2,5,1,1,0,8,0.395797813622504
"10.1098/rspb.2022.1494","2023","Plants","Halimium halimifolium","Europe","interD","B","all","all",0.0361223229204316,0,5.8,2,5,1,1,0,8,0.324526818832404
"10.1098/rspb.2022.1494","2023","Plants","Halimium halimifolium","Europe","interD","B","all","all",0.0435388385001,0,5.8,2,5,1,1,0,8,0.415388315904909
"10.1098/rspb.2022.1494","2023","Plants","Halimium halimifolium","Europe","interD","B","all","all",0.0393387939518878,0,5.8,2,5,1,1,0,8,0.365357076358286
"10.1098/rspb.2022.1494","2023","Plants","Halimium halimifolium","Europe","interD","B","all","all",0.0380888194398479,0,5.8,2,5,1,1,0,8,0.347670124943235
"10.1098/rspb.2022.1494","2023","Plants","Halimium halimifolium","Europe","interD","B","all","all",0.0408908210844069,0,5.8,2,5,1,1,0,8,0.382266809781961
"10.1098/rspb.2022.1494","2023","Plants","Halimium halimifolium","Europe","interD","B","all","all",0.0367066095276582,0,5.8,2,5,1,1,0,8,0.330299782671764
"10.1098/rspb.2022.1494","2023","Plants","Halimium halimifolium","Europe","interD","B","all","all",0.0461861467793532,0,5.8,2,5,1,1,0,8,0.450730530137579
"10.1098/rspb.2022.1494","2023","Plants","Halimium halimifolium","Europe","interD","B","all","all",0.0382467745353285,0,5.8,2,5,1,1,0,8,0.350551266882889
"10.1098/rspb.2022.1494","2023","Plants","Halimium halimifolium","Europe","interD","B","all","all",0.0360552362139166,0,5.8,2,5,1,1,0,8,0.323646830573713
"10.1098/rspb.2022.1494","2023","Plants","Halimium halimifolium","Europe","interD","B","all","all",0.0423462543565163,0,5.8,2,5,1,1,0,8,0.401096850487778
"10.1098/rspb.2022.1494","2023","Plants","Halimium halimifolium","Europe","interD","B","all","all",0.0335794554033752,0,5.8,2,5,1,1,0,8,0.296351507657529
"10.1098/rspb.2022.1494","2023","Plants","Halimium halimifolium","Europe","interD","B","all","all",0.0385439403556744,0,5.8,2,5,1,1,0,8,0.354350004598644
"10.1098/rspb.2022.1494","2023","Plants","Halimium halimifolium","Europe","interD","B","all","all",0.0387065073631023,0,5.8,2,5,1,1,0,8,0.357991228027004
"10.1098/rspb.2022.1494","2023","Plants","Halimium halimifolium","Europe","interD","B","all","all",0.0391790545360461,0,5.8,2,5,1,1,0,8,0.360640326076391
"10.1098/rspb.2022.1494","2023","Plants","Halimium halimifolium","Europe","interD","B","all","all",0.0353499322494001,0,5.8,2,5,1,1,0,8,0.315472454777009
"10.1098/rspb.2022.1494","2023","Plants","Halimium halimifolium","Europe","interD","B","all","all",0.0414672952797974,0,5.8,2,5,1,1,0,8,0.389551373943004
"10.1098/rspb.2022.1494","2023","Plants","Halimium halimifolium","Europe","interD","B","all","all",0.0373911657054897,0,5.8,2,5,1,1,0,8,0.341183050810555
"10.1098/rspb.2022.1494","2023","Plants","Halimium halimifolium","Europe","interD","B","all","all",0.0384792102495949,0,5.8,2,5,1,1,0,8,0.354605202352481
"10.1098/rspb.2022.1494","2023","Plants","Halimium halimifolium","Europe","interD","B","all","all",0.0413613171663309,0,5.8,2,5,1,1,0,8,0.387841664762809
"10.1098/rspb.2022.1494","2023","Plants","Halimium halimifolium","Europe","interD","B","all","all",0.04132246456753,0,5.8,2,5,1,1,0,8,0.38730091936252
"10.1098/rspb.2022.1494","2023","Plants","Halimium halimifolium","Europe","interD","B","all","all",0.0367515557819055,0,5.8,2,5,1,1,0,8,0.332097788715888
"10.1098/rspb.2022.1494","2023","Plants","Halimium halimifolium","Europe","interD","B","all","all",0.0368239045304769,0,5.8,2,5,1,1,0,8,0.332335495884331
"10.1098/rspb.2022.1494","2023","Plants","Halimium halimifolium","Europe","interD","B","all","all",0.0374014532551638,0,5.8,2,5,1,1,0,8,0.338776770520327
"10.1098/rspb.2022.1494","2023","Plants","Halimium halimifolium","Europe","interD","B","all","all",0.0405958518779067,0,5.8,2,5,1,1,0,8,0.378279695346346
"10.1098/rspb.2022.1494","2023","Plants","Halimium halimifolium","Europe","interD","B","all","all",0.0385601044426278,0,5.8,2,5,1,1,0,8,0.356136289626382
"10.1098/rspb.2022.1494","2023","Plants","Halimium halimifolium","Europe","interD","B","all","all",0.0403173055885848,0,5.8,2,5,1,1,0,8,0.376076996272614
"10.1098/rspb.2022.1494","2023","Plants","Halimium halimifolium","Europe","interD","B","all","all",0.0397571091539745,0,5.8,2,5,1,1,0,8,0.368180182405418
"10.1098/rspb.2022.1494","2023","Plants","Halimium halimifolium","Europe","interD","B","all","all",0.0421764486080193,0,5.8,2,5,1,1,0,8,0.398935042119419
"10.1098/rspb.2022.1494","2023","Plants","Halimium halimifolium","Europe","interD","B","all","all",0.0391865077148368,0,5.8,2,5,1,1,0,8,0.36234429328459
"10.1098/rspb.2022.1494","2023","Plants","Halimium halimifolium","Europe","interD","B","all","all",0.0359027693028256,0,5.8,2,5,1,1,0,8,0.321556079825423
"10.1098/rspb.2022.1494","2023","Plants","Halimium halimifolium","Europe","interD","B","all","all",0.0394509418984858,1,5.8,2,5,1,1,0,8,0.365936692749516
"10.1098/rspb.2022.1494","2023","Plants","Halimium halimifolium","Europe","interD","B","all","all",0.0382036953570045,1,5.8,2,5,1,1,0,8,0.349322107793009
"10.1098/rspb.2022.1494","2023","Plants","Halimium halimifolium","Europe","interD","B","all","all",0.0422849921940008,1,5.8,2,5,1,1,0,8,0.400472355127729
"10.1098/rspb.2022.1494","2023","Plants","Halimium halimifolium","Europe","interD","B","all","all",0.040306309206995,1,5.8,2,5,1,1,0,8,0.375451847036321
"10.1098/rspb.2022.1494","2023","Plants","Halimium halimifolium","Europe","interD","B","all","all",0.0425968422912554,1,5.8,2,5,1,1,0,8,0.401384861601038
"10.1098/rspb.2022.1494","2023","Plants","Halimium halimifolium","Europe","interD","B","all","all",0.0439313334125241,1,5.8,2,5,1,1,0,8,0.420329380737864
"10.1098/rspb.2022.1494","2023","Plants","Halimium halimifolium","Europe","interD","B","all","all",0.0385478678944687,1,5.8,2,5,1,1,0,8,0.356433288376895
"10.1098/rspb.2022.1494","2023","Plants","Halimium halimifolium","Europe","interD","B","all","all",0.0415953155751987,1,5.8,2,5,1,1,0,8,0.390004975957026
"10.1098/rspb.2022.1494","2023","Plants","Halimium halimifolium","Europe","interD","B","all","all",0.0373900535815656,1,5.8,2,5,1,1,0,8,0.338211209844692
"10.1098/rspb.2022.1494","2023","Plants","Halimium halimifolium","Europe","interD","B","all","all",0.0433052535975883,1,5.8,2,5,1,1,0,8,0.408017101075759
"10.1098/rspb.2022.1494","2023","Plants","Halimium halimifolium","Europe","interD","B","all","all",0.037439842575729,1,5.8,2,5,1,1,0,8,0.339561531121667
"10.1098/rspb.2022.1494","2023","Plants","Halimium halimifolium","Europe","interD","B","all","all",0.0411240575774416,1,5.8,2,5,1,1,0,8,0.382634927394663
"10.1098/rspb.2022.1494","2023","Plants","Halimium halimifolium","Europe","interD","B","all","all",0.0420908466625133,1,5.8,2,5,1,1,0,8,0.395691147967384
"10.1098/rspb.2022.1494","2023","Plants","Halimium halimifolium","Europe","interD","B","all","all",0.0407973720504306,1,5.8,2,5,1,1,0,8,0.378954140608216
"10.1098/rspb.2022.1494","2023","Plants","Halimium halimifolium","Europe","interD","B","all","all",0.0429887515476385,1,5.8,2,5,1,1,0,8,0.4066498351325
"10.1098/rspb.2022.1494","2023","Plants","Halimium halimifolium","Europe","interD","B","all","all",0.0386096092460778,1,5.8,2,5,1,1,0,8,0.35582841098327
"10.1098/rspb.2022.1494","2023","Plants","Halimium halimifolium","Europe","interD","B","all","all",0.037892122687767,1,5.8,2,5,1,1,0,8,0.342323048328418
"10.1098/rspb.2022.1494","2023","Plants","Halimium halimifolium","Europe","interD","B","all","all",0.040874291958421,1,5.8,2,5,1,1,0,8,0.381502205507823
"10.1098/rspb.2022.1494","2023","Plants","Halimium halimifolium","Europe","interD","B","all","all",0.0420134602014359,1,5.8,2,5,1,1,0,8,0.395960437004219
"10.1098/rspb.2022.1494","2023","Plants","Halimium halimifolium","Europe","interD","B","all","all",0.0410317809064877,1,5.8,2,5,1,1,0,8,0.381706310764689
"10.1098/rspb.2022.1494","2023","Plants","Halimium halimifolium","Europe","interD","B","all","all",0.0406036940486472,1,5.8,2,5,1,1,0,8,0.380115801618788
"10.1098/rspb.2022.1494","2023","Plants","Halimium halimifolium","Europe","interD","B","all","all",0.0395036804354798,1,5.8,2,5,1,1,0,8,0.365276027003612
"10.1098/rspb.2022.1494","2023","Plants","Halimium halimifolium","Europe","interD","B","all","all",0.0424126639694413,1,5.8,2,5,1,1,0,8,0.399184463679724
"10.1098/rspb.2022.1494","2023","Plants","Halimium halimifolium","Europe","interD","B","all","all",0.0377511890570191,1,5.8,2,5,1,1,0,8,0.342101130098157
"10.1098/rspb.2022.1494","2023","Plants","Halimium halimifolium","Europe","interD","B","all","all",0.0442595245082286,1,5.8,2,5,1,1,0,8,0.418925745592686
"10.1098/rspb.2022.1494","2023","Plants","Halimium halimifolium","Europe","interD","B","all","all",0.0391049971142191,1,5.8,2,5,1,1,0,8,0.364145155100208
"10.1098/rspb.2022.1494","2023","Plants","Halimium halimifolium","Europe","interD","B","all","all",0.0402378502771591,1,5.8,2,5,1,1,0,8,0.372226219510947
"10.1098/rspb.2022.1494","2023","Plants","Halimium halimifolium","Europe","interD","B","all","all",0.0432731531807357,1,5.8,2,5,1,1,0,8,0.408834020839216
"10.1098/rspb.2022.1494","2023","Plants","Halimium halimifolium","Europe","interD","B","all","all",0.0397983881223133,1,5.8,2,5,1,1,0,8,0.367270057149198
"10.1098/rspb.2022.1494","2023","Plants","Halimium halimifolium","Europe","interD","B","all","all",0.04063286033113,1,5.8,2,5,1,1,0,8,0.378866119797953
"10.1098/rspb.2022.1494","2023","Plants","Halimium halimifolium","Europe","interD","B","all","all",0.042909708794516,1,5.8,2,5,1,1,0,8,0.409238195159693
"10.1098/rspb.2022.1494","2023","Plants","Halimium halimifolium","Europe","interD","B","all","all",0.0378402202262626,1,5.8,2,5,1,1,0,8,0.343370495165211
"10.1098/rspb.2022.1494","2023","Plants","Halimium halimifolium","Europe","interD","B","all","all",0.0390849634372349,1,5.8,2,5,1,1,0,8,0.35616807341357
"10.1098/rspb.2022.1494","2023","Plants","Halimium halimifolium","Europe","interD","B","all","all",0.0379756335101112,1,5.8,2,5,1,1,0,8,0.348609957854144
"10.1098/rspb.2022.1494","2023","Plants","Halimium halimifolium","Europe","interD","B","all","all",0.0406538541072375,1,5.8,2,5,1,1,0,8,0.378608802926055
"10.1098/rspb.2022.1494","2023","Plants","Halimium halimifolium","Europe","interD","B","all","all",0.0399162089184595,1,5.8,2,5,1,1,0,8,0.369037546813865
"10.1098/rspb.2022.1494","2023","Plants","Halimium halimifolium","Europe","interD","B","all","all",0.0423914811633699,1,5.8,2,5,1,1,0,8,0.39847243439425
"10.1098/rspb.2022.1494","2023","Plants","Halimium halimifolium","Europe","interD","B","all","all",0.0382357293439174,1,5.8,2,5,1,1,0,8,0.349341493083188
"10.1098/rspb.2022.1494","2023","Plants","Halimium halimifolium","Europe","interD","B","all","all",0.0418322825625305,1,5.8,2,5,1,1,0,8,0.396034650806031
"10.1098/rspb.2022.1494","2023","Plants","Halimium halimifolium","Europe","interD","B","all","all",0.0434137285904242,1,5.8,2,5,1,1,0,8,0.410923925300377
"10.1098/rspb.2022.1494","2023","Plants","Halimium halimifolium","Europe","interD","B","all","all",0.0438888084849295,1,5.8,2,5,1,1,0,8,0.420346855971877
"10.1098/rspb.2022.1494","2023","Plants","Halimium halimifolium","Europe","interD","B","all","all",0.0390898181651477,1,5.8,2,5,1,1,0,8,0.358127738704243
"10.1098/rspb.2022.1494","2023","Plants","Halimium halimifolium","Europe","interD","B","all","all",0.0421680396723881,1,5.8,2,5,1,1,0,8,0.398056368646805
"10.1098/rspb.2022.1494","2023","Plants","Halimium halimifolium","Europe","interD","B","all","all",0.0421712337418243,1,5.8,2,5,1,1,0,8,0.400276752156399
"10.1098/rspb.2022.1494","2023","Plants","Halimium halimifolium","Europe","interD","B","all","all",0.0447174635693709,1,5.8,2,5,1,1,0,8,0.433319352496108
"10.1098/rspb.2022.1494","2023","Plants","Halimium halimifolium","Europe","interD","B","all","all",0.0418050526163927,1,5.8,2,5,1,1,0,8,0.393494873477041
"10.1098/rspb.2022.1494","2023","Plants","Halimium halimifolium","Europe","interD","B","all","all",0.0386808857369712,1,5.8,2,5,1,1,0,8,0.352125815509809
"10.1098/rspb.2022.1494","2023","Plants","Halimium halimifolium","Europe","interD","B","all","all",0.0420072794101873,1,5.8,2,5,1,1,0,8,0.396918321360936
"10.1098/rspb.2022.1494","2023","Plants","Halimium halimifolium","Europe","interD","B","all","all",0.0384179211145994,1,5.8,2,5,1,1,0,8,0.352556973376863
"10.1098/rspb.2022.1494","2023","Plants","Halimium halimifolium","Europe","interD","B","all","all",0.037522639883705,1,5.8,2,5,1,1,0,8,0.346190640159734
"10.1098/rspb.2022.1494","2023","Plants","Halimium halimifolium","Europe","interD","B","all","all",0.0382993703304432,1,5.8,2,5,1,1,0,8,0.350898996397809
"10.1098/rspb.2022.1494","2023","Plants","Halimium halimifolium","Europe","interD","B","all","all",0.0437137948368845,1,5.8,2,5,1,1,0,8,0.417279193235949
"10.1098/rspb.2022.1494","2023","Plants","Halimium halimifolium","Europe","interD","B","all","all",0.0382990629539655,1,5.8,2,5,1,1,0,8,0.34815427284136
"10.1098/rspb.2022.1494","2023","Plants","Halimium halimifolium","Europe","interD","B","all","all",0.0419674916149654,1,5.8,2,5,1,1,0,8,0.39834841997458
"10.1098/rspb.2022.1494","2023","Plants","Halimium halimifolium","Europe","interD","B","all","all",0.0443864705705844,1,5.8,2,5,1,1,0,8,0.422298693826644
"10.1098/rspb.2022.1494","2023","Plants","Halimium halimifolium","Europe","interD","B","all","all",0.0432200426485419,1,5.8,2,5,1,1,0,8,0.409423511280524
"10.1098/rspb.2022.1494","2023","Plants","Halimium halimifolium","Europe","interD","B","all","all",0.0395184361152527,1,5.8,2,5,1,1,0,8,0.362698926262269
"10.1098/rspb.2022.1494","2023","Plants","Halimium halimifolium","Europe","interD","B","all","all",0.0403790122479789,1,5.8,2,5,1,1,0,8,0.374009576152552
"10.1098/rspb.2022.1494","2023","Plants","Halimium halimifolium","Europe","interD","B","all","all",0.0403283587200099,1,5.8,2,5,1,1,0,8,0.37913096713817
"10.1098/rspb.2022.1494","2023","Plants","Halimium halimifolium","Europe","interD","B","all","all",0.0404841700502248,1,5.8,2,5,1,1,0,8,0.37826937574424
"10.1098/rspb.2022.1494","2023","Plants","Halimium halimifolium","Europe","interD","B","all","all",0.03884014418746,1,5.8,2,5,1,1,0,8,0.354673877653905
"10.1098/rspb.2022.1494","2023","Plants","Halimium halimifolium","Europe","interD","B","all","all",0.0385626546781734,1,5.8,2,5,1,1,0,8,0.353970999604694
"10.1098/rspb.2022.1494","2023","Plants","Halimium halimifolium","Europe","interD","B","all","all",0.0383214665889945,1,5.8,2,5,1,1,0,8,0.349157867410769
"10.1098/rspb.2022.1494","2023","Plants","Halimium halimifolium","Europe","interD","B","all","all",0.0389948261339864,1,5.8,2,5,1,1,0,8,0.360614426187249
"10.1098/rspb.2022.1494","2023","Plants","Halimium halimifolium","Europe","interD","B","all","all",0.0369935817449154,1,5.8,2,5,1,1,0,8,0.335637894978208
"10.1098/rspb.2022.1494","2023","Plants","Halimium halimifolium","Europe","interD","B","all","all",0.0392216520813806,1,5.8,2,5,1,1,0,8,0.360429588601785
"10.1098/rspb.2022.1494","2023","Plants","Halimium halimifolium","Europe","interD","B","all","all",0.0421976722681405,1,5.8,2,5,1,1,0,8,0.397402441262081
"10.1098/rspb.2022.1494","2023","Plants","Halimium halimifolium","Europe","interD","B","all","all",0.040911067416028,1,5.8,2,5,1,1,0,8,0.383918137697573
"10.1098/rspb.2022.1494","2023","Plants","Halimium halimifolium","Europe","interD","B","all","all",0.0411544546435026,1,5.8,2,5,1,1,0,8,0.381287392303547
"10.1098/rspb.2022.1494","2023","Plants","Halimium halimifolium","Europe","interD","B","all","all",0.0422052297875727,1,5.8,2,5,1,1,0,8,0.398585723466349
"10.1098/rspb.2022.1494","2023","Plants","Halimium halimifolium","Europe","interD","B","all","all",0.0417290227124281,1,5.8,2,5,1,1,0,8,0.386765269575186
"10.1098/rspb.2022.1494","2023","Plants","Halimium halimifolium","Europe","interD","B","all","all",0.04268317092107,1,5.8,2,5,1,1,0,8,0.405587923864013
"10.1098/rspb.2022.1494","2023","Plants","Halimium halimifolium","Europe","interD","B","all","all",0.0411106754011497,1,5.8,2,5,1,1,0,8,0.386101528720434
"10.1098/rspb.2022.1494","2023","Plants","Halimium halimifolium","Europe","interD","B","all","all",0.0421459638291907,1,5.8,2,5,1,1,0,8,0.393850421199969
"10.1098/rspb.2022.1494","2023","Plants","Halimium halimifolium","Europe","interD","B","all","all",0.0409468661181856,1,5.8,2,5,1,1,0,8,0.383314897234984
"10.1098/rspb.2022.1494","2023","Plants","Halimium halimifolium","Europe","interD","B","all","all",0.0399890770836307,1,5.8,2,5,1,1,0,8,0.366675718145251
"10.1098/rspb.2022.1494","2023","Plants","Halimium halimifolium","Europe","interD","B","all","all",0.0455728623859295,1,5.8,2,5,1,1,0,8,0.443496433555147
"10.1098/rspb.2022.1494","2023","Plants","Halimium halimifolium","Europe","interD","B","all","all",0.0401736877919288,1,5.8,2,5,1,1,0,8,0.372544657896389
"10.1098/rspb.2022.1494","2023","Plants","Halimium halimifolium","Europe","interD","B","all","all",0.0401794282610261,1,5.8,2,5,1,1,0,8,0.369189145129173
"10.1098/rspb.2022.1494","2023","Plants","Halimium halimifolium","Europe","interD","B","all","all",0.0440567808631757,1,5.8,2,5,1,1,0,8,0.421771284667855
"10.1098/rspb.2022.1494","2023","Plants","Halimium halimifolium","Europe","interD","B","all","all",0.0358623071075204,1,5.8,2,5,1,1,0,8,0.320724744461862
"10.1098/rspb.2022.1494","2023","Plants","Halimium halimifolium","Europe","interD","B","all","all",0.0391147806192683,1,5.8,2,5,1,1,0,8,0.361054402028648
"10.1098/rspb.2022.1494","2023","Plants","Halimium halimifolium","Europe","interD","B","all","all",0.0432282391823064,1,5.8,2,5,1,1,0,8,0.410209899584033
"10.1098/rspb.2022.1494","2023","Plants","Halimium halimifolium","Europe","interD","B","all","all",0.041094153200988,1,5.8,2,5,1,1,0,8,0.382675394217275
"10.1098/rspb.2022.1494","2023","Plants","Halimium halimifolium","Europe","interD","B","all","all",0.0392416761401266,1,5.8,2,5,1,1,0,8,0.357976457934557
"10.1098/rspb.2022.1494","2023","Plants","Halimium halimifolium","Europe","interD","B","all","all",0.0447434785832744,1,5.8,2,5,1,1,0,8,0.428688590471187
"10.1098/rspb.2022.1494","2023","Plants","Halimium halimifolium","Europe","interD","B","all","all",0.0402316564168405,1,5.8,2,5,1,1,0,8,0.373276495233101
"10.1098/rspb.2022.1494","2023","Plants","Halimium halimifolium","Europe","interD","B","all","all",0.0403413851209074,1,5.8,2,5,1,1,0,8,0.375610615193173
"10.1098/rspb.2022.1494","2023","Plants","Halimium halimifolium","Europe","interD","B","all","all",0.0416186096351697,1,5.8,2,5,1,1,0,8,0.391211964227007
"10.1098/rspb.2022.1494","2023","Plants","Halimium halimifolium","Europe","interD","B","all","all",0.0408814762062655,1,5.8,2,5,1,1,0,8,0.382589831301326
"10.1098/rspb.2022.1494","2023","Plants","Halimium halimifolium","Europe","interD","B","all","all",0.0376619069322608,1,5.8,2,5,1,1,0,8,0.342304308665511
"10.1098/rspb.2022.1494","2023","Plants","Halimium halimifolium","Europe","interD","B","all","all",0.0402379746420146,1,5.8,2,5,1,1,0,8,0.370185642060714
"10.1098/rspb.2022.1494","2023","Plants","Halimium halimifolium","Europe","interD","B","all","all",0.0391621500314145,1,5.8,2,5,1,1,0,8,0.358485288628331
"10.1098/rspb.2022.1494","2023","Plants","Halimium halimifolium","Europe","interD","B","all","all",0.0418145039590983,1,5.8,2,5,1,1,0,8,0.392763518295894
"10.1098/rspb.2022.1494","2023","Plants","Halimium halimifolium","Europe","interD","B","all","all",0.0397920864722907,1,5.8,2,5,1,1,0,8,0.370545828432547
"10.1098/rspb.2022.1494","2023","Plants","Halimium halimifolium","Europe","interD","B","all","all",0.0419994305368256,1,5.8,2,5,1,1,0,8,0.39603747467426
"10.1098/rspb.2022.1494","2023","Plants","Halimium halimifolium","Europe","interD","B","all","all",0.0411839975750536,1,5.8,2,5,1,1,0,8,0.384884117056127
"10.1098/rspb.2022.1494","2023","Plants","Halimium halimifolium","Europe","interD","B","all","all",0.0376837075216754,1,5.8,2,5,1,1,0,8,0.348238406957684
"10.1098/rspb.2022.1494","2023","Plants","Halimium halimifolium","Europe","interD","B","all","all",0.0384099865244424,1,5.8,2,5,1,1,0,8,0.354111285230831
"10.1098/rspb.2022.1494","2023","Plants","Halimium halimifolium","Europe","interD","B","all","all",0.0392667155323436,1,5.8,2,5,1,1,0,8,0.358418412297089
