"study.doi","year.of.publication","group","species","continent","driver","driver.type","stage.age","vital.rates","sens"
"https://doi.org/10.1098/rstb.2022.0194","2023","Birds","Certhia familiaris","Europe","Tbr","C","adult","fecundity",0.0276011345122163
"https://doi.org/10.1098/rstb.2022.0194","2023","Birds","Certhia familiaris","Europe","Tbr","C","adult","fecundity",0.06751234677711
"https://doi.org/10.1098/rstb.2022.0194","2023","Birds","Certhia familiaris","Europe","Tbr","C","adult","survival",0.0315330455416044
"https://doi.org/10.1098/rstb.2022.0194","2023","Birds","Certhia familiaris","Europe","Tbr","C","adult","survival",0.112383739848571
"https://doi.org/10.1098/rstb.2022.0194","2023","Birds","Certhia familiaris","Europe","Tbr","C","adult","survival",0.0809887309550256
"https://doi.org/10.1098/rstb.2022.0194","2023","Birds","Certhia familiaris","Europe","Tbr","C","adult","survival",0.0409922936896201
"https://doi.org/10.1098/rstb.2022.0194","2023","Birds","Certhia familiaris","Europe","Tbr","C","adult","fecundity",0.0264956350593203
"https://doi.org/10.1098/rstb.2022.0194","2023","Birds","Certhia familiaris","Europe","Tbr","C","adult","fecundity",0.0601685102568826
"https://doi.org/10.1098/rstb.2022.0194","2023","Birds","Certhia familiaris","Europe","Tbr","C","adult","survival",0.210480513589734
"https://doi.org/10.1098/rstb.2022.0194","2023","Birds","Certhia familiaris","Europe","Tbr","C","adult","survival",0.0663298855049142
"https://doi.org/10.1098/rstb.2022.0194","2023","Birds","Certhia familiaris","Europe","Tbr","C","adult","survival",0.083205552338849
"https://doi.org/10.1098/rstb.2022.0194","2023","Birds","Certhia familiaris","Europe","Tbr","C","adult","survival",0.0509209033515869
"https://doi.org/10.1098/rstb.2022.0194","2023","Birds","Certhia familiaris","Europe","Tbr","C","adult","fecundity",0.0814101976773039
"https://doi.org/10.1098/rstb.2022.0194","2023","Birds","Certhia familiaris","Europe","Tbr","C","adult","fecundity",0.0290078493718946
"https://doi.org/10.1098/rstb.2022.0194","2023","Birds","Certhia familiaris","Europe","Tbr","C","adult","survival",0.13613626478933
"https://doi.org/10.1098/rstb.2022.0194","2023","Birds","Certhia familiaris","Europe","Tbr","C","adult","survival",0.0496563591239747
"https://doi.org/10.1098/rstb.2022.0194","2023","Birds","Certhia familiaris","Europe","Tbr","C","adult","survival",0.0209917258535358
"https://doi.org/10.1098/rstb.2022.0194","2023","Birds","Certhia familiaris","Europe","Tbr","C","adult","survival",0.0864663925344815
"https://doi.org/10.1098/rstb.2022.0194","2023","Birds","Certhia familiaris","Europe","Tbr","C","adult","fecundity",0.100577796320056
"https://doi.org/10.1098/rstb.2022.0194","2023","Birds","Certhia familiaris","Europe","Tbr","C","adult","fecundity",0.0213570812281884
"https://doi.org/10.1098/rstb.2022.0194","2023","Birds","Certhia familiaris","Europe","Tbr","C","adult","survival",0.0237042817228315
"https://doi.org/10.1098/rstb.2022.0194","2023","Birds","Certhia familiaris","Europe","Tbr","C","adult","survival",0.00505462538245337
"https://doi.org/10.1098/rstb.2022.0194","2023","Birds","Certhia familiaris","Europe","Tbr","C","adult","survival",0.100881960838953
"https://doi.org/10.1098/rstb.2022.0194","2023","Birds","Certhia familiaris","Europe","Tbr","C","adult","survival",0.13613626478933
"https://doi.org/10.1098/rstb.2022.0194","2023","Birds","Certhia familiaris","Europe","Tbr","C","adult","fecundity",0.0671770619944933
"https://doi.org/10.1098/rstb.2022.0194","2023","Birds","Certhia familiaris","Europe","Tbr","C","adult","fecundity",0.0203801886453205
"https://doi.org/10.1098/rstb.2022.0194","2023","Birds","Certhia familiaris","Europe","Tbr","C","adult","survival",0.0393398815725598
"https://doi.org/10.1098/rstb.2022.0194","2023","Birds","Certhia familiaris","Europe","Tbr","C","adult","survival",0.0255838704685184
"https://doi.org/10.1098/rstb.2022.0194","2023","Birds","Certhia familiaris","Europe","Tbr","C","adult","survival",0.0338059684688488
"https://doi.org/10.1098/rstb.2022.0194","2023","Birds","Certhia familiaris","Europe","Tbr","C","adult","survival",0.0216495944303468
"https://doi.org/10.1098/rstb.2022.0194","2023","Birds","Certhia familiaris","Europe","Tbr","C","adult","fecundity",0.0707192041606379
"https://doi.org/10.1098/rstb.2022.0194","2023","Birds","Certhia familiaris","Europe","Tbr","C","adult","fecundity",0.0889840776761017
"https://doi.org/10.1098/rstb.2022.0194","2023","Birds","Certhia familiaris","Europe","Tbr","C","adult","survival",0.12048332385945
"https://doi.org/10.1098/rstb.2022.0194","2023","Birds","Certhia familiaris","Europe","Tbr","C","adult","survival",0.144600997744046
"https://doi.org/10.1098/rstb.2022.0194","2023","Birds","Certhia familiaris","Europe","Tbr","C","adult","survival",0.106800233865264
"https://doi.org/10.1098/rstb.2022.0194","2023","Birds","Certhia familiaris","Europe","Tbr","C","adult","survival",0.113636331930161
"https://doi.org/10.1098/rstb.2022.0194","2023","Birds","Certhia familiaris","Europe","Tbr","C","adult","fecundity",0.0350298098660088
"https://doi.org/10.1098/rstb.2022.0194","2023","Birds","Certhia familiaris","Europe","Tbr","C","adult","fecundity",0.0297034554761448
"https://doi.org/10.1098/rstb.2022.0194","2023","Birds","Certhia familiaris","Europe","Tbr","C","adult","survival",0.0441314748870371
"https://doi.org/10.1098/rstb.2022.0194","2023","Birds","Certhia familiaris","Europe","Tbr","C","adult","survival",0.0746779674095726
"https://doi.org/10.1098/rstb.2022.0194","2023","Birds","Certhia familiaris","Europe","Tbr","C","adult","survival",0.0976233562638685
"https://doi.org/10.1098/rstb.2022.0194","2023","Birds","Certhia familiaris","Europe","Tbr","C","adult","survival",0.122394600887171
"https://doi.org/10.1098/rstb.2022.0194","2023","Birds","Certhia familiaris","Europe","Tbr","C","adult","fecundity",0.0950226637772706
"https://doi.org/10.1098/rstb.2022.0194","2023","Birds","Certhia familiaris","Europe","Tbr","C","adult","fecundity",0.00781881827633151
"https://doi.org/10.1098/rstb.2022.0194","2023","Birds","Certhia familiaris","Europe","Tbr","C","adult","survival",0.151858310768099
"https://doi.org/10.1098/rstb.2022.0194","2023","Birds","Certhia familiaris","Europe","Tbr","C","adult","survival",0.0287002245007141
"https://doi.org/10.1098/rstb.2022.0194","2023","Birds","Certhia familiaris","Europe","Tbr","C","adult","survival",0.0547342415528429
"https://doi.org/10.1098/rstb.2022.0194","2023","Birds","Certhia familiaris","Europe","Tbr","C","adult","survival",0.0237259039937851
"https://doi.org/10.1098/rstb.2022.0194","2023","Birds","Certhia familiaris","Europe","Tbr","C","adult","fecundity",0.111668603709229
"https://doi.org/10.1098/rstb.2022.0194","2023","Birds","Certhia familiaris","Europe","Tbr","C","adult","fecundity",0.0525393751336918
"https://doi.org/10.1098/rstb.2022.0194","2023","Birds","Certhia familiaris","Europe","Tbr","C","adult","survival",0.196880808937413
"https://doi.org/10.1098/rstb.2022.0194","2023","Birds","Certhia familiaris","Europe","Tbr","C","adult","survival",0.00778362031836461
"https://doi.org/10.1098/rstb.2022.0194","2023","Birds","Certhia familiaris","Europe","Tbr","C","adult","survival",0.0292625956770558
"https://doi.org/10.1098/rstb.2022.0194","2023","Birds","Certhia familiaris","Europe","Tbr","C","adult","survival",0.0845785977781134
"https://doi.org/10.1098/rstb.2022.0194","2023","Birds","Certhia familiaris","Europe","Tbr","C","adult","fecundity",0.0445826055273612
"https://doi.org/10.1098/rstb.2022.0194","2023","Birds","Certhia familiaris","Europe","Tbr","C","adult","fecundity",0.0657878594466512
"https://doi.org/10.1098/rstb.2022.0194","2023","Birds","Certhia familiaris","Europe","Tbr","C","adult","survival",0.0321587361551795
"https://doi.org/10.1098/rstb.2022.0194","2023","Birds","Certhia familiaris","Europe","Tbr","C","adult","survival",0.0726082594306375
"https://doi.org/10.1098/rstb.2022.0194","2023","Birds","Certhia familiaris","Europe","Tbr","C","adult","survival",0.0267000919565023
"https://doi.org/10.1098/rstb.2022.0194","2023","Birds","Certhia familiaris","Europe","Tbr","C","adult","survival",0.114924648939056
"https://doi.org/10.1098/rstb.2022.0194","2023","Birds","Certhia familiaris","Europe","Tbr","C","adult","fecundity",0.0832722276132835
"https://doi.org/10.1098/rstb.2022.0194","2023","Birds","Certhia familiaris","Europe","Tbr","C","adult","fecundity",0.0292625956770558
"https://doi.org/10.1098/rstb.2022.0194","2023","Birds","Certhia familiaris","Europe","Tbr","C","adult","survival",0.0811122787215879
"https://doi.org/10.1098/rstb.2022.0194","2023","Birds","Certhia familiaris","Europe","Tbr","C","adult","survival",0.0289375762409417
"https://doi.org/10.1098/rstb.2022.0194","2023","Birds","Certhia familiaris","Europe","Tbr","C","adult","survival",0.00464826473618024
"https://doi.org/10.1098/rstb.2022.0194","2023","Birds","Certhia familiaris","Europe","Tbr","C","adult","survival",0.00785814907151106
"https://doi.org/10.1098/rstb.2022.0194","2023","Birds","Certhia familiaris","Europe","Tbr","C","adult","fecundity",0.00548069348286488
"https://doi.org/10.1098/rstb.2022.0194","2023","Birds","Certhia familiaris","Europe","Tbr","C","adult","fecundity",0.0280783638803636
"https://doi.org/10.1098/rstb.2022.0194","2023","Birds","Certhia familiaris","Europe","Tbr","C","adult","survival",0.116874565430314
"https://doi.org/10.1098/rstb.2022.0194","2023","Birds","Certhia familiaris","Europe","Tbr","C","adult","survival",0.0832722276132835
"https://doi.org/10.1098/rstb.2022.0194","2023","Birds","Certhia familiaris","Europe","Tbr","C","adult","survival",0.0630759170599157
"https://doi.org/10.1098/rstb.2022.0194","2023","Birds","Certhia familiaris","Europe","Tbr","C","adult","survival",0.0811122787215879
"https://doi.org/10.1098/rstb.2022.0194","2023","Birds","Certhia familiaris","Europe","Tbr","C","adult","fecundity",0.0313593315268081
"https://doi.org/10.1098/rstb.2022.0194","2023","Birds","Certhia familiaris","Europe","Tbr","C","adult","fecundity",0.0095766586786919
"https://doi.org/10.1098/rstb.2022.0194","2023","Birds","Certhia familiaris","Europe","Tbr","C","adult","survival",0.0724631280626238
"https://doi.org/10.1098/rstb.2022.0194","2023","Birds","Certhia familiaris","Europe","Tbr","C","adult","survival",0.024536251018949
"https://doi.org/10.1098/rstb.2022.0194","2023","Birds","Certhia familiaris","Europe","Tbr","C","adult","survival",0.0609715714772813
"https://doi.org/10.1098/rstb.2022.0194","2023","Birds","Certhia familiaris","Europe","Tbr","C","adult","survival",0.0466039461705696
"https://doi.org/10.1098/rstb.2022.0194","2023","Birds","Certhia familiaris","Europe","Tbr","C","adult","fecundity",0.0874956291901056
"https://doi.org/10.1098/rstb.2022.0194","2023","Birds","Certhia familiaris","Europe","Tbr","C","adult","fecundity",0.0224725521364999
"https://doi.org/10.1098/rstb.2022.0194","2023","Birds","Certhia familiaris","Europe","Tbr","C","adult","survival",0.0612249833456437
"https://doi.org/10.1098/rstb.2022.0194","2023","Birds","Certhia familiaris","Europe","Tbr","C","adult","survival",0.0611454847808247
"https://doi.org/10.1098/rstb.2022.0194","2023","Birds","Certhia familiaris","Europe","Tbr","C","adult","survival",0.0307207207630387
"https://doi.org/10.1098/rstb.2022.0194","2023","Birds","Certhia familiaris","Europe","Tbr","C","adult","survival",0.111108297674093
"https://doi.org/10.1098/rstb.2022.0194","2023","Birds","Certhia familiaris","Europe","Tbr","C","adult","fecundity",0.0166456636580349
"https://doi.org/10.1098/rstb.2022.0194","2023","Birds","Certhia familiaris","Europe","Tbr","C","adult","fecundity",0.0800381285358402
"https://doi.org/10.1098/rstb.2022.0194","2023","Birds","Certhia familiaris","Europe","Tbr","C","adult","survival",0.00728816453983023
"https://doi.org/10.1098/rstb.2022.0194","2023","Birds","Certhia familiaris","Europe","Tbr","C","adult","survival",0.0122104134697273
"https://doi.org/10.1098/rstb.2022.0194","2023","Birds","Certhia familiaris","Europe","Tbr","C","adult","survival",0.117810279459518
"https://doi.org/10.1098/rstb.2022.0194","2023","Birds","Certhia familiaris","Europe","Tbr","C","adult","survival",0.0456856752014581
"https://doi.org/10.1098/rstb.2022.0194","2023","Birds","Certhia familiaris","Europe","Tbr","C","adult","fecundity",0.0997073540581247
"https://doi.org/10.1098/rstb.2022.0194","2023","Birds","Certhia familiaris","Europe","Tbr","C","adult","fecundity",0.0129616906699686
"https://doi.org/10.1098/rstb.2022.0194","2023","Birds","Certhia familiaris","Europe","Tbr","C","adult","survival",0.143295261001269
"https://doi.org/10.1098/rstb.2022.0194","2023","Birds","Certhia familiaris","Europe","Tbr","C","adult","survival",0.00116772316884836
"https://doi.org/10.1098/rstb.2022.0194","2023","Birds","Certhia familiaris","Europe","Tbr","C","adult","survival",0.137712896819183
"https://doi.org/10.1098/rstb.2022.0194","2023","Birds","Certhia familiaris","Europe","Tbr","C","adult","survival",0.0118986963850166
"https://doi.org/10.1098/rstb.2022.0194","2023","Birds","Certhia familiaris","Europe","Tbr","C","adult","fecundity",0.0122104134697273
"https://doi.org/10.1098/rstb.2022.0194","2023","Birds","Certhia familiaris","Europe","Tbr","C","adult","fecundity",0.098379711952251
"https://doi.org/10.1098/rstb.2022.0194","2023","Birds","Certhia familiaris","Europe","Tbr","C","adult","survival",0.0337105512755907
"https://doi.org/10.1098/rstb.2022.0194","2023","Birds","Certhia familiaris","Europe","Tbr","C","adult","survival",0.0674389440926486
"https://doi.org/10.1098/rstb.2022.0194","2023","Birds","Certhia familiaris","Europe","Pbr","C","adult","survival",0.00612276728842769
"https://doi.org/10.1098/rstb.2022.0194","2023","Birds","Certhia familiaris","Europe","Pbr","C","adult","survival",0.00459324936929206
"https://doi.org/10.1098/rstb.2022.0194","2023","Birds","Certhia familiaris","Europe","Pbr","C","adult","fecundity",0.00036270372830715
"https://doi.org/10.1098/rstb.2022.0194","2023","Birds","Certhia familiaris","Europe","Pbr","C","adult","fecundity",0.000284436166736258
"https://doi.org/10.1098/rstb.2022.0194","2023","Birds","Certhia familiaris","Europe","Pbr","C","adult","survival",0.0299005171826514
"https://doi.org/10.1098/rstb.2022.0194","2023","Birds","Certhia familiaris","Europe","Pbr","C","adult","survival",0.00822947108219988
"https://doi.org/10.1098/rstb.2022.0194","2023","Birds","Certhia familiaris","Europe","Pbr","C","adult","survival",0.0524684516712361
"https://doi.org/10.1098/rstb.2022.0194","2023","Birds","Certhia familiaris","Europe","Pbr","C","adult","survival",0.0199317401896541
"https://doi.org/10.1098/rstb.2022.0194","2023","Birds","Certhia familiaris","Europe","Pbr","C","adult","fecundity",0.000784182834771982
"https://doi.org/10.1098/rstb.2022.0194","2023","Birds","Certhia familiaris","Europe","Pbr","C","adult","fecundity",0.00262013493118658
"https://doi.org/10.1098/rstb.2022.0194","2023","Birds","Certhia familiaris","Europe","Pbr","C","adult","survival",0.0236905225051352
"https://doi.org/10.1098/rstb.2022.0194","2023","Birds","Certhia familiaris","Europe","Pbr","C","adult","survival",0.0118377567687093
"https://doi.org/10.1098/rstb.2022.0194","2023","Birds","Certhia familiaris","Europe","Pbr","C","adult","survival",0.0561567487486184
"https://doi.org/10.1098/rstb.2022.0194","2023","Birds","Certhia familiaris","Europe","Pbr","C","adult","survival",0.0265937620793293
"https://doi.org/10.1098/rstb.2022.0194","2023","Birds","Certhia familiaris","Europe","Pbr","C","adult","fecundity",0.00179203859931268
"https://doi.org/10.1098/rstb.2022.0194","2023","Birds","Certhia familiaris","Europe","Pbr","C","adult","fecundity",0.034458240018045
"https://doi.org/10.1098/rstb.2022.0194","2023","Birds","Certhia familiaris","Europe","Pbr","C","adult","survival",0.0105012208238802
"https://doi.org/10.1098/rstb.2022.0194","2023","Birds","Certhia familiaris","Europe","Pbr","C","adult","survival",0.0447433212039781
"https://doi.org/10.1098/rstb.2022.0194","2023","Birds","Certhia familiaris","Europe","Pbr","C","adult","survival",0.00670075741147085
"https://doi.org/10.1098/rstb.2022.0194","2023","Birds","Certhia familiaris","Europe","Pbr","C","adult","survival",0.0179048586963933
"https://doi.org/10.1098/rstb.2022.0194","2023","Birds","Certhia familiaris","Europe","Pbr","C","adult","fecundity",0.022480596439056
"https://doi.org/10.1098/rstb.2022.0194","2023","Birds","Certhia familiaris","Europe","Pbr","C","adult","fecundity",0.0234608150890766
"https://doi.org/10.1098/rstb.2022.0194","2023","Birds","Certhia familiaris","Europe","Pbr","C","adult","survival",0.00585599255939301
"https://doi.org/10.1098/rstb.2022.0194","2023","Birds","Certhia familiaris","Europe","Pbr","C","adult","survival",0.00179203859931268
"https://doi.org/10.1098/rstb.2022.0194","2023","Birds","Certhia familiaris","Europe","Pbr","C","adult","survival",0.0225407638382874
"https://doi.org/10.1098/rstb.2022.0194","2023","Birds","Certhia familiaris","Europe","Pbr","C","adult","survival",0.00674520476106738
"https://doi.org/10.1098/rstb.2022.0194","2023","Birds","Certhia familiaris","Europe","Pbr","C","adult","fecundity",0.00620254413583816
"https://doi.org/10.1098/rstb.2022.0194","2023","Birds","Certhia familiaris","Europe","Pbr","C","adult","fecundity",0.0380938293033261
"https://doi.org/10.1098/rstb.2022.0194","2023","Birds","Certhia familiaris","Europe","Pbr","C","adult","survival",0.0156103040729464
"https://doi.org/10.1098/rstb.2022.0194","2023","Birds","Certhia familiaris","Europe","Pbr","C","adult","survival",0.0182645901338034
"https://doi.org/10.1098/rstb.2022.0194","2023","Birds","Certhia familiaris","Europe","Pbr","C","adult","survival",0.0308698015634338
"https://doi.org/10.1098/rstb.2022.0194","2023","Birds","Certhia familiaris","Europe","Pbr","C","adult","survival",0.0101323911799976
"https://doi.org/10.1098/rstb.2022.0194","2023","Birds","Certhia familiaris","Europe","Pbr","C","adult","fecundity",0.0155410224292961
"https://doi.org/10.1098/rstb.2022.0194","2023","Birds","Certhia familiaris","Europe","Pbr","C","adult","fecundity",0.00446980819021112
"https://doi.org/10.1098/rstb.2022.0194","2023","Birds","Certhia familiaris","Europe","Pbr","C","adult","survival",0.0150222770720554
"https://doi.org/10.1098/rstb.2022.0194","2023","Birds","Certhia familiaris","Europe","Pbr","C","adult","survival",0.0143046847064958
"https://doi.org/10.1098/rstb.2022.0194","2023","Birds","Certhia familiaris","Europe","Pbr","C","adult","survival",0.0309072785110771
"https://doi.org/10.1098/rstb.2022.0194","2023","Birds","Certhia familiaris","Europe","Pbr","C","adult","survival",0.00565152333933039
"https://doi.org/10.1098/rstb.2022.0194","2023","Birds","Certhia familiaris","Europe","Pbr","C","adult","fecundity",0.00876890312332417
"https://doi.org/10.1098/rstb.2022.0194","2023","Birds","Certhia familiaris","Europe","Pbr","C","adult","fecundity",0.0115854396926099
"https://doi.org/10.1098/rstb.2022.0194","2023","Birds","Certhia familiaris","Europe","Pbr","C","adult","survival",0.0205034807530532
"https://doi.org/10.1098/rstb.2022.0194","2023","Birds","Certhia familiaris","Europe","Pbr","C","adult","survival",0.00830328474065239
"https://doi.org/10.1098/rstb.2022.0194","2023","Birds","Certhia familiaris","Europe","Pbr","C","adult","survival",0.0314130728464611
"https://doi.org/10.1098/rstb.2022.0194","2023","Birds","Certhia familiaris","Europe","Pbr","C","adult","survival",0.00281814770638616
"https://doi.org/10.1098/rstb.2022.0194","2023","Birds","Certhia familiaris","Europe","Pbr","C","adult","fecundity",0.00133614521223128
"https://doi.org/10.1098/rstb.2022.0194","2023","Birds","Certhia familiaris","Europe","Pbr","C","adult","fecundity",0.0146599407659706
"https://doi.org/10.1098/rstb.2022.0194","2023","Birds","Certhia familiaris","Europe","Pbr","C","adult","survival",0.00732922419302538
"https://doi.org/10.1098/rstb.2022.0194","2023","Birds","Certhia familiaris","Europe","Pbr","C","adult","survival",0.000210530091135112
"https://doi.org/10.1098/rstb.2022.0194","2023","Birds","Certhia familiaris","Europe","Pbr","C","adult","survival",0.00855342796146209
"https://doi.org/10.1098/rstb.2022.0194","2023","Birds","Certhia familiaris","Europe","Pbr","C","adult","survival",0.0302305882105655
"https://doi.org/10.1098/rstb.2022.0194","2023","Birds","Certhia familiaris","Europe","Pbr","C","adult","fecundity",0.0279360891357571
"https://doi.org/10.1098/rstb.2022.0194","2023","Birds","Certhia familiaris","Europe","Pbr","C","adult","fecundity",0.00184367062698244
"https://doi.org/10.1098/rstb.2022.0194","2023","Birds","Certhia familiaris","Europe","Pbr","C","adult","survival",0.0135211123993794
"https://doi.org/10.1098/rstb.2022.0194","2023","Birds","Certhia familiaris","Europe","Pbr","C","adult","survival",0.0419525361410193
"https://doi.org/10.1098/rstb.2022.0194","2023","Birds","Certhia familiaris","Europe","Pbr","C","adult","survival",0.0185149959281946
"https://doi.org/10.1098/rstb.2022.0194","2023","Birds","Certhia familiaris","Europe","Pbr","C","adult","survival",0.00551546607735114
"https://doi.org/10.1098/rstb.2022.0194","2023","Birds","Certhia familiaris","Europe","Pbr","C","adult","fecundity",0.00589161952167308
"https://doi.org/10.1098/rstb.2022.0194","2023","Birds","Certhia familiaris","Europe","Pbr","C","adult","fecundity",0.00535499157640533
"https://doi.org/10.1098/rstb.2022.0194","2023","Birds","Certhia familiaris","Europe","Pbr","C","adult","survival",0.00492457573471999
"https://doi.org/10.1098/rstb.2022.0194","2023","Birds","Certhia familiaris","Europe","Pbr","C","adult","survival",0.0152214919889387
"https://doi.org/10.1098/rstb.2022.0194","2023","Birds","Certhia familiaris","Europe","Pbr","C","adult","survival",0.0152511538072146
"https://doi.org/10.1098/rstb.2022.0194","2023","Birds","Certhia familiaris","Europe","Pbr","C","adult","survival",0.0135211123993794
"https://doi.org/10.1098/rstb.2022.0194","2023","Birds","Certhia familiaris","Europe","Pbr","C","adult","fecundity",0.0460129138104852
"https://doi.org/10.1098/rstb.2022.0194","2023","Birds","Certhia familiaris","Europe","Pbr","C","adult","fecundity",0.0213759635124674
"https://doi.org/10.1098/rstb.2022.0194","2023","Birds","Certhia familiaris","Europe","Pbr","C","adult","survival",0.0151043602882333
"https://doi.org/10.1098/rstb.2022.0194","2023","Birds","Certhia familiaris","Europe","Pbr","C","adult","survival",0.0238021950989521
"https://doi.org/10.1098/rstb.2022.0194","2023","Birds","Certhia familiaris","Europe","Pbr","C","adult","survival",0.0120433717866623
"https://doi.org/10.1098/rstb.2022.0194","2023","Birds","Certhia familiaris","Europe","Pbr","C","adult","survival",0.0604553179383157
"https://doi.org/10.1098/rstb.2022.0194","2023","Birds","Certhia familiaris","Europe","Pbr","C","adult","fecundity",0.0304338277570893
"https://doi.org/10.1098/rstb.2022.0194","2023","Birds","Certhia familiaris","Europe","Pbr","C","adult","fecundity",0.0152511538072146
"https://doi.org/10.1098/rstb.2022.0194","2023","Birds","Certhia familiaris","Europe","Pbr","C","adult","survival",0.00720012757346058
"https://doi.org/10.1098/rstb.2022.0194","2023","Birds","Certhia familiaris","Europe","Pbr","C","adult","survival",0.0460129138104852
"https://doi.org/10.1098/rstb.2022.0194","2023","Birds","Certhia familiaris","Europe","Pbr","C","adult","survival",0.0162487120625957
"https://doi.org/10.1098/rstb.2022.0194","2023","Birds","Certhia familiaris","Europe","Pbr","C","adult","survival",0.0299896524682387
"https://doi.org/10.1098/rstb.2022.0194","2023","Birds","Certhia familiaris","Europe","Pbr","C","adult","fecundity",0.0506726283316209
"https://doi.org/10.1098/rstb.2022.0194","2023","Birds","Certhia familiaris","Europe","Pbr","C","adult","fecundity",0.00922154546335243
"https://doi.org/10.1098/rstb.2022.0194","2023","Birds","Certhia familiaris","Europe","Pbr","C","adult","survival",0.0663067639753798
"https://doi.org/10.1098/rstb.2022.0194","2023","Birds","Certhia familiaris","Europe","Pbr","C","adult","survival",0.0515450137964089
"https://doi.org/10.1098/rstb.2022.0194","2023","Birds","Certhia familiaris","Europe","Pbr","C","adult","survival",0.00825422192510281
"https://doi.org/10.1098/rstb.2022.0194","2023","Birds","Certhia familiaris","Europe","Pbr","C","adult","survival",0.030224601010094
"https://doi.org/10.1098/rstb.2022.0194","2023","Birds","Certhia familiaris","Europe","Pbr","C","adult","fecundity",0.050235399723525
"https://doi.org/10.1098/rstb.2022.0194","2023","Birds","Certhia familiaris","Europe","Pbr","C","adult","fecundity",0.0071246226765803
"https://doi.org/10.1098/rstb.2022.0194","2023","Birds","Certhia familiaris","Europe","Pbr","C","adult","survival",0.00955653250725404
"https://doi.org/10.1098/rstb.2022.0194","2023","Birds","Certhia familiaris","Europe","Pbr","C","adult","survival",0.067120904083569
"https://doi.org/10.1098/rstb.2022.0194","2023","Birds","Certhia familiaris","Europe","Pbr","C","adult","survival",0.0301284705681823
"https://doi.org/10.1098/rstb.2022.0194","2023","Birds","Certhia familiaris","Europe","Pbr","C","adult","survival",0.0554129724468798
"https://doi.org/10.1098/rstb.2022.0194","2023","Birds","Certhia familiaris","Europe","Pbr","C","adult","fecundity",0.0196672446464371
"https://doi.org/10.1098/rstb.2022.0194","2023","Birds","Certhia familiaris","Europe","Pbr","C","adult","fecundity",0.0100729196695728
"https://doi.org/10.1098/rstb.2022.0194","2023","Birds","Certhia familiaris","Europe","Pbr","C","adult","survival",0.00358899268153073
"https://doi.org/10.1098/rstb.2022.0194","2023","Birds","Certhia familiaris","Europe","Pbr","C","adult","survival",0.0122145152899532
"https://doi.org/10.1098/rstb.2022.0194","2023","Birds","Certhia familiaris","Europe","Pbr","C","adult","survival",0.0102721722275531
"https://doi.org/10.1098/rstb.2022.0194","2023","Birds","Certhia familiaris","Europe","Pbr","C","adult","survival",0.00762656026108621
"https://doi.org/10.1098/rstb.2022.0194","2023","Birds","Certhia familiaris","Europe","Pbr","C","adult","fecundity",0.0489779606542916
"https://doi.org/10.1098/rstb.2022.0194","2023","Birds","Certhia familiaris","Europe","Pbr","C","adult","fecundity",0.0127844439067438
"https://doi.org/10.1098/rstb.2022.0194","2023","Birds","Certhia familiaris","Europe","Pbr","C","adult","survival",0.0576030379317998
"https://doi.org/10.1098/rstb.2022.0194","2023","Birds","Certhia familiaris","Europe","Pbr","C","adult","survival",0.00931321807837767
"https://doi.org/10.1098/rstb.2022.0194","2023","Birds","Certhia familiaris","Europe","Pbr","C","adult","survival",0.0100729196695728
"https://doi.org/10.1098/rstb.2022.0194","2023","Birds","Certhia familiaris","Europe","Pbr","C","adult","survival",0.0045160851617954
"https://doi.org/10.1098/rstb.2022.0194","2023","Birds","Certhia familiaris","Europe","Pbr","C","adult","fecundity",0.0167891773362831
"https://doi.org/10.1098/rstb.2022.0194","2023","Birds","Certhia familiaris","Europe","Pbr","C","adult","fecundity",0.00954665354189002
"https://doi.org/10.1098/rstb.2022.0194","2023","Birds","Certhia familiaris","Europe","Pwn","C","juvenile","survival",0.0393953094658855
"https://doi.org/10.1098/rstb.2022.0194","2023","Birds","Certhia familiaris","Europe","Pwn","C","juvenile","survival",0.17731611209418
"https://doi.org/10.1098/rstb.2022.0194","2023","Birds","Certhia familiaris","Europe","Pwn","C","juvenile","survival",0.189797021031064
"https://doi.org/10.1098/rstb.2022.0194","2023","Birds","Certhia familiaris","Europe","Pwn","C","juvenile","survival",0.140954951977623
"https://doi.org/10.1098/rstb.2022.0194","2023","Birds","Certhia familiaris","Europe","Pwn","C","juvenile","fecundity",0.0818440621711142
"https://doi.org/10.1098/rstb.2022.0194","2023","Birds","Certhia familiaris","Europe","Pwn","C","juvenile","fecundity",0.219145320484805
"https://doi.org/10.1098/rstb.2022.0194","2023","Birds","Certhia familiaris","Europe","Pwn","C","juvenile","survival",0.166019279035889
"https://doi.org/10.1098/rstb.2022.0194","2023","Birds","Certhia familiaris","Europe","Pwn","C","juvenile","survival",0.140881294758924
"https://doi.org/10.1098/rstb.2022.0194","2023","Birds","Certhia familiaris","Europe","Pwn","C","juvenile","survival",0.117480548628224
"https://doi.org/10.1098/rstb.2022.0194","2023","Birds","Certhia familiaris","Europe","Pwn","C","juvenile","survival",0.0469315099868924
"https://doi.org/10.1098/rstb.2022.0194","2023","Birds","Certhia familiaris","Europe","Pwn","C","juvenile","fecundity",0.148639644055391
"https://doi.org/10.1098/rstb.2022.0194","2023","Birds","Certhia familiaris","Europe","Pwn","C","juvenile","fecundity",0.131662956195403
"https://doi.org/10.1098/rstb.2022.0194","2023","Birds","Certhia familiaris","Europe","Pwn","C","juvenile","survival",0.0790571809361452
"https://doi.org/10.1098/rstb.2022.0194","2023","Birds","Certhia familiaris","Europe","Pwn","C","juvenile","survival",0.0754425241887575
"https://doi.org/10.1098/rstb.2022.0194","2023","Birds","Certhia familiaris","Europe","Pwn","C","juvenile","survival",0.260042307864608
"https://doi.org/10.1098/rstb.2022.0194","2023","Birds","Certhia familiaris","Europe","Pwn","C","juvenile","survival",0.212019657156838
"https://doi.org/10.1098/rstb.2022.0194","2023","Birds","Certhia familiaris","Europe","Pwn","C","juvenile","fecundity",0.0869558355835009
"https://doi.org/10.1098/rstb.2022.0194","2023","Birds","Certhia familiaris","Europe","Pwn","C","juvenile","fecundity",0.117673082262581
"https://doi.org/10.1098/rstb.2022.0194","2023","Birds","Certhia familiaris","Europe","Pwn","C","juvenile","survival",0.0807792989071304
"https://doi.org/10.1098/rstb.2022.0194","2023","Birds","Certhia familiaris","Europe","Pwn","C","juvenile","survival",0.100518474234619
"https://doi.org/10.1098/rstb.2022.0194","2023","Birds","Certhia familiaris","Europe","Pwn","C","juvenile","survival",0.131547518665881
"https://doi.org/10.1098/rstb.2022.0194","2023","Birds","Certhia familiaris","Europe","Pwn","C","juvenile","survival",0.0460138713667297
"https://doi.org/10.1098/rstb.2022.0194","2023","Birds","Certhia familiaris","Europe","Pwn","C","juvenile","fecundity",0.0086084621508667
"https://doi.org/10.1098/rstb.2022.0194","2023","Birds","Certhia familiaris","Europe","Pwn","C","juvenile","fecundity",0.260042307864608
"https://doi.org/10.1098/rstb.2022.0194","2023","Birds","Certhia familiaris","Europe","Pwn","C","juvenile","survival",0.149209862077077
"https://doi.org/10.1098/rstb.2022.0194","2023","Birds","Certhia familiaris","Europe","Pwn","C","juvenile","survival",0.0940467033108209
"https://doi.org/10.1098/rstb.2022.0194","2023","Birds","Certhia familiaris","Europe","Pwn","C","juvenile","survival",0.0791535085327355
"https://doi.org/10.1098/rstb.2022.0194","2023","Birds","Certhia familiaris","Europe","Pwn","C","juvenile","survival",0.112563749631307
"https://doi.org/10.1098/rstb.2022.0194","2023","Birds","Certhia familiaris","Europe","Pwn","C","juvenile","fecundity",0.153787530512118
"https://doi.org/10.1098/rstb.2022.0194","2023","Birds","Certhia familiaris","Europe","Pwn","C","juvenile","fecundity",0.117337981022903
"https://doi.org/10.1098/rstb.2022.0194","2023","Birds","Certhia familiaris","Europe","Pwn","C","juvenile","survival",0.197344667525296
"https://doi.org/10.1098/rstb.2022.0194","2023","Birds","Certhia familiaris","Europe","Pwn","C","juvenile","survival",0.0652475543408805
"https://doi.org/10.1098/rstb.2022.0194","2023","Birds","Certhia familiaris","Europe","Pwn","C","juvenile","survival",0.24840008512807
"https://doi.org/10.1098/rstb.2022.0194","2023","Birds","Certhia familiaris","Europe","Pwn","C","juvenile","survival",0.162840766923398
"https://doi.org/10.1098/rstb.2022.0194","2023","Birds","Certhia familiaris","Europe","Pwn","C","juvenile","fecundity",0.104739753025678
"https://doi.org/10.1098/rstb.2022.0194","2023","Birds","Certhia familiaris","Europe","Pwn","C","juvenile","fecundity",0.0307040680290428
"https://doi.org/10.1098/rstb.2022.0194","2023","Birds","Certhia familiaris","Europe","Pwn","C","juvenile","survival",0.0682141854987738
"https://doi.org/10.1098/rstb.2022.0194","2023","Birds","Certhia familiaris","Europe","Pwn","C","juvenile","survival",0.128553306804162
"https://doi.org/10.1098/rstb.2022.0194","2023","Birds","Certhia familiaris","Europe","Pwn","C","juvenile","survival",0.0563714748082629
"https://doi.org/10.1098/rstb.2022.0194","2023","Birds","Certhia familiaris","Europe","Pwn","C","juvenile","survival",0.130384683613912
"https://doi.org/10.1098/rstb.2022.0194","2023","Birds","Certhia familiaris","Europe","Pwn","C","juvenile","fecundity",0.037919078190875
"https://doi.org/10.1098/rstb.2022.0194","2023","Birds","Certhia familiaris","Europe","Pwn","C","juvenile","fecundity",0.151793908407171
"https://doi.org/10.1098/rstb.2022.0194","2023","Birds","Certhia familiaris","Europe","Pwn","C","juvenile","survival",0.101175084518265
"https://doi.org/10.1098/rstb.2022.0194","2023","Birds","Certhia familiaris","Europe","Pwn","C","juvenile","survival",0.135662115860213
"https://doi.org/10.1098/rstb.2022.0194","2023","Birds","Certhia familiaris","Europe","Pwn","C","juvenile","survival",0.0448510061076776
"https://doi.org/10.1098/rstb.2022.0194","2023","Birds","Certhia familiaris","Europe","Pwn","C","juvenile","survival",0.0606270598536638
"https://doi.org/10.1098/rstb.2022.0194","2023","Birds","Certhia familiaris","Europe","Pwn","C","juvenile","fecundity",0.0632571720133076
"https://doi.org/10.1098/rstb.2022.0194","2023","Birds","Certhia familiaris","Europe","Pwn","C","juvenile","fecundity",0.123301419447388
"https://doi.org/10.1098/rstb.2022.0194","2023","Birds","Certhia familiaris","Europe","Pwn","C","juvenile","survival",0.140791781860917
"https://doi.org/10.1098/rstb.2022.0194","2023","Birds","Certhia familiaris","Europe","Pwn","C","juvenile","survival",0.0514618539986484
"https://doi.org/10.1098/rstb.2022.0194","2023","Birds","Certhia familiaris","Europe","Pwn","C","juvenile","survival",0.249394973507515
"https://doi.org/10.1098/rstb.2022.0194","2023","Birds","Certhia familiaris","Europe","Pwn","C","juvenile","survival",0.116717937950019
"https://doi.org/10.1098/rstb.2022.0194","2023","Birds","Certhia familiaris","Europe","Pwn","C","juvenile","fecundity",0.133475464729628
"https://doi.org/10.1098/rstb.2022.0194","2023","Birds","Certhia familiaris","Europe","Pwn","C","juvenile","fecundity",0.115505205653759
"https://doi.org/10.1098/rstb.2022.0194","2023","Birds","Certhia familiaris","Europe","Pwn","C","juvenile","survival",0.0562879592548941
"https://doi.org/10.1098/rstb.2022.0194","2023","Birds","Certhia familiaris","Europe","Pwn","C","juvenile","survival",0.0513615118738343
"https://doi.org/10.1098/rstb.2022.0194","2023","Birds","Certhia familiaris","Europe","Pwn","C","juvenile","survival",0.094158496941236
"https://doi.org/10.1098/rstb.2022.0194","2023","Birds","Certhia familiaris","Europe","Pwn","C","juvenile","survival",0.122244652224038
"https://doi.org/10.1098/rstb.2022.0194","2023","Birds","Certhia familiaris","Europe","Pwn","C","juvenile","fecundity",0.0277981825777969
"https://doi.org/10.1098/rstb.2022.0194","2023","Birds","Certhia familiaris","Europe","Pwn","C","juvenile","fecundity",0.166995136611989
"https://doi.org/10.1098/rstb.2022.0194","2023","Birds","Certhia familiaris","Europe","Pwn","C","juvenile","survival",0.0639681171020646
"https://doi.org/10.1098/rstb.2022.0194","2023","Birds","Certhia familiaris","Europe","Pwn","C","juvenile","survival",0.133475464729628
"https://doi.org/10.1098/rstb.2022.0194","2023","Birds","Certhia familiaris","Europe","Pwn","C","juvenile","survival",0.101765545604041
"https://doi.org/10.1098/rstb.2022.0194","2023","Birds","Certhia familiaris","Europe","Pwn","C","juvenile","survival",0.0905237029147007
"https://doi.org/10.1098/rstb.2022.0194","2023","Birds","Certhia familiaris","Europe","Pwn","C","juvenile","fecundity",0.107107244515611
"https://doi.org/10.1098/rstb.2022.0194","2023","Birds","Certhia familiaris","Europe","Pwn","C","juvenile","fecundity",0.170633306861091
"https://doi.org/10.1098/rstb.2022.0194","2023","Birds","Certhia familiaris","Europe","Pwn","C","juvenile","survival",0.0511022233201101
"https://doi.org/10.1098/rstb.2022.0194","2023","Birds","Certhia familiaris","Europe","Pwn","C","juvenile","survival",0.163711988564839
"https://doi.org/10.1098/rstb.2022.0194","2023","Birds","Certhia familiaris","Europe","Pwn","C","juvenile","survival",0.149961593297654
"https://doi.org/10.1098/rstb.2022.0194","2023","Birds","Certhia familiaris","Europe","Pwn","C","juvenile","survival",0.0639681171020646
"https://doi.org/10.1098/rstb.2022.0194","2023","Birds","Certhia familiaris","Europe","Pwn","C","juvenile","fecundity",0.119547817283101
"https://doi.org/10.1098/rstb.2022.0194","2023","Birds","Certhia familiaris","Europe","Pwn","C","juvenile","fecundity",0.101765545604041
"https://doi.org/10.1098/rstb.2022.0194","2023","Birds","Certhia familiaris","Europe","Pwn","C","juvenile","survival",0.101607869302886
"https://doi.org/10.1098/rstb.2022.0194","2023","Birds","Certhia familiaris","Europe","Pwn","C","juvenile","survival",0.132681412301629
"https://doi.org/10.1098/rstb.2022.0194","2023","Birds","Certhia familiaris","Europe","Pwn","C","juvenile","survival",0.18523780919757
"https://doi.org/10.1098/rstb.2022.0194","2023","Birds","Certhia familiaris","Europe","Pwn","C","juvenile","survival",0.0981865579718222
"https://doi.org/10.1098/rstb.2022.0194","2023","Birds","Certhia familiaris","Europe","Pwn","C","juvenile","fecundity",0.14875651656942
"https://doi.org/10.1098/rstb.2022.0194","2023","Birds","Certhia familiaris","Europe","Pwn","C","juvenile","fecundity",0.19155056464349
"https://doi.org/10.1098/rstb.2022.0194","2023","Birds","Certhia familiaris","Europe","Pwn","C","juvenile","survival",0.112009958411819
"https://doi.org/10.1098/rstb.2022.0194","2023","Birds","Certhia familiaris","Europe","Pwn","C","juvenile","survival",0.0481464231572046
"https://doi.org/10.1098/rstb.2022.0194","2023","Birds","Certhia familiaris","Europe","Pwn","C","juvenile","survival",0.0566789759525404
"https://doi.org/10.1098/rstb.2022.0194","2023","Birds","Certhia familiaris","Europe","Pwn","C","juvenile","survival",0.0840158498609436
"https://doi.org/10.1098/rstb.2022.0194","2023","Birds","Certhia familiaris","Europe","Pwn","C","juvenile","fecundity",0.0875415402785536
"https://doi.org/10.1098/rstb.2022.0194","2023","Birds","Certhia familiaris","Europe","Pwn","C","juvenile","fecundity",0.189262252070487
"https://doi.org/10.1098/rstb.2022.0194","2023","Birds","Certhia familiaris","Europe","Pwn","C","juvenile","survival",0.205376833245425
"https://doi.org/10.1098/rstb.2022.0194","2023","Birds","Certhia familiaris","Europe","Pwn","C","juvenile","survival",0.147380759033298
"https://doi.org/10.1098/rstb.2022.0194","2023","Birds","Certhia familiaris","Europe","Pwn","C","juvenile","survival",0.0898494364870782
"https://doi.org/10.1098/rstb.2022.0194","2023","Birds","Certhia familiaris","Europe","Pwn","C","juvenile","survival",0.152781176683019
"https://doi.org/10.1098/rstb.2022.0194","2023","Birds","Certhia familiaris","Europe","Pwn","C","juvenile","fecundity",0.163757105755237
"https://doi.org/10.1098/rstb.2022.0194","2023","Birds","Certhia familiaris","Europe","Pwn","C","juvenile","fecundity",0.0472071847153067
"https://doi.org/10.1098/rstb.2022.0194","2023","Birds","Certhia familiaris","Europe","Pwn","C","juvenile","survival",0.112878119514129
"https://doi.org/10.1098/rstb.2022.0194","2023","Birds","Certhia familiaris","Europe","Pwn","C","juvenile","survival",0.0995209482350633
"https://doi.org/10.1098/rstb.2022.0194","2023","Birds","Certhia familiaris","Europe","Pwn","C","juvenile","survival",0.190419113551627
"https://doi.org/10.1098/rstb.2022.0194","2023","Birds","Certhia familiaris","Europe","Pwn","C","juvenile","survival",0.0304806472529462
"https://doi.org/10.1098/rstb.2022.0194","2023","Birds","Certhia familiaris","Europe","Pwn","C","juvenile","fecundity",0.17086998661942
"https://doi.org/10.1098/rstb.2022.0194","2023","Birds","Certhia familiaris","Europe","Pwn","C","juvenile","fecundity",0.13163571629961
"https://doi.org/10.1098/rstb.2022.0194","2023","Birds","Certhia familiaris","Europe","Pwn","C","juvenile","survival",0.152781176683019
"https://doi.org/10.1098/rstb.2022.0194","2023","Birds","Certhia familiaris","Europe","Pwn","C","juvenile","survival",0.140802209022702
"https://doi.org/10.1098/rstb.2022.0194","2023","Birds","Certhia familiaris","Europe","Pwn","C","juvenile","survival",0.0458836176868472
"https://doi.org/10.1098/rstb.2022.0194","2023","Birds","Certhia familiaris","Europe","Pwn","C","juvenile","survival",0.146732601231011
"https://doi.org/10.1098/rstb.2022.0194","2023","Birds","Certhia familiaris","Europe","Pwn","C","adult","fecundity",0.177673511173188
"https://doi.org/10.1098/rstb.2022.0194","2023","Birds","Certhia familiaris","Europe","Pwn","C","adult","fecundity",0.114145108219557
"https://doi.org/10.1098/rstb.2022.0194","2023","Birds","Certhia familiaris","Europe","Pwn","C","adult","survival",0.0768062351578609
"https://doi.org/10.1098/rstb.2022.0194","2023","Birds","Certhia familiaris","Europe","Pwn","C","adult","survival",0.133747421773934
"https://doi.org/10.1098/rstb.2022.0194","2023","Birds","Certhia familiaris","Europe","Pwn","C","adult","survival",0.109708805282769
"https://doi.org/10.1098/rstb.2022.0194","2023","Birds","Certhia familiaris","Europe","Pwn","C","adult","survival",0.0344870689795607
"https://doi.org/10.1098/rstb.2022.0194","2023","Birds","Certhia familiaris","Europe","Pwn","C","adult","fecundity",0.0144584776295553
"https://doi.org/10.1098/rstb.2022.0194","2023","Birds","Certhia familiaris","Europe","Pwn","C","adult","fecundity",0.00212404727585896
"https://doi.org/10.1098/rstb.2022.0194","2023","Birds","Certhia familiaris","Europe","Pwn","C","adult","survival",0.0179611328359938
"https://doi.org/10.1098/rstb.2022.0194","2023","Birds","Certhia familiaris","Europe","Pwn","C","adult","survival",0.122043590199392
"https://doi.org/10.1098/rstb.2022.0194","2023","Birds","Certhia familiaris","Europe","Pwn","C","adult","survival",0.127933413677482
"https://doi.org/10.1098/rstb.2022.0194","2023","Birds","Certhia familiaris","Europe","Pwn","C","adult","survival",0.0209380494897545
"https://doi.org/10.1098/rstb.2022.0194","2023","Birds","Certhia familiaris","Europe","Pwn","C","adult","fecundity",0.113325520008924
"https://doi.org/10.1098/rstb.2022.0194","2023","Birds","Certhia familiaris","Europe","Pwn","C","adult","fecundity",0.132951673958124
"https://doi.org/10.1098/rstb.2022.0194","2023","Birds","Certhia familiaris","Europe","Pwn","C","adult","survival",0.0476896388551399
"https://doi.org/10.1098/rstb.2022.0194","2023","Birds","Certhia familiaris","Europe","Pwn","C","adult","survival",0.00239723355965694
"https://doi.org/10.1098/rstb.2022.0194","2023","Birds","Certhia familiaris","Europe","Pwn","C","adult","survival",0.05035136385763
"https://doi.org/10.1098/rstb.2022.0194","2023","Birds","Certhia familiaris","Europe","Pwn","C","adult","survival",0.0817979528594392
"https://doi.org/10.1098/rstb.2022.0194","2023","Birds","Certhia familiaris","Europe","Pwn","C","adult","fecundity",0.153243845781549
"https://doi.org/10.1098/rstb.2022.0194","2023","Birds","Certhia familiaris","Europe","Pwn","C","adult","fecundity",0.20244090888051
"https://doi.org/10.1098/rstb.2022.0194","2023","Birds","Certhia familiaris","Europe","Pwn","C","adult","survival",0.0335764064882899
"https://doi.org/10.1098/rstb.2022.0194","2023","Birds","Certhia familiaris","Europe","Pwn","C","adult","survival",0.051832413328672
"https://doi.org/10.1098/rstb.2022.0194","2023","Birds","Certhia familiaris","Europe","Pwn","C","adult","survival",0.196027971814706
"https://doi.org/10.1098/rstb.2022.0194","2023","Birds","Certhia familiaris","Europe","Pwn","C","adult","survival",0.0476896388551399
"https://doi.org/10.1098/rstb.2022.0194","2023","Birds","Certhia familiaris","Europe","Pwn","C","adult","fecundity",0.013816020797284
"https://doi.org/10.1098/rstb.2022.0194","2023","Birds","Certhia familiaris","Europe","Pwn","C","adult","fecundity",0.0990553239313288
"https://doi.org/10.1098/rstb.2022.0194","2023","Birds","Certhia familiaris","Europe","Pwn","C","adult","survival",0.118251009526098
"https://doi.org/10.1098/rstb.2022.0194","2023","Birds","Certhia familiaris","Europe","Pwn","C","adult","survival",0.106903708482255
"https://doi.org/10.1098/rstb.2022.0194","2023","Birds","Certhia familiaris","Europe","Pwn","C","adult","survival",0.164703517021374
"https://doi.org/10.1098/rstb.2022.0194","2023","Birds","Certhia familiaris","Europe","Pwn","C","adult","survival",0.0191898848019977
"https://doi.org/10.1098/rstb.2022.0194","2023","Birds","Certhia familiaris","Europe","Pwn","C","adult","fecundity",0.0465779306228451
"https://doi.org/10.1098/rstb.2022.0194","2023","Birds","Certhia familiaris","Europe","Pwn","C","adult","fecundity",0.0123743264190505
"https://doi.org/10.1098/rstb.2022.0194","2023","Birds","Certhia familiaris","Europe","Pwn","C","adult","survival",0.0345947524357782
"https://doi.org/10.1098/rstb.2022.0194","2023","Birds","Certhia familiaris","Europe","Pwn","C","adult","survival",0.0263222156591228
"https://doi.org/10.1098/rstb.2022.0194","2023","Birds","Certhia familiaris","Europe","Pwn","C","adult","survival",0.00607469500309989
"https://doi.org/10.1098/rstb.2022.0194","2023","Birds","Certhia familiaris","Europe","Pwn","C","adult","survival",0.0291002738986652
"https://doi.org/10.1098/rstb.2022.0194","2023","Birds","Certhia familiaris","Europe","Pwn","C","adult","fecundity",0.153701898687141
"https://doi.org/10.1098/rstb.2022.0194","2023","Birds","Certhia familiaris","Europe","Pwn","C","adult","fecundity",0.127904039305623
"https://doi.org/10.1098/rstb.2022.0194","2023","Birds","Certhia familiaris","Europe","Pwn","C","adult","survival",0.0401747243117632
"https://doi.org/10.1098/rstb.2022.0194","2023","Birds","Certhia familiaris","Europe","Pwn","C","adult","survival",0.0458733488440145
"https://doi.org/10.1098/rstb.2022.0194","2023","Birds","Certhia familiaris","Europe","Pwn","C","adult","survival",0.0648519726291884
"https://doi.org/10.1098/rstb.2022.0194","2023","Birds","Certhia familiaris","Europe","Pwn","C","adult","survival",0.048146912306244
"https://doi.org/10.1098/rstb.2022.0194","2023","Birds","Certhia familiaris","Europe","Pwn","C","adult","fecundity",0.00458430843736218
"https://doi.org/10.1098/rstb.2022.0194","2023","Birds","Certhia familiaris","Europe","Pwn","C","adult","fecundity",0.0306234846447477
"https://doi.org/10.1098/rstb.2022.0194","2023","Birds","Certhia familiaris","Europe","Pwn","C","adult","survival",0.0613911873763502
"https://doi.org/10.1098/rstb.2022.0194","2023","Birds","Certhia familiaris","Europe","Pwn","C","adult","survival",0.0463429014410239
"https://doi.org/10.1098/rstb.2022.0194","2023","Birds","Certhia familiaris","Europe","Pwn","C","adult","survival",0.14165828967306
"https://doi.org/10.1098/rstb.2022.0194","2023","Birds","Certhia familiaris","Europe","Pwn","C","adult","survival",0.0406361121343702
"https://doi.org/10.1098/rstb.2022.0194","2023","Birds","Certhia familiaris","Europe","Pwn","C","adult","fecundity",0.082632203987145
"https://doi.org/10.1098/rstb.2022.0194","2023","Birds","Certhia familiaris","Europe","Pwn","C","adult","fecundity",0.0526445942237626
"https://doi.org/10.1098/rstb.2022.0194","2023","Birds","Certhia familiaris","Europe","Pwn","C","adult","survival",0.0162017728309453
"https://doi.org/10.1098/rstb.2022.0194","2023","Birds","Certhia familiaris","Europe","Pwn","C","adult","survival",0.0573640173871771
"https://doi.org/10.1098/rstb.2022.0194","2023","Birds","Certhia familiaris","Europe","Pwn","C","adult","survival",0.0522815398832954
"https://doi.org/10.1098/rstb.2022.0194","2023","Birds","Certhia familiaris","Europe","Pwn","C","adult","survival",0.119187190453873
"https://doi.org/10.1098/rstb.2022.0194","2023","Birds","Certhia familiaris","Europe","Pwn","C","adult","fecundity",0.00869480838061789
"https://doi.org/10.1098/rstb.2022.0194","2023","Birds","Certhia familiaris","Europe","Pwn","C","adult","fecundity",0.0921628850233963
"https://doi.org/10.1098/rstb.2022.0194","2023","Birds","Certhia familiaris","Europe","Pwn","C","adult","survival",0.0157379940369919
"https://doi.org/10.1098/rstb.2022.0194","2023","Birds","Certhia familiaris","Europe","Pwn","C","adult","survival",0.029819086386142
"https://doi.org/10.1098/rstb.2022.0194","2023","Birds","Certhia familiaris","Europe","Pwn","C","adult","survival",0.00214530830529225
"https://doi.org/10.1098/rstb.2022.0194","2023","Birds","Certhia familiaris","Europe","Pwn","C","adult","survival",0.08060561021036
"https://doi.org/10.1098/rstb.2022.0194","2023","Birds","Certhia familiaris","Europe","Pwn","C","adult","fecundity",0.0115715665609046
"https://doi.org/10.1098/rstb.2022.0194","2023","Birds","Certhia familiaris","Europe","Pwn","C","adult","fecundity",0.0522815398832954
"https://doi.org/10.1098/rstb.2022.0194","2023","Birds","Certhia familiaris","Europe","Pwn","C","adult","survival",0.0834601456066967
"https://doi.org/10.1098/rstb.2022.0194","2023","Birds","Certhia familiaris","Europe","Pwn","C","adult","survival",0.0960922527150728
"https://doi.org/10.1098/rstb.2022.0194","2023","Birds","Certhia familiaris","Europe","Pwn","C","adult","survival",0.142265457785827
"https://doi.org/10.1098/rstb.2022.0194","2023","Birds","Certhia familiaris","Europe","Pwn","C","adult","survival",0.126845458076464
"https://doi.org/10.1098/rstb.2022.0194","2023","Birds","Certhia familiaris","Europe","Pwn","C","adult","fecundity",0.0804451396025066
"https://doi.org/10.1098/rstb.2022.0194","2023","Birds","Certhia familiaris","Europe","Pwn","C","adult","fecundity",0.0606491542999787
"https://doi.org/10.1098/rstb.2022.0194","2023","Birds","Certhia familiaris","Europe","Pwn","C","adult","survival",0.0708283948188301
"https://doi.org/10.1098/rstb.2022.0194","2023","Birds","Certhia familiaris","Europe","Pwn","C","adult","survival",0.0115715665609046
"https://doi.org/10.1098/rstb.2022.0194","2023","Birds","Certhia familiaris","Europe","Pwn","C","adult","survival",0.0869172236375167
"https://doi.org/10.1098/rstb.2022.0194","2023","Birds","Certhia familiaris","Europe","Pwn","C","adult","survival",0.0834601456066967
"https://doi.org/10.1098/rstb.2022.0194","2023","Birds","Certhia familiaris","Europe","Pwn","C","adult","fecundity",0.0722010493436257
"https://doi.org/10.1098/rstb.2022.0194","2023","Birds","Certhia familiaris","Europe","Pwn","C","adult","fecundity",0.180407081608542
"https://doi.org/10.1098/rstb.2022.0194","2023","Birds","Certhia familiaris","Europe","Pwn","C","adult","survival",0.0512538127123955
"https://doi.org/10.1098/rstb.2022.0194","2023","Birds","Certhia familiaris","Europe","Pwn","C","adult","survival",0.0231440825783969
"https://doi.org/10.1098/rstb.2022.0194","2023","Birds","Certhia familiaris","Europe","Pwn","C","adult","survival",0.0853643561569793
"https://doi.org/10.1098/rstb.2022.0194","2023","Birds","Certhia familiaris","Europe","Pwn","C","adult","survival",0.0872597776304106
"https://doi.org/10.1098/rstb.2022.0194","2023","Birds","Certhia familiaris","Europe","Pwn","C","adult","fecundity",0.0233997796839683
"https://doi.org/10.1098/rstb.2022.0194","2023","Birds","Certhia familiaris","Europe","Pwn","C","adult","fecundity",0.0474121483673832
"https://doi.org/10.1098/rstb.2022.0194","2023","Birds","Certhia familiaris","Europe","Pwn","C","adult","survival",0.0803468988223859
"https://doi.org/10.1098/rstb.2022.0194","2023","Birds","Certhia familiaris","Europe","Pwn","C","adult","survival",0.0535368207929154
"https://doi.org/10.1098/rstb.2022.0194","2023","Birds","Certhia familiaris","Europe","Pwn","C","adult","survival",0.137125201751544
"https://doi.org/10.1098/rstb.2022.0194","2023","Birds","Certhia familiaris","Europe","Pwn","C","adult","survival",0.0686070700552241
"https://doi.org/10.1098/rstb.2022.0194","2023","Birds","Certhia familiaris","Europe","Pwn","C","adult","fecundity",0.173029560961631
"https://doi.org/10.1098/rstb.2022.0194","2023","Birds","Certhia familiaris","Europe","Pwn","C","adult","fecundity",0.111840190697773
"https://doi.org/10.1098/rstb.2022.0194","2023","Birds","Certhia familiaris","Europe","Pwn","C","adult","survival",0.168420480880592
"https://doi.org/10.1098/rstb.2022.0194","2023","Birds","Certhia familiaris","Europe","Pwn","C","adult","survival",0.0276115220668022
"https://doi.org/10.1098/rstb.2022.0194","2023","Birds","Certhia familiaris","Europe","Pwn","C","adult","survival",0.0685516872443159
"https://doi.org/10.1098/rstb.2022.0194","2023","Birds","Certhia familiaris","Europe","Pwn","C","adult","survival",0.036318864520185
"https://doi.org/10.1098/rstb.2022.0194","2023","Birds","Certhia familiaris","Europe","Pwn","C","adult","fecundity",0.0723347795515653
"https://doi.org/10.1098/rstb.2022.0194","2023","Birds","Certhia familiaris","Europe","Pwn","C","adult","fecundity",0.0525337848823832
"https://doi.org/10.1098/rstb.2022.0194","2023","Birds","Certhia familiaris","Europe","Pwn","C","adult","survival",0.0235029027620624
"https://doi.org/10.1098/rstb.2022.0194","2023","Birds","Certhia familiaris","Europe","Pwn","C","adult","survival",0.0718357475935471
"https://doi.org/10.1098/rstb.2022.0194","2023","Birds","Certhia familiaris","Europe","Pwn","C","adult","survival",0.0324711043186703
"https://doi.org/10.1098/rstb.2022.0194","2023","Birds","Certhia familiaris","Europe","Pwn","C","adult","survival",0.153359623054856
"https://doi.org/10.1098/rstb.2022.0194","2023","Birds","Certhia familiaris","Europe","Pwn","C","adult","fecundity",0.0276115220668022
"https://doi.org/10.1098/rstb.2022.0194","2023","Birds","Certhia familiaris","Europe","Pwn","C","adult","fecundity",0.0158129014298019
"https://doi.org/10.1098/rstb.2022.0194","2023","Birds","Certhia familiaris","Europe","Pwn","C","adult","survival",0.0435621659112967
"https://doi.org/10.1098/rstb.2022.0194","2023","Birds","Certhia familiaris","Europe","Pwn","C","adult","survival",0.0415474452761428
"https://doi.org/10.1098/rstb.2022.0194","2023","Birds","Certhia familiaris","Europe","Tat","C","juvenile","survival",0.0540500400267629
"https://doi.org/10.1098/rstb.2022.0194","2023","Birds","Certhia familiaris","Europe","Tat","C","juvenile","survival",0.0933906918681188
"https://doi.org/10.1098/rstb.2022.0194","2023","Birds","Certhia familiaris","Europe","Tat","C","juvenile","fecundity",0.148487752987287
"https://doi.org/10.1098/rstb.2022.0194","2023","Birds","Certhia familiaris","Europe","Tat","C","juvenile","fecundity",0.115504062800158
"https://doi.org/10.1098/rstb.2022.0194","2023","Birds","Certhia familiaris","Europe","Tat","C","juvenile","survival",0.0886279919275118
"https://doi.org/10.1098/rstb.2022.0194","2023","Birds","Certhia familiaris","Europe","Tat","C","juvenile","survival",0.201673273348381
"https://doi.org/10.1098/rstb.2022.0194","2023","Birds","Certhia familiaris","Europe","Tat","C","juvenile","survival",0.11763631520832
"https://doi.org/10.1098/rstb.2022.0194","2023","Birds","Certhia familiaris","Europe","Tat","C","juvenile","survival",0.159964660879358
"https://doi.org/10.1098/rstb.2022.0194","2023","Birds","Certhia familiaris","Europe","Tat","C","juvenile","fecundity",0.237308313579757
"https://doi.org/10.1098/rstb.2022.0194","2023","Birds","Certhia familiaris","Europe","Tat","C","juvenile","fecundity",0.057791042038744
"https://doi.org/10.1098/rstb.2022.0194","2023","Birds","Certhia familiaris","Europe","Tat","C","juvenile","survival",0.070582109010817
"https://doi.org/10.1098/rstb.2022.0194","2023","Birds","Certhia familiaris","Europe","Tat","C","juvenile","survival",0.109948539069536
"https://doi.org/10.1098/rstb.2022.0194","2023","Birds","Certhia familiaris","Europe","Tat","C","juvenile","survival",0.0949755565402607
"https://doi.org/10.1098/rstb.2022.0194","2023","Birds","Certhia familiaris","Europe","Tat","C","juvenile","survival",0.0989572110981597
"https://doi.org/10.1098/rstb.2022.0194","2023","Birds","Certhia familiaris","Europe","Tat","C","juvenile","fecundity",0.146575072325916
"https://doi.org/10.1098/rstb.2022.0194","2023","Birds","Certhia familiaris","Europe","Tat","C","juvenile","fecundity",0.0951000018590784
"https://doi.org/10.1098/rstb.2022.0194","2023","Birds","Certhia familiaris","Europe","Tat","C","juvenile","survival",0.103454164531955
"https://doi.org/10.1098/rstb.2022.0194","2023","Birds","Certhia familiaris","Europe","Tat","C","juvenile","survival",0.166102875078705
"https://doi.org/10.1098/rstb.2022.0194","2023","Birds","Certhia familiaris","Europe","Tat","C","juvenile","survival",0.0628812897551865
"https://doi.org/10.1098/rstb.2022.0194","2023","Birds","Certhia familiaris","Europe","Tat","C","juvenile","survival",0.095198263270997
"https://doi.org/10.1098/rstb.2022.0194","2023","Birds","Certhia familiaris","Europe","Tat","C","juvenile","fecundity",0.131950093988649
"https://doi.org/10.1098/rstb.2022.0194","2023","Birds","Certhia familiaris","Europe","Tat","C","juvenile","fecundity",0.0950007423577454
"https://doi.org/10.1098/rstb.2022.0194","2023","Birds","Certhia familiaris","Europe","Tat","C","juvenile","survival",0.0807073900273485
"https://doi.org/10.1098/rstb.2022.0194","2023","Birds","Certhia familiaris","Europe","Tat","C","juvenile","survival",0.146575072325916
"https://doi.org/10.1098/rstb.2022.0194","2023","Birds","Certhia familiaris","Europe","Tat","C","juvenile","survival",0.0909793919496614
"https://doi.org/10.1098/rstb.2022.0194","2023","Birds","Certhia familiaris","Europe","Tat","C","juvenile","survival",0.133721256020683
"https://doi.org/10.1098/rstb.2022.0194","2023","Birds","Certhia familiaris","Europe","Tat","C","juvenile","fecundity",0.171961881951891
"https://doi.org/10.1098/rstb.2022.0194","2023","Birds","Certhia familiaris","Europe","Tat","C","juvenile","fecundity",0.0766790173112673
"https://doi.org/10.1098/rstb.2022.0194","2023","Birds","Certhia familiaris","Europe","Tat","C","juvenile","survival",0.113235656377946
"https://doi.org/10.1098/rstb.2022.0194","2023","Birds","Certhia familiaris","Europe","Tat","C","juvenile","survival",0.122232172636775
"https://doi.org/10.1098/rstb.2022.0194","2023","Birds","Certhia familiaris","Europe","Tat","C","juvenile","survival",0.0937442041621287
"https://doi.org/10.1098/rstb.2022.0194","2023","Birds","Certhia familiaris","Europe","Tat","C","juvenile","survival",0.0589621088044327
"https://doi.org/10.1098/rstb.2022.0194","2023","Birds","Certhia familiaris","Europe","Tat","C","juvenile","fecundity",0.153386655973754
"https://doi.org/10.1098/rstb.2022.0194","2023","Birds","Certhia familiaris","Europe","Tat","C","juvenile","fecundity",0.063999612688157
"https://doi.org/10.1098/rstb.2022.0194","2023","Birds","Certhia familiaris","Europe","Tat","C","juvenile","survival",0.0546435034946997
"https://doi.org/10.1098/rstb.2022.0194","2023","Birds","Certhia familiaris","Europe","Tat","C","juvenile","survival",0.184912935618083
"https://doi.org/10.1098/rstb.2022.0194","2023","Birds","Certhia familiaris","Europe","Tat","C","juvenile","survival",0.043790283993797
"https://doi.org/10.1098/rstb.2022.0194","2023","Birds","Certhia familiaris","Europe","Tat","C","juvenile","survival",0.101036388114234
"https://doi.org/10.1098/rstb.2022.0194","2023","Birds","Certhia familiaris","Europe","Tat","C","juvenile","fecundity",0.183369847694016
"https://doi.org/10.1098/rstb.2022.0194","2023","Birds","Certhia familiaris","Europe","Tat","C","juvenile","fecundity",0.0707789640703528
"https://doi.org/10.1098/rstb.2022.0194","2023","Birds","Certhia familiaris","Europe","Tat","C","juvenile","survival",0.0743743415109255
"https://doi.org/10.1098/rstb.2022.0194","2023","Birds","Certhia familiaris","Europe","Tat","C","juvenile","survival",0.105324330271798
"https://doi.org/10.1098/rstb.2022.0194","2023","Birds","Certhia familiaris","Europe","Tat","C","juvenile","survival",0.0824253593810074
"https://doi.org/10.1098/rstb.2022.0194","2023","Birds","Certhia familiaris","Europe","Tat","C","juvenile","survival",0.156451082828461
"https://doi.org/10.1098/rstb.2022.0194","2023","Birds","Certhia familiaris","Europe","Tat","C","juvenile","fecundity",0.194796194063026
"https://doi.org/10.1098/rstb.2022.0194","2023","Birds","Certhia familiaris","Europe","Tat","C","juvenile","fecundity",0.059428621194276
"https://doi.org/10.1098/rstb.2022.0194","2023","Birds","Certhia familiaris","Europe","Tat","C","juvenile","survival",0.059279110875449
"https://doi.org/10.1098/rstb.2022.0194","2023","Birds","Certhia familiaris","Europe","Tat","C","juvenile","survival",0.200660586641538
"https://doi.org/10.1098/rstb.2022.0194","2023","Birds","Certhia familiaris","Europe","Tat","C","juvenile","survival",0.0547647735425676
"https://doi.org/10.1098/rstb.2022.0194","2023","Birds","Certhia familiaris","Europe","Tat","C","juvenile","survival",0.135196778473461
"https://doi.org/10.1098/rstb.2022.0194","2023","Birds","Certhia familiaris","Europe","Tat","C","juvenile","fecundity",0.108866502519574
"https://doi.org/10.1098/rstb.2022.0194","2023","Birds","Certhia familiaris","Europe","Tat","C","juvenile","fecundity",0.0967058446219002
"https://doi.org/10.1098/rstb.2022.0194","2023","Birds","Certhia familiaris","Europe","Tat","C","juvenile","survival",0.138460004665039
"https://doi.org/10.1098/rstb.2022.0194","2023","Birds","Certhia familiaris","Europe","Tat","C","juvenile","survival",0.171279528082899
"https://doi.org/10.1098/rstb.2022.0194","2023","Birds","Certhia familiaris","Europe","Tat","C","juvenile","survival",0.0477882827899754
"https://doi.org/10.1098/rstb.2022.0194","2023","Birds","Certhia familiaris","Europe","Tat","C","juvenile","survival",0.0602577721445132
"https://doi.org/10.1098/rstb.2022.0194","2023","Birds","Certhia familiaris","Europe","Tat","C","juvenile","fecundity",0.197735725315193
"https://doi.org/10.1098/rstb.2022.0194","2023","Birds","Certhia familiaris","Europe","Tat","C","juvenile","fecundity",0.05613143643097
"https://doi.org/10.1098/rstb.2022.0194","2023","Birds","Certhia familiaris","Europe","Tat","C","juvenile","survival",0.101882208063926
"https://doi.org/10.1098/rstb.2022.0194","2023","Birds","Certhia familiaris","Europe","Tat","C","juvenile","survival",0.137213871018239
"https://doi.org/10.1098/rstb.2022.0194","2023","Birds","Certhia familiaris","Europe","Tat","C","juvenile","survival",0.0834133957586696
"https://doi.org/10.1098/rstb.2022.0194","2023","Birds","Certhia familiaris","Europe","Tat","C","juvenile","survival",0.138460004665039
"https://doi.org/10.1098/rstb.2022.0194","2023","Birds","Certhia familiaris","Europe","Tat","C","juvenile","fecundity",0.162716738251241
"https://doi.org/10.1098/rstb.2022.0194","2023","Birds","Certhia familiaris","Europe","Tat","C","juvenile","fecundity",0.0653034070954346
"https://doi.org/10.1098/rstb.2022.0194","2023","Birds","Certhia familiaris","Europe","Tat","C","juvenile","survival",0.113917755608398
"https://doi.org/10.1098/rstb.2022.0194","2023","Birds","Certhia familiaris","Europe","Tat","C","juvenile","survival",0.208809047658807
"https://doi.org/10.1098/rstb.2022.0194","2023","Birds","Certhia familiaris","Europe","Tat","C","juvenile","survival",0.0948546853163973
"https://doi.org/10.1098/rstb.2022.0194","2023","Birds","Certhia familiaris","Europe","Tat","C","juvenile","survival",0.234937580466222
"https://doi.org/10.1098/rstb.2022.0194","2023","Birds","Certhia familiaris","Europe","Tat","C","juvenile","fecundity",0.154594360831081
"https://doi.org/10.1098/rstb.2022.0194","2023","Birds","Certhia familiaris","Europe","Tat","C","juvenile","fecundity",0.0834133957586696
"https://doi.org/10.1098/rstb.2022.0194","2023","Birds","Certhia familiaris","Europe","Tat","C","juvenile","survival",0.110171431512017
"https://doi.org/10.1098/rstb.2022.0194","2023","Birds","Certhia familiaris","Europe","Tat","C","juvenile","survival",0.162716738251241
"https://doi.org/10.1098/rstb.2022.0194","2023","Birds","Certhia familiaris","Europe","Tat","C","juvenile","survival",0.0724282208673733
"https://doi.org/10.1098/rstb.2022.0194","2023","Birds","Certhia familiaris","Europe","Tat","C","juvenile","survival",0.0783661028051011
"https://doi.org/10.1098/rstb.2022.0194","2023","Birds","Certhia familiaris","Europe","Tat","C","juvenile","fecundity",0.245098301827068
"https://doi.org/10.1098/rstb.2022.0194","2023","Birds","Certhia familiaris","Europe","Tat","C","juvenile","fecundity",0.106483684695849
"https://doi.org/10.1098/rstb.2022.0194","2023","Birds","Certhia familiaris","Europe","Tat","C","juvenile","survival",0.184882805092254
"https://doi.org/10.1098/rstb.2022.0194","2023","Birds","Certhia familiaris","Europe","Tat","C","juvenile","survival",0.237830364041788
"https://doi.org/10.1098/rstb.2022.0194","2023","Birds","Certhia familiaris","Europe","Tat","C","juvenile","survival",0.105896703360925
"https://doi.org/10.1098/rstb.2022.0194","2023","Birds","Certhia familiaris","Europe","Tat","C","juvenile","survival",0.105846995087165
"https://doi.org/10.1098/rstb.2022.0194","2023","Birds","Certhia familiaris","Europe","Tat","C","juvenile","fecundity",0.177446181886964
"https://doi.org/10.1098/rstb.2022.0194","2023","Birds","Certhia familiaris","Europe","Tat","C","juvenile","fecundity",0.0661968865951819
"https://doi.org/10.1098/rstb.2022.0194","2023","Birds","Certhia familiaris","Europe","Tat","C","juvenile","survival",0.0975676614793633
"https://doi.org/10.1098/rstb.2022.0194","2023","Birds","Certhia familiaris","Europe","Tat","C","juvenile","survival",0.238648665402508
"https://doi.org/10.1098/rstb.2022.0194","2023","Birds","Certhia familiaris","Europe","Tat","C","juvenile","survival",0.162281943872358
"https://doi.org/10.1098/rstb.2022.0194","2023","Birds","Certhia familiaris","Europe","Tat","C","juvenile","survival",0.11104643292881
"https://doi.org/10.1098/rstb.2022.0194","2023","Birds","Certhia familiaris","Europe","Tat","C","juvenile","fecundity",0.262691877920199
"https://doi.org/10.1098/rstb.2022.0194","2023","Birds","Certhia familiaris","Europe","Tat","C","juvenile","fecundity",0.104912670063551
"https://doi.org/10.1098/rstb.2022.0194","2023","Birds","Certhia familiaris","Europe","Tat","C","juvenile","survival",0.0720217482883364
"https://doi.org/10.1098/rstb.2022.0194","2023","Birds","Certhia familiaris","Europe","Tat","C","juvenile","survival",0.146284526044255
"https://doi.org/10.1098/rstb.2022.0194","2023","Birds","Certhia familiaris","Europe","Tat","C","juvenile","survival",0.0825474793341561
"https://doi.org/10.1098/rstb.2022.0194","2023","Birds","Certhia familiaris","Europe","Tat","C","juvenile","survival",0.118360147782984
"https://doi.org/10.1098/rstb.2022.0194","2023","Birds","Certhia familiaris","Europe","Tat","C","juvenile","fecundity",0.18497718650534
"https://doi.org/10.1098/rstb.2022.0194","2023","Birds","Certhia familiaris","Europe","Tat","C","juvenile","fecundity",0.132417402776352
"https://doi.org/10.1098/rstb.2022.0194","2023","Birds","Certhia familiaris","Europe","Tat","C","juvenile","survival",0.107040930674493
"https://doi.org/10.1098/rstb.2022.0194","2023","Birds","Certhia familiaris","Europe","Tat","C","juvenile","survival",0.242599260086586
"https://doi.org/10.1098/rstb.2022.0194","2023","Birds","Certhia familiaris","Europe","Tat","C","juvenile","survival",0.104912670063551
"https://doi.org/10.1098/rstb.2022.0194","2023","Birds","Certhia familiaris","Europe","Tat","C","juvenile","survival",0.0650616945470459
"https://doi.org/10.1098/rstb.2022.0194","2023","Birds","Certhia familiaris","Europe","Tat","C","juvenile","fecundity",0.140575328357282
"https://doi.org/10.1098/rstb.2022.0194","2023","Birds","Certhia familiaris","Europe","Tat","C","juvenile","fecundity",0.0980263057637556
"https://doi.org/10.1098/rstb.2022.0194","2023","Birds","Certhia familiaris","Europe","Twn","C","adult","survival",0.241437865056685
"https://doi.org/10.1098/rstb.2022.0194","2023","Birds","Certhia familiaris","Europe","Twn","C","adult","survival",0.163280670803471
"https://doi.org/10.1098/rstb.2022.0194","2023","Birds","Certhia familiaris","Europe","Twn","C","adult","survival",0.176086985901643
"https://doi.org/10.1098/rstb.2022.0194","2023","Birds","Certhia familiaris","Europe","Twn","C","adult","survival",0.232701608560729
"https://doi.org/10.1098/rstb.2022.0194","2023","Birds","Certhia familiaris","Europe","Twn","C","adult","fecundity",0.100768065758055
"https://doi.org/10.1098/rstb.2022.0194","2023","Birds","Certhia familiaris","Europe","Twn","C","adult","fecundity",0.019448899241822
"https://doi.org/10.1098/rstb.2022.0194","2023","Birds","Certhia familiaris","Europe","Twn","C","adult","survival",0.182396309140183
"https://doi.org/10.1098/rstb.2022.0194","2023","Birds","Certhia familiaris","Europe","Twn","C","adult","survival",0.144448517806628
"https://doi.org/10.1098/rstb.2022.0194","2023","Birds","Certhia familiaris","Europe","Twn","C","adult","survival",0.0932172000236079
"https://doi.org/10.1098/rstb.2022.0194","2023","Birds","Certhia familiaris","Europe","Twn","C","adult","survival",0.130883109822441
"https://doi.org/10.1098/rstb.2022.0194","2023","Birds","Certhia familiaris","Europe","Twn","C","adult","fecundity",0.141743886206301
"https://doi.org/10.1098/rstb.2022.0194","2023","Birds","Certhia familiaris","Europe","Twn","C","adult","fecundity",0.109702335356704
"https://doi.org/10.1098/rstb.2022.0194","2023","Birds","Certhia familiaris","Europe","Twn","C","adult","survival",0.15169749644646
"https://doi.org/10.1098/rstb.2022.0194","2023","Birds","Certhia familiaris","Europe","Twn","C","adult","survival",0.0594792711558243
"https://doi.org/10.1098/rstb.2022.0194","2023","Birds","Certhia familiaris","Europe","Twn","C","adult","survival",0.00610192613501735
"https://doi.org/10.1098/rstb.2022.0194","2023","Birds","Certhia familiaris","Europe","Twn","C","adult","survival",0.103525829922509
"https://doi.org/10.1098/rstb.2022.0194","2023","Birds","Certhia familiaris","Europe","Twn","C","adult","fecundity",0.220985617891167
"https://doi.org/10.1098/rstb.2022.0194","2023","Birds","Certhia familiaris","Europe","Twn","C","adult","fecundity",0.298530782656418
"https://doi.org/10.1098/rstb.2022.0194","2023","Birds","Certhia familiaris","Europe","Twn","C","adult","survival",0.147085680924442
"https://doi.org/10.1098/rstb.2022.0194","2023","Birds","Certhia familiaris","Europe","Twn","C","adult","survival",0.309958589032101
"https://doi.org/10.1098/rstb.2022.0194","2023","Birds","Certhia familiaris","Europe","Twn","C","adult","survival",0.0799772678290885
"https://doi.org/10.1098/rstb.2022.0194","2023","Birds","Certhia familiaris","Europe","Twn","C","adult","survival",0.0360747797361123
"https://doi.org/10.1098/rstb.2022.0194","2023","Birds","Certhia familiaris","Europe","Twn","C","adult","fecundity",0.153473706709839
"https://doi.org/10.1098/rstb.2022.0194","2023","Birds","Certhia familiaris","Europe","Twn","C","adult","fecundity",0.00610192613501735
"https://doi.org/10.1098/rstb.2022.0194","2023","Birds","Certhia familiaris","Europe","Twn","C","adult","survival",0.0906619701329562
"https://doi.org/10.1098/rstb.2022.0194","2023","Birds","Certhia familiaris","Europe","Twn","C","adult","survival",0.242203168568912
"https://doi.org/10.1098/rstb.2022.0194","2023","Birds","Certhia familiaris","Europe","Twn","C","adult","survival",0.263071159373603
"https://doi.org/10.1098/rstb.2022.0194","2023","Birds","Certhia familiaris","Europe","Twn","C","adult","survival",0.15779712490146
"https://doi.org/10.1098/rstb.2022.0194","2023","Birds","Certhia familiaris","Europe","Twn","C","adult","fecundity",0.281872345871014
"https://doi.org/10.1098/rstb.2022.0194","2023","Birds","Certhia familiaris","Europe","Twn","C","adult","fecundity",0.0634344429599694
"https://doi.org/10.1098/rstb.2022.0194","2023","Birds","Certhia familiaris","Europe","Twn","C","adult","survival",0.100033434180432
"https://doi.org/10.1098/rstb.2022.0194","2023","Birds","Certhia familiaris","Europe","Twn","C","adult","survival",0.0523657015481084
"https://doi.org/10.1098/rstb.2022.0194","2023","Birds","Certhia familiaris","Europe","Twn","C","adult","survival",0.010170810356954
"https://doi.org/10.1098/rstb.2022.0194","2023","Birds","Certhia familiaris","Europe","Twn","C","adult","survival",0.0709202034321783
"https://doi.org/10.1098/rstb.2022.0194","2023","Birds","Certhia familiaris","Europe","Twn","C","adult","fecundity",0.227568651119425
"https://doi.org/10.1098/rstb.2022.0194","2023","Birds","Certhia familiaris","Europe","Twn","C","adult","fecundity",0.0901631140179872
"https://doi.org/10.1098/rstb.2022.0194","2023","Birds","Certhia familiaris","Europe","Twn","C","adult","survival",0.157654358074167
"https://doi.org/10.1098/rstb.2022.0194","2023","Birds","Certhia familiaris","Europe","Twn","C","adult","survival",0.278857693657975
"https://doi.org/10.1098/rstb.2022.0194","2023","Birds","Certhia familiaris","Europe","Twn","C","adult","survival",0.0137922491657366
"https://doi.org/10.1098/rstb.2022.0194","2023","Birds","Certhia familiaris","Europe","Twn","C","adult","survival",0.0780631758525908
"https://doi.org/10.1098/rstb.2022.0194","2023","Birds","Certhia familiaris","Europe","Twn","C","adult","fecundity",0.0635543119360586
"https://doi.org/10.1098/rstb.2022.0194","2023","Birds","Certhia familiaris","Europe","Twn","C","adult","fecundity",0.0337449812420082
"https://doi.org/10.1098/rstb.2022.0194","2023","Birds","Certhia familiaris","Europe","Twn","C","adult","survival",0.0649787156590207
"https://doi.org/10.1098/rstb.2022.0194","2023","Birds","Certhia familiaris","Europe","Twn","C","adult","survival",0.0668306314119552
"https://doi.org/10.1098/rstb.2022.0194","2023","Birds","Certhia familiaris","Europe","Twn","C","adult","survival",0.175246762581836
"https://doi.org/10.1098/rstb.2022.0194","2023","Birds","Certhia familiaris","Europe","Twn","C","adult","survival",0.0973476077354972
"https://doi.org/10.1098/rstb.2022.0194","2023","Birds","Certhia familiaris","Europe","Twn","C","adult","fecundity",0.250710825447691
"https://doi.org/10.1098/rstb.2022.0194","2023","Birds","Certhia familiaris","Europe","Twn","C","adult","fecundity",0.124946413338538
"https://doi.org/10.1098/rstb.2022.0194","2023","Birds","Certhia familiaris","Europe","Twn","C","adult","survival",0.134772476961132
"https://doi.org/10.1098/rstb.2022.0194","2023","Birds","Certhia familiaris","Europe","Twn","C","adult","survival",0.016351702539661
"https://doi.org/10.1098/rstb.2022.0194","2023","Birds","Certhia familiaris","Europe","Twn","C","adult","survival",0.187888351701387
"https://doi.org/10.1098/rstb.2022.0194","2023","Birds","Certhia familiaris","Europe","Twn","C","adult","survival",0.0919589191069528
"https://doi.org/10.1098/rstb.2022.0194","2023","Birds","Certhia familiaris","Europe","Twn","C","adult","fecundity",0.0456783941706957
"https://doi.org/10.1098/rstb.2022.0194","2023","Birds","Certhia familiaris","Europe","Twn","C","adult","fecundity",0.214984509474813
"https://doi.org/10.1098/rstb.2022.0194","2023","Birds","Certhia familiaris","Europe","Twn","C","adult","survival",0.0710905009046878
"https://doi.org/10.1098/rstb.2022.0194","2023","Birds","Certhia familiaris","Europe","Twn","C","adult","survival",0.215517665965627
"https://doi.org/10.1098/rstb.2022.0194","2023","Birds","Certhia familiaris","Europe","Twn","C","adult","survival",0.0994920898233998
"https://doi.org/10.1098/rstb.2022.0194","2023","Birds","Certhia familiaris","Europe","Twn","C","adult","survival",0.175847435779336
"https://doi.org/10.1098/rstb.2022.0194","2023","Birds","Certhia familiaris","Europe","Twn","C","adult","fecundity",0.0468120733068335
"https://doi.org/10.1098/rstb.2022.0194","2023","Birds","Certhia familiaris","Europe","Twn","C","adult","fecundity",0.001578420068887
"https://doi.org/10.1098/rstb.2022.0194","2023","Birds","Certhia familiaris","Europe","Twn","C","adult","survival",0.0892305178495803
"https://doi.org/10.1098/rstb.2022.0194","2023","Birds","Certhia familiaris","Europe","Twn","C","adult","survival",0.0456783941706957
"https://doi.org/10.1098/rstb.2022.0194","2023","Birds","Certhia familiaris","Europe","Twn","C","adult","survival",0.197462399904608
"https://doi.org/10.1098/rstb.2022.0194","2023","Birds","Certhia familiaris","Europe","Twn","C","adult","survival",0.158317094899579
"https://doi.org/10.1098/rstb.2022.0194","2023","Birds","Certhia familiaris","Europe","Twn","C","adult","fecundity",0.276616289606256
"https://doi.org/10.1098/rstb.2022.0194","2023","Birds","Certhia familiaris","Europe","Twn","C","adult","fecundity",0.171466823366746
"https://doi.org/10.1098/rstb.2022.0194","2023","Birds","Certhia familiaris","Europe","Twn","C","adult","survival",0.146025923158382
"https://doi.org/10.1098/rstb.2022.0194","2023","Birds","Certhia familiaris","Europe","Twn","C","adult","survival",0.105567993359813
"https://doi.org/10.1098/rstb.2022.0194","2023","Birds","Certhia familiaris","Europe","Twn","C","adult","survival",0.00202069336724889
"https://doi.org/10.1098/rstb.2022.0194","2023","Birds","Certhia familiaris","Europe","Twn","C","adult","survival",0.0892305178495803
"https://doi.org/10.1098/rstb.2022.0194","2023","Birds","Certhia familiaris","Europe","Twn","C","adult","fecundity",0.318519024134646
"https://doi.org/10.1098/rstb.2022.0194","2023","Birds","Certhia familiaris","Europe","Twn","C","adult","fecundity",0.197462399904608
"https://doi.org/10.1098/rstb.2022.0194","2023","Birds","Certhia familiaris","Europe","Twn","C","adult","survival",0.140862064906863
"https://doi.org/10.1098/rstb.2022.0194","2023","Birds","Certhia familiaris","Europe","Twn","C","adult","survival",0.383379201311516
"https://doi.org/10.1098/rstb.2022.0194","2023","Birds","Certhia familiaris","Europe","Twn","C","adult","survival",0.0240443449707642
"https://doi.org/10.1098/rstb.2022.0194","2023","Birds","Certhia familiaris","Europe","Twn","C","adult","survival",0.0635804285029425
"https://doi.org/10.1098/rstb.2022.0194","2023","Birds","Certhia familiaris","Europe","Twn","C","adult","fecundity",0.122042234240285
"https://doi.org/10.1098/rstb.2022.0194","2023","Birds","Certhia familiaris","Europe","Twn","C","adult","fecundity",0.00627830158996949
"https://doi.org/10.1098/rstb.2022.0194","2023","Birds","Certhia familiaris","Europe","Twn","C","adult","survival",0.0699153638154523
"https://doi.org/10.1098/rstb.2022.0194","2023","Birds","Certhia familiaris","Europe","Twn","C","adult","survival",0.211970035014507
"https://doi.org/10.1098/rstb.2022.0194","2023","Birds","Certhia familiaris","Europe","Twn","C","adult","survival",0.0973869562377332
"https://doi.org/10.1098/rstb.2022.0194","2023","Birds","Certhia familiaris","Europe","Twn","C","adult","survival",0.0914967097058169
"https://doi.org/10.1098/rstb.2022.0194","2023","Birds","Certhia familiaris","Europe","Twn","C","adult","fecundity",0.260462730478347
"https://doi.org/10.1098/rstb.2022.0194","2023","Birds","Certhia familiaris","Europe","Twn","C","adult","fecundity",0.0122831747169047
"https://doi.org/10.1098/rstb.2022.0194","2023","Birds","Certhia familiaris","Europe","Twn","C","adult","survival",0.222964569235052
"https://doi.org/10.1098/rstb.2022.0194","2023","Birds","Certhia familiaris","Europe","Twn","C","adult","survival",0.115179098625489
"https://doi.org/10.1098/rstb.2022.0194","2023","Birds","Certhia familiaris","Europe","Twn","C","adult","survival",0.0840124398609542
"https://doi.org/10.1098/rstb.2022.0194","2023","Birds","Certhia familiaris","Europe","Twn","C","adult","survival",0.083371152839265
"https://doi.org/10.1098/rstb.2022.0194","2023","Birds","Certhia familiaris","Europe","Twn","C","adult","fecundity",0.299390698822771
"https://doi.org/10.1098/rstb.2022.0194","2023","Birds","Certhia familiaris","Europe","Twn","C","adult","fecundity",0.0471509443016122
"https://doi.org/10.1098/rstb.2022.0194","2023","Birds","Certhia familiaris","Europe","Twn","C","adult","survival",0.0769142526625987
"https://doi.org/10.1098/rstb.2022.0194","2023","Birds","Certhia familiaris","Europe","Twn","C","adult","survival",0.138688400098946
"https://doi.org/10.1098/rstb.2022.0194","2023","Birds","Certhia familiaris","Europe","Twn","C","adult","survival",0.0743934290806337
"https://doi.org/10.1098/rstb.2022.0194","2023","Birds","Certhia familiaris","Europe","Twn","C","adult","survival",0.0432588421913326
"https://doi.org/10.1098/rstb.2022.0194","2023","Birds","Certhia familiaris","Europe","Twn","C","adult","fecundity",0.134731634527774
"https://doi.org/10.1098/rstb.2022.0194","2023","Birds","Certhia familiaris","Europe","Twn","C","adult","fecundity",0.0858752672671104
"https://doi.org/10.1098/rstb.2022.0194","2023","Birds","Certhia familiaris","Europe","Twn","C","adult","survival",0.083371152839265
"https://doi.org/10.1098/rstb.2022.0194","2023","Birds","Certhia familiaris","Europe","Twn","C","adult","survival",0.200585819908833
"https://doi.org/10.1098/rstb.2022.0194","2023","Birds","Certhia familiaris","Europe","Twn","C","adult","survival",0.00993992907497641
"https://doi.org/10.1098/rstb.2022.0194","2023","Birds","Certhia familiaris","Europe","Twn","C","adult","survival",0.0563093252975392
