"study.doi","year.of.publication","group","species","continent","driver","driver.type","stage.age","vital.rates","sens","mat","n.vr","n.pam","dens","biotic_interactions","lambda.sim","study.length"
"10.1098/rstb.2022.0194",2023,"Birds","Pyrrhula pyrrhula","Europe","Tbr","C","adult","fecundity",0.353788493548762,1,3,15,0,0,0,20
"10.1098/rstb.2022.0194",2023,"Birds","Pyrrhula pyrrhula","Europe","Tbr","C","adult","fecundity",0.429600761266532,1,3,15,0,0,0,20
"10.1098/rstb.2022.0194",2023,"Birds","Pyrrhula pyrrhula","Europe","Tbr","C","adult","survival",0.326601083973814,1,3,15,0,0,0,20
"10.1098/rstb.2022.0194",2023,"Birds","Pyrrhula pyrrhula","Europe","Tbr","C","adult","survival",0.456355232830391,1,3,15,0,0,0,20
"10.1098/rstb.2022.0194",2023,"Birds","Pyrrhula pyrrhula","Europe","Tbr","C","adult","survival",0.690775599275288,1,3,15,0,0,0,20
"10.1098/rstb.2022.0194",2023,"Birds","Pyrrhula pyrrhula","Europe","Tbr","C","adult","survival",0.788306794166145,1,3,15,0,0,0,20
"10.1098/rstb.2022.0194",2023,"Birds","Pyrrhula pyrrhula","Europe","Tbr","C","adult","fecundity",0.310343227589631,1,3,15,0,0,0,20
"10.1098/rstb.2022.0194",2023,"Birds","Pyrrhula pyrrhula","Europe","Tbr","C","adult","fecundity",0.297175072919537,1,3,15,0,0,0,20
"10.1098/rstb.2022.0194",2023,"Birds","Pyrrhula pyrrhula","Europe","Tbr","C","adult","survival",0.457186612126268,1,3,15,0,0,0,20
"10.1098/rstb.2022.0194",2023,"Birds","Pyrrhula pyrrhula","Europe","Tbr","C","adult","survival",0.353788493548762,1,3,15,0,0,0,20
"10.1098/rstb.2022.0194",2023,"Birds","Pyrrhula pyrrhula","Europe","Tbr","C","adult","survival",0.429600761266532,1,3,15,0,0,0,20
"10.1098/rstb.2022.0194",2023,"Birds","Pyrrhula pyrrhula","Europe","Tbr","C","adult","survival",0.456643756916765,1,3,15,0,0,0,20
"10.1098/rstb.2022.0194",2023,"Birds","Pyrrhula pyrrhula","Europe","Tbr","C","adult","fecundity",0.456355232830391,1,3,15,0,0,0,20
"10.1098/rstb.2022.0194",2023,"Birds","Pyrrhula pyrrhula","Europe","Tbr","C","adult","fecundity",0.592253176803342,1,3,15,0,0,0,20
"10.1098/rstb.2022.0194",2023,"Birds","Pyrrhula pyrrhula","Europe","Tbr","C","adult","survival",0.619846649026981,1,3,15,0,0,0,20
"10.1098/rstb.2022.0194",2023,"Birds","Pyrrhula pyrrhula","Europe","Tbr","C","adult","survival",0.310343227589631,1,3,15,0,0,0,20
"10.1098/rstb.2022.0194",2023,"Birds","Pyrrhula pyrrhula","Europe","Tbr","C","adult","survival",0.274775428522396,1,3,15,0,0,0,20
"10.1098/rstb.2022.0194",2023,"Birds","Pyrrhula pyrrhula","Europe","Tbr","C","adult","survival",0.457186612126268,1,3,15,0,0,0,20
"10.1098/rstb.2022.0194",2023,"Birds","Pyrrhula pyrrhula","Europe","Tbr","C","adult","fecundity",0.353788493548762,1,3,15,0,0,0,20
"10.1098/rstb.2022.0194",2023,"Birds","Pyrrhula pyrrhula","Europe","Tbr","C","adult","fecundity",0.344412937272719,1,3,15,0,0,0,20
"10.1098/rstb.2022.0194",2023,"Birds","Pyrrhula pyrrhula","Europe","Tbr","C","adult","survival",0.456643756916765,1,3,15,0,0,0,20
"10.1098/rstb.2022.0194",2023,"Birds","Pyrrhula pyrrhula","Europe","Tbr","C","adult","survival",0.456355232830391,1,3,15,0,0,0,20
"10.1098/rstb.2022.0194",2023,"Birds","Pyrrhula pyrrhula","Europe","Tbr","C","adult","survival",0.586293497571437,1,3,15,0,0,0,20
"10.1098/rstb.2022.0194",2023,"Birds","Pyrrhula pyrrhula","Europe","Tbr","C","adult","survival",0.805266674575747,1,3,15,0,0,0,20
"10.1098/rstb.2022.0194",2023,"Birds","Pyrrhula pyrrhula","Europe","Tbr","C","adult","fecundity",0.310343227589631,1,3,15,0,0,0,20
"10.1098/rstb.2022.0194",2023,"Birds","Pyrrhula pyrrhula","Europe","Tbr","C","adult","fecundity",0.274775428522396,1,3,15,0,0,0,20
"10.1098/rstb.2022.0194",2023,"Birds","Pyrrhula pyrrhula","Europe","Tbr","C","adult","survival",0.457186612126268,1,3,15,0,0,0,20
"10.1098/rstb.2022.0194",2023,"Birds","Pyrrhula pyrrhula","Europe","Tbr","C","adult","survival",0.353788493548762,1,3,15,0,0,0,20
"10.1098/rstb.2022.0194",2023,"Birds","Pyrrhula pyrrhula","Europe","Tbr","C","adult","survival",0.344412937272719,1,3,15,0,0,0,20
"10.1098/rstb.2022.0194",2023,"Birds","Pyrrhula pyrrhula","Europe","Tbr","C","adult","survival",0.456643756916765,1,3,15,0,0,0,20
"10.1098/rstb.2022.0194",2023,"Birds","Pyrrhula pyrrhula","Europe","Tbr","C","adult","fecundity",0.503397909420446,1,3,15,0,0,0,20
"10.1098/rstb.2022.0194",2023,"Birds","Pyrrhula pyrrhula","Europe","Tbr","C","adult","fecundity",0.509827913526503,1,3,15,0,0,0,20
"10.1098/rstb.2022.0194",2023,"Birds","Pyrrhula pyrrhula","Europe","Tbr","C","adult","survival",0.644038325399342,1,3,15,0,0,0,20
"10.1098/rstb.2022.0194",2023,"Birds","Pyrrhula pyrrhula","Europe","Tbr","C","adult","survival",0.310343227589631,1,3,15,0,0,0,20
"10.1098/rstb.2022.0194",2023,"Birds","Pyrrhula pyrrhula","Europe","Tbr","C","adult","survival",0.274775428522396,1,3,15,0,0,0,20
"10.1098/rstb.2022.0194",2023,"Birds","Pyrrhula pyrrhula","Europe","Tbr","C","adult","survival",0.474904442413567,1,3,15,0,0,0,20
"10.1098/rstb.2022.0194",2023,"Birds","Pyrrhula pyrrhula","Europe","Tbr","C","adult","fecundity",0.353788493548762,1,3,15,0,0,0,20
"10.1098/rstb.2022.0194",2023,"Birds","Pyrrhula pyrrhula","Europe","Tbr","C","adult","fecundity",0.344412937272719,1,3,15,0,0,0,20
"10.1098/rstb.2022.0194",2023,"Birds","Pyrrhula pyrrhula","Europe","Tbr","C","adult","survival",0.582430877117955,1,3,15,0,0,0,20
"10.1098/rstb.2022.0194",2023,"Birds","Pyrrhula pyrrhula","Europe","Tbr","C","adult","survival",0.503397909420446,1,3,15,0,0,0,20
"10.1098/rstb.2022.0194",2023,"Birds","Pyrrhula pyrrhula","Europe","Tbr","C","adult","survival",0.817770369503703,1,3,15,0,0,0,20
"10.1098/rstb.2022.0194",2023,"Birds","Pyrrhula pyrrhula","Europe","Tbr","C","adult","survival",0.897229478224644,1,3,15,0,0,0,20
"10.1098/rstb.2022.0194",2023,"Birds","Pyrrhula pyrrhula","Europe","Tbr","C","adult","fecundity",0.310343227589631,1,3,15,0,0,0,20
"10.1098/rstb.2022.0194",2023,"Birds","Pyrrhula pyrrhula","Europe","Tbr","C","adult","fecundity",0.274775428522396,1,3,15,0,0,0,20
"10.1098/rstb.2022.0194",2023,"Birds","Pyrrhula pyrrhula","Europe","Tbr","C","adult","survival",0.474904442413567,1,3,15,0,0,0,20
"10.1098/rstb.2022.0194",2023,"Birds","Pyrrhula pyrrhula","Europe","Tbr","C","adult","survival",0.353788493548762,1,3,15,0,0,0,20
"10.1098/rstb.2022.0194",2023,"Birds","Pyrrhula pyrrhula","Europe","Tbr","C","adult","survival",0.344412937272719,1,3,15,0,0,0,20
"10.1098/rstb.2022.0194",2023,"Birds","Pyrrhula pyrrhula","Europe","Tbr","C","adult","survival",0.646224840286674,1,3,15,0,0,0,20
"10.1098/rstb.2022.0194",2023,"Birds","Pyrrhula pyrrhula","Europe","Tbr","C","adult","fecundity",0.402568793448643,1,3,15,0,0,0,20
"10.1098/rstb.2022.0194",2023,"Birds","Pyrrhula pyrrhula","Europe","Tbr","C","adult","fecundity",0.741176788142952,1,3,15,0,0,0,20
"10.1098/rstb.2022.0194",2023,"Birds","Pyrrhula pyrrhula","Europe","Tbr","C","adult","survival",1.14282291373449,1,3,15,0,0,0,20
"10.1098/rstb.2022.0194",2023,"Birds","Pyrrhula pyrrhula","Europe","Tbr","C","adult","survival",0.310343227589631,1,3,15,0,0,0,20
"10.1098/rstb.2022.0194",2023,"Birds","Pyrrhula pyrrhula","Europe","Tbr","C","adult","survival",0.410723837265639,1,3,15,0,0,0,20
"10.1098/rstb.2022.0194",2023,"Birds","Pyrrhula pyrrhula","Europe","Tbr","C","adult","survival",0.521688249740319,1,3,15,0,0,0,20
"10.1098/rstb.2022.0194",2023,"Birds","Pyrrhula pyrrhula","Europe","Tbr","C","adult","fecundity",0.353788493548762,1,3,15,0,0,0,20
"10.1098/rstb.2022.0194",2023,"Birds","Pyrrhula pyrrhula","Europe","Tbr","C","adult","fecundity",0.344412937272719,1,3,15,0,0,0,20
"10.1098/rstb.2022.0194",2023,"Birds","Pyrrhula pyrrhula","Europe","Tbr","C","adult","survival",0.683995478550734,1,3,15,0,0,0,20
"10.1098/rstb.2022.0194",2023,"Birds","Pyrrhula pyrrhula","Europe","Tbr","C","adult","survival",0.402568793448643,1,3,15,0,0,0,20
"10.1098/rstb.2022.0194",2023,"Birds","Pyrrhula pyrrhula","Europe","Tbr","C","adult","survival",0.72779817982628,1,3,15,0,0,0,20
"10.1098/rstb.2022.0194",2023,"Birds","Pyrrhula pyrrhula","Europe","Tbr","C","adult","survival",1.01807710805189,1,3,15,0,0,0,20
"10.1098/rstb.2022.0194",2023,"Birds","Pyrrhula pyrrhula","Europe","Tbr","C","adult","fecundity",0.310343227589631,1,3,15,0,0,0,20
"10.1098/rstb.2022.0194",2023,"Birds","Pyrrhula pyrrhula","Europe","Tbr","C","adult","fecundity",0.281800025716529,1,3,15,0,0,0,20
"10.1098/rstb.2022.0194",2023,"Birds","Pyrrhula pyrrhula","Europe","Tbr","C","adult","survival",0.6173704288793,1,3,15,0,0,0,20
"10.1098/rstb.2022.0194",2023,"Birds","Pyrrhula pyrrhula","Europe","Tbr","C","adult","survival",0.307398110280093,1,3,15,0,0,0,20
"10.1098/rstb.2022.0194",2023,"Birds","Pyrrhula pyrrhula","Europe","Tbr","C","adult","survival",0.344412937272719,1,3,15,0,0,0,20
"10.1098/rstb.2022.0194",2023,"Birds","Pyrrhula pyrrhula","Europe","Tbr","C","adult","survival",1.04052550959146,1,3,15,0,0,0,20
"10.1098/rstb.2022.0194",2023,"Birds","Pyrrhula pyrrhula","Europe","Tbr","C","adult","fecundity",0.400358563896975,1,3,15,0,0,0,20
"10.1098/rstb.2022.0194",2023,"Birds","Pyrrhula pyrrhula","Europe","Tbr","C","adult","fecundity",0.806238038165278,1,3,15,0,0,0,20
"10.1098/rstb.2022.0194",2023,"Birds","Pyrrhula pyrrhula","Europe","Tbr","C","adult","survival",0.965363904430148,1,3,15,0,0,0,20
"10.1098/rstb.2022.0194",2023,"Birds","Pyrrhula pyrrhula","Europe","Tbr","C","adult","survival",0.310343227589631,1,3,15,0,0,0,20
"10.1098/rstb.2022.0194",2023,"Birds","Pyrrhula pyrrhula","Europe","Tbr","C","adult","survival",0.281800025716529,1,3,15,0,0,0,20
"10.1098/rstb.2022.0194",2023,"Birds","Pyrrhula pyrrhula","Europe","Tbr","C","adult","survival",0.333752561249826,1,3,15,0,0,0,20
"10.1098/rstb.2022.0194",2023,"Birds","Pyrrhula pyrrhula","Europe","Tbr","C","adult","fecundity",0.307398110280093,1,3,15,0,0,0,20
"10.1098/rstb.2022.0194",2023,"Birds","Pyrrhula pyrrhula","Europe","Tbr","C","adult","fecundity",0.454981678195001,1,3,15,0,0,0,20
"10.1098/rstb.2022.0194",2023,"Birds","Pyrrhula pyrrhula","Europe","Tbr","C","adult","survival",0.964359150548235,1,3,15,0,0,0,20
"10.1098/rstb.2022.0194",2023,"Birds","Pyrrhula pyrrhula","Europe","Tbr","C","adult","survival",0.400358563896975,1,3,15,0,0,0,20
"10.1098/rstb.2022.0194",2023,"Birds","Pyrrhula pyrrhula","Europe","Tbr","C","adult","survival",0.806238038165278,1,3,15,0,0,0,20
"10.1098/rstb.2022.0194",2023,"Birds","Pyrrhula pyrrhula","Europe","Tbr","C","adult","survival",0.965363904430148,1,3,15,0,0,0,20
"10.1098/rstb.2022.0194",2023,"Birds","Pyrrhula pyrrhula","Europe","Tbr","C","adult","fecundity",0.310343227589631,1,3,15,0,0,0,20
"10.1098/rstb.2022.0194",2023,"Birds","Pyrrhula pyrrhula","Europe","Tbr","C","adult","fecundity",0.33165100372275,1,3,15,0,0,0,20
"10.1098/rstb.2022.0194",2023,"Birds","Pyrrhula pyrrhula","Europe","Tbr","C","adult","survival",0.372493683229049,1,3,15,0,0,0,20
"10.1098/rstb.2022.0194",2023,"Birds","Pyrrhula pyrrhula","Europe","Tbr","C","adult","survival",0.307398110280093,1,3,15,0,0,0,20
"10.1098/rstb.2022.0194",2023,"Birds","Pyrrhula pyrrhula","Europe","Tbr","C","adult","survival",0.424915053254184,1,3,15,0,0,0,20
"10.1098/rstb.2022.0194",2023,"Birds","Pyrrhula pyrrhula","Europe","Tbr","C","adult","survival",0.877261261319706,1,3,15,0,0,0,20
"10.1098/rstb.2022.0194",2023,"Birds","Pyrrhula pyrrhula","Europe","Tbr","C","adult","fecundity",0.400358563896975,1,3,15,0,0,0,20
"10.1098/rstb.2022.0194",2023,"Birds","Pyrrhula pyrrhula","Europe","Tbr","C","adult","fecundity",0.635826869606404,1,3,15,0,0,0,20
"10.1098/rstb.2022.0194",2023,"Birds","Pyrrhula pyrrhula","Europe","Tbr","C","adult","survival",0.965363904430148,1,3,15,0,0,0,20
"10.1098/rstb.2022.0194",2023,"Birds","Pyrrhula pyrrhula","Europe","Tbr","C","adult","survival",0.334610596006091,1,3,15,0,0,0,20
"10.1098/rstb.2022.0194",2023,"Birds","Pyrrhula pyrrhula","Europe","Tbr","C","adult","survival",0.33165100372275,1,3,15,0,0,0,20
"10.1098/rstb.2022.0194",2023,"Birds","Pyrrhula pyrrhula","Europe","Tbr","C","adult","survival",0.305613619699487,1,3,15,0,0,0,20
"10.1098/rstb.2022.0194",2023,"Birds","Pyrrhula pyrrhula","Europe","Tbr","C","adult","fecundity",0.388435720778206,1,3,15,0,0,0,20
"10.1098/rstb.2022.0194",2023,"Birds","Pyrrhula pyrrhula","Europe","Tbr","C","adult","fecundity",0.394939357144693,1,3,15,0,0,0,20
"10.1098/rstb.2022.0194",2023,"Birds","Pyrrhula pyrrhula","Europe","Tbr","C","adult","survival",0.968343015272748,1,3,15,0,0,0,20
"10.1098/rstb.2022.0194",2023,"Birds","Pyrrhula pyrrhula","Europe","Tbr","C","adult","survival",0.400358563896975,1,3,15,0,0,0,20
"10.1098/rstb.2022.0194",2023,"Birds","Pyrrhula pyrrhula","Europe","Tbr","C","adult","survival",0.635826869606404,1,3,15,0,0,0,20
"10.1098/rstb.2022.0194",2023,"Birds","Pyrrhula pyrrhula","Europe","Tbr","C","adult","survival",1.12023586968842,1,3,15,0,0,0,20
"10.1098/rstb.2022.0194",2023,"Birds","Pyrrhula pyrrhula","Europe","Tbr","C","adult","fecundity",0.334610596006091,1,3,15,0,0,0,20
"10.1098/rstb.2022.0194",2023,"Birds","Pyrrhula pyrrhula","Europe","Tbr","C","adult","fecundity",0.33165100372275,1,3,15,0,0,0,20
"10.1098/rstb.2022.0194",2023,"Birds","Pyrrhula pyrrhula","Europe","Tbr","C","adult","survival",0.312695676759927,1,3,15,0,0,0,20
"10.1098/rstb.2022.0194",2023,"Birds","Pyrrhula pyrrhula","Europe","Tbr","C","adult","survival",0.388435720778206,1,3,15,0,0,0,20
"10.1098/rstb.2022.0194",2023,"Birds","Pyrrhula pyrrhula","Europe","Pbr","C","adult","survival",0.00554371329353471,1,3,15,0,0,0,20
"10.1098/rstb.2022.0194",2023,"Birds","Pyrrhula pyrrhula","Europe","Pbr","C","adult","survival",0.0159794825967305,1,3,15,0,0,0,20
"10.1098/rstb.2022.0194",2023,"Birds","Pyrrhula pyrrhula","Europe","Pbr","C","adult","fecundity",0.0506743042033775,1,3,15,0,0,0,20
"10.1098/rstb.2022.0194",2023,"Birds","Pyrrhula pyrrhula","Europe","Pbr","C","adult","fecundity",0.0311686096674674,1,3,15,0,0,0,20
"10.1098/rstb.2022.0194",2023,"Birds","Pyrrhula pyrrhula","Europe","Pbr","C","adult","survival",0.0279857401467207,1,3,15,0,0,0,20
"10.1098/rstb.2022.0194",2023,"Birds","Pyrrhula pyrrhula","Europe","Pbr","C","adult","survival",0.0519634107723292,1,3,15,0,0,0,20
"10.1098/rstb.2022.0194",2023,"Birds","Pyrrhula pyrrhula","Europe","Pbr","C","adult","survival",0.0183802550031188,1,3,15,0,0,0,20
"10.1098/rstb.2022.0194",2023,"Birds","Pyrrhula pyrrhula","Europe","Pbr","C","adult","survival",0.0115033210789076,1,3,15,0,0,0,20
"10.1098/rstb.2022.0194",2023,"Birds","Pyrrhula pyrrhula","Europe","Pbr","C","adult","fecundity",0.0182236645308359,1,3,15,0,0,0,20
"10.1098/rstb.2022.0194",2023,"Birds","Pyrrhula pyrrhula","Europe","Pbr","C","adult","fecundity",0.00554371329353471,1,3,15,0,0,0,20
"10.1098/rstb.2022.0194",2023,"Birds","Pyrrhula pyrrhula","Europe","Pbr","C","adult","survival",0.0159794825967305,1,3,15,0,0,0,20
"10.1098/rstb.2022.0194",2023,"Birds","Pyrrhula pyrrhula","Europe","Pbr","C","adult","survival",0.0224678631700847,1,3,15,0,0,0,20
"10.1098/rstb.2022.0194",2023,"Birds","Pyrrhula pyrrhula","Europe","Pbr","C","adult","survival",0.0311686096674674,1,3,15,0,0,0,20
"10.1098/rstb.2022.0194",2023,"Birds","Pyrrhula pyrrhula","Europe","Pbr","C","adult","survival",0.00710819067771137,1,3,15,0,0,0,20
"10.1098/rstb.2022.0194",2023,"Birds","Pyrrhula pyrrhula","Europe","Pbr","C","adult","fecundity",0.14448264572514,1,3,15,0,0,0,20
"10.1098/rstb.2022.0194",2023,"Birds","Pyrrhula pyrrhula","Europe","Pbr","C","adult","fecundity",0.0183802550031188,1,3,15,0,0,0,20
"10.1098/rstb.2022.0194",2023,"Birds","Pyrrhula pyrrhula","Europe","Pbr","C","adult","survival",0.0130947490050972,1,3,15,0,0,0,20
"10.1098/rstb.2022.0194",2023,"Birds","Pyrrhula pyrrhula","Europe","Pbr","C","adult","survival",0.0182236645308359,1,3,15,0,0,0,20
"10.1098/rstb.2022.0194",2023,"Birds","Pyrrhula pyrrhula","Europe","Pbr","C","adult","survival",0.00554371329353471,1,3,15,0,0,0,20
"10.1098/rstb.2022.0194",2023,"Birds","Pyrrhula pyrrhula","Europe","Pbr","C","adult","survival",0.0529663213781983,1,3,15,0,0,0,20
"10.1098/rstb.2022.0194",2023,"Birds","Pyrrhula pyrrhula","Europe","Pbr","C","adult","fecundity",0.0224678631700847,1,3,15,0,0,0,20
"10.1098/rstb.2022.0194",2023,"Birds","Pyrrhula pyrrhula","Europe","Pbr","C","adult","fecundity",0.0311686096674674,1,3,15,0,0,0,20
"10.1098/rstb.2022.0194",2023,"Birds","Pyrrhula pyrrhula","Europe","Pbr","C","adult","survival",0.0436540035982842,1,3,15,0,0,0,20
"10.1098/rstb.2022.0194",2023,"Birds","Pyrrhula pyrrhula","Europe","Pbr","C","adult","survival",0.0648985711535192,1,3,15,0,0,0,20
"10.1098/rstb.2022.0194",2023,"Birds","Pyrrhula pyrrhula","Europe","Pbr","C","adult","survival",0.0183802550031188,1,3,15,0,0,0,20
"10.1098/rstb.2022.0194",2023,"Birds","Pyrrhula pyrrhula","Europe","Pbr","C","adult","survival",0.0130947490050972,1,3,15,0,0,0,20
"10.1098/rstb.2022.0194",2023,"Birds","Pyrrhula pyrrhula","Europe","Pbr","C","adult","fecundity",0.0182236645308359,1,3,15,0,0,0,20
"10.1098/rstb.2022.0194",2023,"Birds","Pyrrhula pyrrhula","Europe","Pbr","C","adult","fecundity",0.00554371329353471,1,3,15,0,0,0,20
"10.1098/rstb.2022.0194",2023,"Birds","Pyrrhula pyrrhula","Europe","Pbr","C","adult","survival",0.0529663213781983,1,3,15,0,0,0,20
"10.1098/rstb.2022.0194",2023,"Birds","Pyrrhula pyrrhula","Europe","Pbr","C","adult","survival",0.0224678631700847,1,3,15,0,0,0,20
"10.1098/rstb.2022.0194",2023,"Birds","Pyrrhula pyrrhula","Europe","Pbr","C","adult","survival",0.0334896089740331,1,3,15,0,0,0,20
"10.1098/rstb.2022.0194",2023,"Birds","Pyrrhula pyrrhula","Europe","Pbr","C","adult","survival",0.000471340587127576,1,3,15,0,0,0,20
"10.1098/rstb.2022.0194",2023,"Birds","Pyrrhula pyrrhula","Europe","Pbr","C","adult","fecundity",0.0947088045808186,1,3,15,0,0,0,20
"10.1098/rstb.2022.0194",2023,"Birds","Pyrrhula pyrrhula","Europe","Pbr","C","adult","fecundity",0.0183802550031188,1,3,15,0,0,0,20
"10.1098/rstb.2022.0194",2023,"Birds","Pyrrhula pyrrhula","Europe","Pbr","C","adult","survival",0.0130947490050972,1,3,15,0,0,0,20
"10.1098/rstb.2022.0194",2023,"Birds","Pyrrhula pyrrhula","Europe","Pbr","C","adult","survival",0.00729561779466643,1,3,15,0,0,0,20
"10.1098/rstb.2022.0194",2023,"Birds","Pyrrhula pyrrhula","Europe","Pbr","C","adult","survival",0.00554371329353471,1,3,15,0,0,0,20
"10.1098/rstb.2022.0194",2023,"Birds","Pyrrhula pyrrhula","Europe","Pbr","C","adult","survival",0.0529663213781983,1,3,15,0,0,0,20
"10.1098/rstb.2022.0194",2023,"Birds","Pyrrhula pyrrhula","Europe","Pbr","C","adult","fecundity",0.0548378565207957,1,3,15,0,0,0,20
"10.1098/rstb.2022.0194",2023,"Birds","Pyrrhula pyrrhula","Europe","Pbr","C","adult","fecundity",0.0334896089740331,1,3,15,0,0,0,20
"10.1098/rstb.2022.0194",2023,"Birds","Pyrrhula pyrrhula","Europe","Pbr","C","adult","survival",0.0599974997290691,1,3,15,0,0,0,20
"10.1098/rstb.2022.0194",2023,"Birds","Pyrrhula pyrrhula","Europe","Pbr","C","adult","survival",0.0990787134595116,1,3,15,0,0,0,20
"10.1098/rstb.2022.0194",2023,"Birds","Pyrrhula pyrrhula","Europe","Pbr","C","adult","survival",0.0183802550031188,1,3,15,0,0,0,20
"10.1098/rstb.2022.0194",2023,"Birds","Pyrrhula pyrrhula","Europe","Pbr","C","adult","survival",0.0130947490050972,1,3,15,0,0,0,20
"10.1098/rstb.2022.0194",2023,"Birds","Pyrrhula pyrrhula","Europe","Pbr","C","adult","fecundity",0.00729561779466643,1,3,15,0,0,0,20
"10.1098/rstb.2022.0194",2023,"Birds","Pyrrhula pyrrhula","Europe","Pbr","C","adult","fecundity",0.00554371329353471,1,3,15,0,0,0,20
"10.1098/rstb.2022.0194",2023,"Birds","Pyrrhula pyrrhula","Europe","Pbr","C","adult","survival",0.0529663213781983,1,3,15,0,0,0,20
"10.1098/rstb.2022.0194",2023,"Birds","Pyrrhula pyrrhula","Europe","Pbr","C","adult","survival",0.036198209033385,1,3,15,0,0,0,20
"10.1098/rstb.2022.0194",2023,"Birds","Pyrrhula pyrrhula","Europe","Pbr","C","adult","survival",0.0271071966341897,1,3,15,0,0,0,20
"10.1098/rstb.2022.0194",2023,"Birds","Pyrrhula pyrrhula","Europe","Pbr","C","adult","survival",0.0351092943294913,1,3,15,0,0,0,20
"10.1098/rstb.2022.0194",2023,"Birds","Pyrrhula pyrrhula","Europe","Pbr","C","adult","fecundity",0.0423999051303828,1,3,15,0,0,0,20
"10.1098/rstb.2022.0194",2023,"Birds","Pyrrhula pyrrhula","Europe","Pbr","C","adult","fecundity",0.0183802550031188,1,3,15,0,0,0,20
"10.1098/rstb.2022.0194",2023,"Birds","Pyrrhula pyrrhula","Europe","Pbr","C","adult","survival",0.034550509243034,1,3,15,0,0,0,20
"10.1098/rstb.2022.0194",2023,"Birds","Pyrrhula pyrrhula","Europe","Pbr","C","adult","survival",0.0140487537297707,1,3,15,0,0,0,20
"10.1098/rstb.2022.0194",2023,"Birds","Pyrrhula pyrrhula","Europe","Pbr","C","adult","survival",0.00554371329353471,1,3,15,0,0,0,20
"10.1098/rstb.2022.0194",2023,"Birds","Pyrrhula pyrrhula","Europe","Pbr","C","adult","survival",0.0529663213781983,1,3,15,0,0,0,20
"10.1098/rstb.2022.0194",2023,"Birds","Pyrrhula pyrrhula","Europe","Pbr","C","adult","fecundity",0.0776551837224817,1,3,15,0,0,0,20
"10.1098/rstb.2022.0194",2023,"Birds","Pyrrhula pyrrhula","Europe","Pbr","C","adult","fecundity",0.0271071966341897,1,3,15,0,0,0,20
"10.1098/rstb.2022.0194",2023,"Birds","Pyrrhula pyrrhula","Europe","Pbr","C","adult","survival",0.0353291787447248,1,3,15,0,0,0,20
"10.1098/rstb.2022.0194",2023,"Birds","Pyrrhula pyrrhula","Europe","Pbr","C","adult","survival",0.0627137323018959,1,3,15,0,0,0,20
"10.1098/rstb.2022.0194",2023,"Birds","Pyrrhula pyrrhula","Europe","Pbr","C","adult","survival",0.0183802550031188,1,3,15,0,0,0,20
"10.1098/rstb.2022.0194",2023,"Birds","Pyrrhula pyrrhula","Europe","Pbr","C","adult","survival",0.0197064036581027,1,3,15,0,0,0,20
"10.1098/rstb.2022.0194",2023,"Birds","Pyrrhula pyrrhula","Europe","Pbr","C","adult","fecundity",0.000384434764167468,1,3,15,0,0,0,20
"10.1098/rstb.2022.0194",2023,"Birds","Pyrrhula pyrrhula","Europe","Pbr","C","adult","fecundity",0.0253968763455198,1,3,15,0,0,0,20
"10.1098/rstb.2022.0194",2023,"Birds","Pyrrhula pyrrhula","Europe","Pbr","C","adult","survival",0.0529663213781983,1,3,15,0,0,0,20
"10.1098/rstb.2022.0194",2023,"Birds","Pyrrhula pyrrhula","Europe","Pbr","C","adult","survival",0.0910039243547914,1,3,15,0,0,0,20
"10.1098/rstb.2022.0194",2023,"Birds","Pyrrhula pyrrhula","Europe","Pbr","C","adult","survival",0.028291978214453,1,3,15,0,0,0,20
"10.1098/rstb.2022.0194",2023,"Birds","Pyrrhula pyrrhula","Europe","Pbr","C","adult","survival",0.0467141926741835,1,3,15,0,0,0,20
"10.1098/rstb.2022.0194",2023,"Birds","Pyrrhula pyrrhula","Europe","Pbr","C","adult","fecundity",0.0633070037502884,1,3,15,0,0,0,20
"10.1098/rstb.2022.0194",2023,"Birds","Pyrrhula pyrrhula","Europe","Pbr","C","adult","fecundity",0.0183802550031188,1,3,15,0,0,0,20
"10.1098/rstb.2022.0194",2023,"Birds","Pyrrhula pyrrhula","Europe","Pbr","C","adult","survival",0.0197064036581027,1,3,15,0,0,0,20
"10.1098/rstb.2022.0194",2023,"Birds","Pyrrhula pyrrhula","Europe","Pbr","C","adult","survival",0.016394733945822,1,3,15,0,0,0,20
"10.1098/rstb.2022.0194",2023,"Birds","Pyrrhula pyrrhula","Europe","Pbr","C","adult","survival",0.0253968763455198,1,3,15,0,0,0,20
"10.1098/rstb.2022.0194",2023,"Birds","Pyrrhula pyrrhula","Europe","Pbr","C","adult","survival",0.017598782649709,1,3,15,0,0,0,20
"10.1098/rstb.2022.0194",2023,"Birds","Pyrrhula pyrrhula","Europe","Pbr","C","adult","fecundity",0.055224324001931,1,3,15,0,0,0,20
"10.1098/rstb.2022.0194",2023,"Birds","Pyrrhula pyrrhula","Europe","Pbr","C","adult","fecundity",0.028291978214453,1,3,15,0,0,0,20
"10.1098/rstb.2022.0194",2023,"Birds","Pyrrhula pyrrhula","Europe","Pbr","C","adult","survival",0.0467141926741835,1,3,15,0,0,0,20
"10.1098/rstb.2022.0194",2023,"Birds","Pyrrhula pyrrhula","Europe","Pbr","C","adult","survival",0.0633070037502884,1,3,15,0,0,0,20
"10.1098/rstb.2022.0194",2023,"Birds","Pyrrhula pyrrhula","Europe","Pbr","C","adult","survival",0.0183802550031188,1,3,15,0,0,0,20
"10.1098/rstb.2022.0194",2023,"Birds","Pyrrhula pyrrhula","Europe","Pbr","C","adult","survival",0.0704519501536357,1,3,15,0,0,0,20
"10.1098/rstb.2022.0194",2023,"Birds","Pyrrhula pyrrhula","Europe","Pbr","C","adult","fecundity",0.0201564677469737,1,3,15,0,0,0,20
"10.1098/rstb.2022.0194",2023,"Birds","Pyrrhula pyrrhula","Europe","Pbr","C","adult","fecundity",0.0253968763455198,1,3,15,0,0,0,20
"10.1098/rstb.2022.0194",2023,"Birds","Pyrrhula pyrrhula","Europe","Pbr","C","adult","survival",0.00258658865672449,1,3,15,0,0,0,20
"10.1098/rstb.2022.0194",2023,"Birds","Pyrrhula pyrrhula","Europe","Pbr","C","adult","survival",0.0439317525571477,1,3,15,0,0,0,20
"10.1098/rstb.2022.0194",2023,"Birds","Pyrrhula pyrrhula","Europe","Pbr","C","adult","survival",0.028291978214453,1,3,15,0,0,0,20
"10.1098/rstb.2022.0194",2023,"Birds","Pyrrhula pyrrhula","Europe","Pbr","C","adult","survival",0.0716841083446707,1,3,15,0,0,0,20
"10.1098/rstb.2022.0194",2023,"Birds","Pyrrhula pyrrhula","Europe","Pbr","C","adult","fecundity",0.0633070037502884,1,3,15,0,0,0,20
"10.1098/rstb.2022.0194",2023,"Birds","Pyrrhula pyrrhula","Europe","Pbr","C","adult","fecundity",0.0161254734948418,1,3,15,0,0,0,20
"10.1098/rstb.2022.0194",2023,"Birds","Pyrrhula pyrrhula","Europe","Pbr","C","adult","survival",0.0704519501536357,1,3,15,0,0,0,20
"10.1098/rstb.2022.0194",2023,"Birds","Pyrrhula pyrrhula","Europe","Pbr","C","adult","survival",0.012822131964085,1,3,15,0,0,0,20
"10.1098/rstb.2022.0194",2023,"Birds","Pyrrhula pyrrhula","Europe","Pbr","C","adult","survival",0.0148505556114377,1,3,15,0,0,0,20
"10.1098/rstb.2022.0194",2023,"Birds","Pyrrhula pyrrhula","Europe","Pbr","C","adult","survival",0.0129642453280906,1,3,15,0,0,0,20
"10.1098/rstb.2022.0194",2023,"Birds","Pyrrhula pyrrhula","Europe","Pbr","C","adult","fecundity",0.0569630858884341,1,3,15,0,0,0,20
"10.1098/rstb.2022.0194",2023,"Birds","Pyrrhula pyrrhula","Europe","Pbr","C","adult","fecundity",0.028291978214453,1,3,15,0,0,0,20
"10.1098/rstb.2022.0194",2023,"Birds","Pyrrhula pyrrhula","Europe","Pbr","C","adult","survival",0.0716841083446707,1,3,15,0,0,0,20
"10.1098/rstb.2022.0194",2023,"Birds","Pyrrhula pyrrhula","Europe","Pbr","C","adult","survival",0.0396915208827256,1,3,15,0,0,0,20
"10.1098/rstb.2022.0194",2023,"Birds","Pyrrhula pyrrhula","Europe","Pbr","C","adult","survival",0.0161254734948418,1,3,15,0,0,0,20
"10.1098/rstb.2022.0194",2023,"Birds","Pyrrhula pyrrhula","Europe","Pbr","C","adult","survival",0.0704519501536357,1,3,15,0,0,0,20
"10.1098/rstb.2022.0194",2023,"Birds","Pyrrhula pyrrhula","Europe","Pbr","C","adult","fecundity",0.0348915350098664,1,3,15,0,0,0,20
"10.1098/rstb.2022.0194",2023,"Birds","Pyrrhula pyrrhula","Europe","Pbr","C","adult","fecundity",0.0148505556114377,1,3,15,0,0,0,20
"10.1098/rstb.2022.0194",2023,"Birds","Pyrrhula pyrrhula","Europe","Pwn","C","juvenile","survival",0.234702268402016,1,3,15,0,0,0,20
"10.1098/rstb.2022.0194",2023,"Birds","Pyrrhula pyrrhula","Europe","Pwn","C","juvenile","survival",0.300766033387796,1,3,15,0,0,0,20
"10.1098/rstb.2022.0194",2023,"Birds","Pyrrhula pyrrhula","Europe","Pwn","C","juvenile","survival",0.193097696545585,1,3,15,0,0,0,20
"10.1098/rstb.2022.0194",2023,"Birds","Pyrrhula pyrrhula","Europe","Pwn","C","juvenile","survival",0.259416202237983,1,3,15,0,0,0,20
"10.1098/rstb.2022.0194",2023,"Birds","Pyrrhula pyrrhula","Europe","Pwn","C","juvenile","fecundity",0.169056077645728,1,3,15,0,0,0,20
"10.1098/rstb.2022.0194",2023,"Birds","Pyrrhula pyrrhula","Europe","Pwn","C","juvenile","fecundity",0.247272312615626,1,3,15,0,0,0,20
"10.1098/rstb.2022.0194",2023,"Birds","Pyrrhula pyrrhula","Europe","Pwn","C","juvenile","survival",0.189734997859362,1,3,15,0,0,0,20
"10.1098/rstb.2022.0194",2023,"Birds","Pyrrhula pyrrhula","Europe","Pwn","C","juvenile","survival",0.194703446567318,1,3,15,0,0,0,20
"10.1098/rstb.2022.0194",2023,"Birds","Pyrrhula pyrrhula","Europe","Pwn","C","juvenile","survival",0.322054761888803,1,3,15,0,0,0,20
"10.1098/rstb.2022.0194",2023,"Birds","Pyrrhula pyrrhula","Europe","Pwn","C","juvenile","survival",0.234702268402016,1,3,15,0,0,0,20
"10.1098/rstb.2022.0194",2023,"Birds","Pyrrhula pyrrhula","Europe","Pwn","C","juvenile","fecundity",0.300766033387796,1,3,15,0,0,0,20
"10.1098/rstb.2022.0194",2023,"Birds","Pyrrhula pyrrhula","Europe","Pwn","C","juvenile","fecundity",0.340903868900865,1,3,15,0,0,0,20
"10.1098/rstb.2022.0194",2023,"Birds","Pyrrhula pyrrhula","Europe","Pwn","C","juvenile","survival",0.259416202237983,1,3,15,0,0,0,20
"10.1098/rstb.2022.0194",2023,"Birds","Pyrrhula pyrrhula","Europe","Pwn","C","juvenile","survival",0.276835962545239,1,3,15,0,0,0,20
"10.1098/rstb.2022.0194",2023,"Birds","Pyrrhula pyrrhula","Europe","Pwn","C","juvenile","survival",0.278483536992159,1,3,15,0,0,0,20
"10.1098/rstb.2022.0194",2023,"Birds","Pyrrhula pyrrhula","Europe","Pwn","C","juvenile","survival",0.189734997859362,1,3,15,0,0,0,20
"10.1098/rstb.2022.0194",2023,"Birds","Pyrrhula pyrrhula","Europe","Pwn","C","juvenile","fecundity",0.192393644078092,1,3,15,0,0,0,20
"10.1098/rstb.2022.0194",2023,"Birds","Pyrrhula pyrrhula","Europe","Pwn","C","juvenile","fecundity",0.322054761888803,1,3,15,0,0,0,20
"10.1098/rstb.2022.0194",2023,"Birds","Pyrrhula pyrrhula","Europe","Pwn","C","juvenile","survival",0.234702268402016,1,3,15,0,0,0,20
"10.1098/rstb.2022.0194",2023,"Birds","Pyrrhula pyrrhula","Europe","Pwn","C","juvenile","survival",0.245548863224381,1,3,15,0,0,0,20
"10.1098/rstb.2022.0194",2023,"Birds","Pyrrhula pyrrhula","Europe","Pwn","C","juvenile","survival",0.340903868900865,1,3,15,0,0,0,20
"10.1098/rstb.2022.0194",2023,"Birds","Pyrrhula pyrrhula","Europe","Pwn","C","juvenile","survival",0.259416202237983,1,3,15,0,0,0,20
"10.1098/rstb.2022.0194",2023,"Birds","Pyrrhula pyrrhula","Europe","Pwn","C","juvenile","fecundity",0.281573140193301,1,3,15,0,0,0,20
"10.1098/rstb.2022.0194",2023,"Birds","Pyrrhula pyrrhula","Europe","Pwn","C","juvenile","fecundity",0.273560642795038,1,3,15,0,0,0,20
"10.1098/rstb.2022.0194",2023,"Birds","Pyrrhula pyrrhula","Europe","Pwn","C","juvenile","survival",0.189734997859362,1,3,15,0,0,0,20
"10.1098/rstb.2022.0194",2023,"Birds","Pyrrhula pyrrhula","Europe","Pwn","C","juvenile","survival",0.192393644078092,1,3,15,0,0,0,20
"10.1098/rstb.2022.0194",2023,"Birds","Pyrrhula pyrrhula","Europe","Pwn","C","juvenile","survival",0.322054761888803,1,3,15,0,0,0,20
"10.1098/rstb.2022.0194",2023,"Birds","Pyrrhula pyrrhula","Europe","Pwn","C","juvenile","survival",0.234702268402016,1,3,15,0,0,0,20
"10.1098/rstb.2022.0194",2023,"Birds","Pyrrhula pyrrhula","Europe","Pwn","C","juvenile","fecundity",0.245548863224381,1,3,15,0,0,0,20
"10.1098/rstb.2022.0194",2023,"Birds","Pyrrhula pyrrhula","Europe","Pwn","C","juvenile","fecundity",0.340903868900865,1,3,15,0,0,0,20
"10.1098/rstb.2022.0194",2023,"Birds","Pyrrhula pyrrhula","Europe","Pwn","C","juvenile","survival",0.213351206060014,1,3,15,0,0,0,20
"10.1098/rstb.2022.0194",2023,"Birds","Pyrrhula pyrrhula","Europe","Pwn","C","juvenile","survival",0.281305660618202,1,3,15,0,0,0,20
"10.1098/rstb.2022.0194",2023,"Birds","Pyrrhula pyrrhula","Europe","Pwn","C","juvenile","survival",0.218312064630282,1,3,15,0,0,0,20
"10.1098/rstb.2022.0194",2023,"Birds","Pyrrhula pyrrhula","Europe","Pwn","C","juvenile","survival",0.189734997859362,1,3,15,0,0,0,20
"10.1098/rstb.2022.0194",2023,"Birds","Pyrrhula pyrrhula","Europe","Pwn","C","juvenile","fecundity",0.192393644078092,1,3,15,0,0,0,20
"10.1098/rstb.2022.0194",2023,"Birds","Pyrrhula pyrrhula","Europe","Pwn","C","juvenile","fecundity",0.318205447152777,1,3,15,0,0,0,20
"10.1098/rstb.2022.0194",2023,"Birds","Pyrrhula pyrrhula","Europe","Pwn","C","juvenile","survival",0.234702268402016,1,3,15,0,0,0,20
"10.1098/rstb.2022.0194",2023,"Birds","Pyrrhula pyrrhula","Europe","Pwn","C","juvenile","survival",0.245548863224381,1,3,15,0,0,0,20
"10.1098/rstb.2022.0194",2023,"Birds","Pyrrhula pyrrhula","Europe","Pwn","C","juvenile","survival",0.297272047953531,1,3,15,0,0,0,20
"10.1098/rstb.2022.0194",2023,"Birds","Pyrrhula pyrrhula","Europe","Pwn","C","juvenile","survival",0.213351206060014,1,3,15,0,0,0,20
"10.1098/rstb.2022.0194",2023,"Birds","Pyrrhula pyrrhula","Europe","Pwn","C","juvenile","fecundity",0.226596498109784,1,3,15,0,0,0,20
"10.1098/rstb.2022.0194",2023,"Birds","Pyrrhula pyrrhula","Europe","Pwn","C","juvenile","fecundity",0.253721380142219,1,3,15,0,0,0,20
"10.1098/rstb.2022.0194",2023,"Birds","Pyrrhula pyrrhula","Europe","Pwn","C","juvenile","survival",0.189734997859362,1,3,15,0,0,0,20
"10.1098/rstb.2022.0194",2023,"Birds","Pyrrhula pyrrhula","Europe","Pwn","C","juvenile","survival",0.192393644078092,1,3,15,0,0,0,20
"10.1098/rstb.2022.0194",2023,"Birds","Pyrrhula pyrrhula","Europe","Pwn","C","juvenile","survival",0.318205447152777,1,3,15,0,0,0,20
"10.1098/rstb.2022.0194",2023,"Birds","Pyrrhula pyrrhula","Europe","Pwn","C","juvenile","survival",0.234702268402016,1,3,15,0,0,0,20
"10.1098/rstb.2022.0194",2023,"Birds","Pyrrhula pyrrhula","Europe","Pwn","C","juvenile","fecundity",0.245548863224381,1,3,15,0,0,0,20
"10.1098/rstb.2022.0194",2023,"Birds","Pyrrhula pyrrhula","Europe","Pwn","C","juvenile","fecundity",0.373894323295224,1,3,15,0,0,0,20
"10.1098/rstb.2022.0194",2023,"Birds","Pyrrhula pyrrhula","Europe","Pwn","C","juvenile","survival",0.196641032683834,1,3,15,0,0,0,20
"10.1098/rstb.2022.0194",2023,"Birds","Pyrrhula pyrrhula","Europe","Pwn","C","juvenile","survival",0.290184439710139,1,3,15,0,0,0,20
"10.1098/rstb.2022.0194",2023,"Birds","Pyrrhula pyrrhula","Europe","Pwn","C","juvenile","survival",0.174366131340079,1,3,15,0,0,0,20
"10.1098/rstb.2022.0194",2023,"Birds","Pyrrhula pyrrhula","Europe","Pwn","C","juvenile","survival",0.189734997859362,1,3,15,0,0,0,20
"10.1098/rstb.2022.0194",2023,"Birds","Pyrrhula pyrrhula","Europe","Pwn","C","juvenile","fecundity",0.0922019952031918,1,3,15,0,0,0,20
"10.1098/rstb.2022.0194",2023,"Birds","Pyrrhula pyrrhula","Europe","Pwn","C","juvenile","fecundity",0.26055119793197,1,3,15,0,0,0,20
"10.1098/rstb.2022.0194",2023,"Birds","Pyrrhula pyrrhula","Europe","Pwn","C","juvenile","survival",0.234702268402016,1,3,15,0,0,0,20
"10.1098/rstb.2022.0194",2023,"Birds","Pyrrhula pyrrhula","Europe","Pwn","C","juvenile","survival",0.245548863224381,1,3,15,0,0,0,20
"10.1098/rstb.2022.0194",2023,"Birds","Pyrrhula pyrrhula","Europe","Pwn","C","juvenile","survival",0.24157175546368,1,3,15,0,0,0,20
"10.1098/rstb.2022.0194",2023,"Birds","Pyrrhula pyrrhula","Europe","Pwn","C","juvenile","survival",0.196641032683834,1,3,15,0,0,0,20
"10.1098/rstb.2022.0194",2023,"Birds","Pyrrhula pyrrhula","Europe","Pwn","C","juvenile","fecundity",0.292250749240577,1,3,15,0,0,0,20
"10.1098/rstb.2022.0194",2023,"Birds","Pyrrhula pyrrhula","Europe","Pwn","C","juvenile","fecundity",0.120577717091766,1,3,15,0,0,0,20
"10.1098/rstb.2022.0194",2023,"Birds","Pyrrhula pyrrhula","Europe","Pwn","C","juvenile","survival",0.189734997859362,1,3,15,0,0,0,20
"10.1098/rstb.2022.0194",2023,"Birds","Pyrrhula pyrrhula","Europe","Pwn","C","juvenile","survival",0.221156100708996,1,3,15,0,0,0,20
"10.1098/rstb.2022.0194",2023,"Birds","Pyrrhula pyrrhula","Europe","Pwn","C","juvenile","survival",0.356810904827766,1,3,15,0,0,0,20
"10.1098/rstb.2022.0194",2023,"Birds","Pyrrhula pyrrhula","Europe","Pwn","C","juvenile","survival",0.249733861025475,1,3,15,0,0,0,20
"10.1098/rstb.2022.0194",2023,"Birds","Pyrrhula pyrrhula","Europe","Pwn","C","juvenile","fecundity",0.245548863224381,1,3,15,0,0,0,20
"10.1098/rstb.2022.0194",2023,"Birds","Pyrrhula pyrrhula","Europe","Pwn","C","juvenile","fecundity",0.319355805309314,1,3,15,0,0,0,20
"10.1098/rstb.2022.0194",2023,"Birds","Pyrrhula pyrrhula","Europe","Pwn","C","juvenile","survival",0.202487311201348,1,3,15,0,0,0,20
"10.1098/rstb.2022.0194",2023,"Birds","Pyrrhula pyrrhula","Europe","Pwn","C","juvenile","survival",0.319257749201304,1,3,15,0,0,0,20
"10.1098/rstb.2022.0194",2023,"Birds","Pyrrhula pyrrhula","Europe","Pwn","C","juvenile","survival",0.2018422963179,1,3,15,0,0,0,20
"10.1098/rstb.2022.0194",2023,"Birds","Pyrrhula pyrrhula","Europe","Pwn","C","juvenile","survival",0.189734997859362,1,3,15,0,0,0,20
"10.1098/rstb.2022.0194",2023,"Birds","Pyrrhula pyrrhula","Europe","Pwn","C","juvenile","fecundity",0.221156100708996,1,3,15,0,0,0,20
"10.1098/rstb.2022.0194",2023,"Birds","Pyrrhula pyrrhula","Europe","Pwn","C","juvenile","fecundity",0.344026648809043,1,3,15,0,0,0,20
"10.1098/rstb.2022.0194",2023,"Birds","Pyrrhula pyrrhula","Europe","Pwn","C","juvenile","survival",0.249733861025475,1,3,15,0,0,0,20
"10.1098/rstb.2022.0194",2023,"Birds","Pyrrhula pyrrhula","Europe","Pwn","C","juvenile","survival",0.213835283468712,1,3,15,0,0,0,20
"10.1098/rstb.2022.0194",2023,"Birds","Pyrrhula pyrrhula","Europe","Pwn","C","juvenile","survival",0.267311240236069,1,3,15,0,0,0,20
"10.1098/rstb.2022.0194",2023,"Birds","Pyrrhula pyrrhula","Europe","Pwn","C","juvenile","survival",0.202487311201348,1,3,15,0,0,0,20
"10.1098/rstb.2022.0194",2023,"Birds","Pyrrhula pyrrhula","Europe","Pwn","C","juvenile","fecundity",0.319257749201304,1,3,15,0,0,0,20
"10.1098/rstb.2022.0194",2023,"Birds","Pyrrhula pyrrhula","Europe","Pwn","C","juvenile","fecundity",0.2018422963179,1,3,15,0,0,0,20
"10.1098/rstb.2022.0194",2023,"Birds","Pyrrhula pyrrhula","Europe","Pwn","C","juvenile","survival",0.189734997859362,1,3,15,0,0,0,20
"10.1098/rstb.2022.0194",2023,"Birds","Pyrrhula pyrrhula","Europe","Pwn","C","juvenile","survival",0.178908221421941,1,3,15,0,0,0,20
"10.1098/rstb.2022.0194",2023,"Birds","Pyrrhula pyrrhula","Europe","Pwn","C","juvenile","survival",0.280904453811659,1,3,15,0,0,0,20
"10.1098/rstb.2022.0194",2023,"Birds","Pyrrhula pyrrhula","Europe","Pwn","C","juvenile","survival",0.249733861025475,1,3,15,0,0,0,20
"10.1098/rstb.2022.0194",2023,"Birds","Pyrrhula pyrrhula","Europe","Pwn","C","juvenile","fecundity",0.215742640891575,1,3,15,0,0,0,20
"10.1098/rstb.2022.0194",2023,"Birds","Pyrrhula pyrrhula","Europe","Pwn","C","juvenile","fecundity",0.261927819019654,1,3,15,0,0,0,20
"10.1098/rstb.2022.0194",2023,"Birds","Pyrrhula pyrrhula","Europe","Pwn","C","juvenile","survival",0.202487311201348,1,3,15,0,0,0,20
"10.1098/rstb.2022.0194",2023,"Birds","Pyrrhula pyrrhula","Europe","Pwn","C","juvenile","survival",0.205867479392648,1,3,15,0,0,0,20
"10.1098/rstb.2022.0194",2023,"Birds","Pyrrhula pyrrhula","Europe","Pwn","C","juvenile","survival",0.2018422963179,1,3,15,0,0,0,20
"10.1098/rstb.2022.0194",2023,"Birds","Pyrrhula pyrrhula","Europe","Pwn","C","juvenile","survival",0.192031792137766,1,3,15,0,0,0,20
"10.1098/rstb.2022.0194",2023,"Birds","Pyrrhula pyrrhula","Europe","Pwn","C","juvenile","fecundity",0.178908221421941,1,3,15,0,0,0,20
"10.1098/rstb.2022.0194",2023,"Birds","Pyrrhula pyrrhula","Europe","Pwn","C","juvenile","fecundity",0.228441572765628,1,3,15,0,0,0,20
"10.1098/rstb.2022.0194",2023,"Birds","Pyrrhula pyrrhula","Europe","Pwn","C","juvenile","survival",0.244082820535561,1,3,15,0,0,0,20
"10.1098/rstb.2022.0194",2023,"Birds","Pyrrhula pyrrhula","Europe","Pwn","C","juvenile","survival",0.306085576026555,1,3,15,0,0,0,20
"10.1098/rstb.2022.0194",2023,"Birds","Pyrrhula pyrrhula","Europe","Pwn","C","juvenile","survival",0.296428249065139,1,3,15,0,0,0,20
"10.1098/rstb.2022.0194",2023,"Birds","Pyrrhula pyrrhula","Europe","Pwn","C","juvenile","survival",0.202487311201348,1,3,15,0,0,0,20
"10.1098/rstb.2022.0194",2023,"Birds","Pyrrhula pyrrhula","Europe","Pwn","C","juvenile","fecundity",0.205867479392648,1,3,15,0,0,0,20
"10.1098/rstb.2022.0194",2023,"Birds","Pyrrhula pyrrhula","Europe","Pwn","C","juvenile","fecundity",0.143961523946135,1,3,15,0,0,0,20
"10.1098/rstb.2022.0194",2023,"Birds","Pyrrhula pyrrhula","Europe","Pwn","C","juvenile","survival",0.192031792137766,1,3,15,0,0,0,20
"10.1098/rstb.2022.0194",2023,"Birds","Pyrrhula pyrrhula","Europe","Pwn","C","juvenile","survival",0.178908221421941,1,3,15,0,0,0,20
"10.1098/rstb.2022.0194",2023,"Birds","Pyrrhula pyrrhula","Europe","Pwn","C","juvenile","survival",0.3005021562496,1,3,15,0,0,0,20
"10.1098/rstb.2022.0194",2023,"Birds","Pyrrhula pyrrhula","Europe","Pwn","C","juvenile","survival",0.244082820535561,1,3,15,0,0,0,20
"10.1098/rstb.2022.0194",2023,"Birds","Pyrrhula pyrrhula","Europe","Pwn","C","adult","fecundity",0.0461059313053909,1,3,15,0,0,0,20
"10.1098/rstb.2022.0194",2023,"Birds","Pyrrhula pyrrhula","Europe","Pwn","C","adult","fecundity",0.144346023995044,1,3,15,0,0,0,20
"10.1098/rstb.2022.0194",2023,"Birds","Pyrrhula pyrrhula","Europe","Pwn","C","adult","survival",0.00742522415715723,1,3,15,0,0,0,20
"10.1098/rstb.2022.0194",2023,"Birds","Pyrrhula pyrrhula","Europe","Pwn","C","adult","survival",0.106907509545361,1,3,15,0,0,0,20
"10.1098/rstb.2022.0194",2023,"Birds","Pyrrhula pyrrhula","Europe","Pwn","C","adult","survival",0.0373449991601024,1,3,15,0,0,0,20
"10.1098/rstb.2022.0194",2023,"Birds","Pyrrhula pyrrhula","Europe","Pwn","C","adult","survival",0.166410705242705,1,3,15,0,0,0,20
"10.1098/rstb.2022.0194",2023,"Birds","Pyrrhula pyrrhula","Europe","Pwn","C","adult","fecundity",0.107817262275875,1,3,15,0,0,0,20
"10.1098/rstb.2022.0194",2023,"Birds","Pyrrhula pyrrhula","Europe","Pwn","C","adult","fecundity",0.0929617211129773,1,3,15,0,0,0,20
"10.1098/rstb.2022.0194",2023,"Birds","Pyrrhula pyrrhula","Europe","Pwn","C","adult","survival",0.0386362426641669,1,3,15,0,0,0,20
"10.1098/rstb.2022.0194",2023,"Birds","Pyrrhula pyrrhula","Europe","Pwn","C","adult","survival",0.0461059313053909,1,3,15,0,0,0,20
"10.1098/rstb.2022.0194",2023,"Birds","Pyrrhula pyrrhula","Europe","Pwn","C","adult","survival",0.144346023995044,1,3,15,0,0,0,20
"10.1098/rstb.2022.0194",2023,"Birds","Pyrrhula pyrrhula","Europe","Pwn","C","adult","survival",0.0332455422421099,1,3,15,0,0,0,20
"10.1098/rstb.2022.0194",2023,"Birds","Pyrrhula pyrrhula","Europe","Pwn","C","adult","fecundity",0.106907509545361,1,3,15,0,0,0,20
"10.1098/rstb.2022.0194",2023,"Birds","Pyrrhula pyrrhula","Europe","Pwn","C","adult","fecundity",0.142887025851691,1,3,15,0,0,0,20
"10.1098/rstb.2022.0194",2023,"Birds","Pyrrhula pyrrhula","Europe","Pwn","C","adult","survival",0.0827158032166821,1,3,15,0,0,0,20
"10.1098/rstb.2022.0194",2023,"Birds","Pyrrhula pyrrhula","Europe","Pwn","C","adult","survival",0.107817262275875,1,3,15,0,0,0,20
"10.1098/rstb.2022.0194",2023,"Birds","Pyrrhula pyrrhula","Europe","Pwn","C","adult","survival",0.0919383494431478,1,3,15,0,0,0,20
"10.1098/rstb.2022.0194",2023,"Birds","Pyrrhula pyrrhula","Europe","Pwn","C","adult","survival",0.0386362426641669,1,3,15,0,0,0,20
"10.1098/rstb.2022.0194",2023,"Birds","Pyrrhula pyrrhula","Europe","Pwn","C","adult","fecundity",0.0461059313053909,1,3,15,0,0,0,20
"10.1098/rstb.2022.0194",2023,"Birds","Pyrrhula pyrrhula","Europe","Pwn","C","adult","fecundity",0.0630541821376712,1,3,15,0,0,0,20
"10.1098/rstb.2022.0194",2023,"Birds","Pyrrhula pyrrhula","Europe","Pwn","C","adult","survival",0.0332455422421099,1,3,15,0,0,0,20
"10.1098/rstb.2022.0194",2023,"Birds","Pyrrhula pyrrhula","Europe","Pwn","C","adult","survival",0.106907509545361,1,3,15,0,0,0,20
"10.1098/rstb.2022.0194",2023,"Birds","Pyrrhula pyrrhula","Europe","Pwn","C","adult","survival",0.0381643184057954,1,3,15,0,0,0,20
"10.1098/rstb.2022.0194",2023,"Birds","Pyrrhula pyrrhula","Europe","Pwn","C","adult","survival",0.131718781130825,1,3,15,0,0,0,20
"10.1098/rstb.2022.0194",2023,"Birds","Pyrrhula pyrrhula","Europe","Pwn","C","adult","fecundity",0.107817262275875,1,3,15,0,0,0,20
"10.1098/rstb.2022.0194",2023,"Birds","Pyrrhula pyrrhula","Europe","Pwn","C","adult","fecundity",0.0919383494431478,1,3,15,0,0,0,20
"10.1098/rstb.2022.0194",2023,"Birds","Pyrrhula pyrrhula","Europe","Pwn","C","adult","survival",0.0386362426641669,1,3,15,0,0,0,20
"10.1098/rstb.2022.0194",2023,"Birds","Pyrrhula pyrrhula","Europe","Pwn","C","adult","survival",0.0461059313053909,1,3,15,0,0,0,20
"10.1098/rstb.2022.0194",2023,"Birds","Pyrrhula pyrrhula","Europe","Pwn","C","adult","survival",0.0630541821376712,1,3,15,0,0,0,20
"10.1098/rstb.2022.0194",2023,"Birds","Pyrrhula pyrrhula","Europe","Pwn","C","adult","survival",0.0332455422421099,1,3,15,0,0,0,20
"10.1098/rstb.2022.0194",2023,"Birds","Pyrrhula pyrrhula","Europe","Pwn","C","adult","fecundity",0.0896902856161118,1,3,15,0,0,0,20
"10.1098/rstb.2022.0194",2023,"Birds","Pyrrhula pyrrhula","Europe","Pwn","C","adult","fecundity",0.0560247907279577,1,3,15,0,0,0,20
"10.1098/rstb.2022.0194",2023,"Birds","Pyrrhula pyrrhula","Europe","Pwn","C","adult","survival",0.0892650888523162,1,3,15,0,0,0,20
"10.1098/rstb.2022.0194",2023,"Birds","Pyrrhula pyrrhula","Europe","Pwn","C","adult","survival",0.107817262275875,1,3,15,0,0,0,20
"10.1098/rstb.2022.0194",2023,"Birds","Pyrrhula pyrrhula","Europe","Pwn","C","adult","survival",0.0919383494431478,1,3,15,0,0,0,20
"10.1098/rstb.2022.0194",2023,"Birds","Pyrrhula pyrrhula","Europe","Pwn","C","adult","survival",0.0587293890486789,1,3,15,0,0,0,20
"10.1098/rstb.2022.0194",2023,"Birds","Pyrrhula pyrrhula","Europe","Pwn","C","adult","fecundity",0.0461059313053909,1,3,15,0,0,0,20
"10.1098/rstb.2022.0194",2023,"Birds","Pyrrhula pyrrhula","Europe","Pwn","C","adult","fecundity",0.0630541821376712,1,3,15,0,0,0,20
"10.1098/rstb.2022.0194",2023,"Birds","Pyrrhula pyrrhula","Europe","Pwn","C","adult","survival",0.0661483848656937,1,3,15,0,0,0,20
"10.1098/rstb.2022.0194",2023,"Birds","Pyrrhula pyrrhula","Europe","Pwn","C","adult","survival",0.0896902856161118,1,3,15,0,0,0,20
"10.1098/rstb.2022.0194",2023,"Birds","Pyrrhula pyrrhula","Europe","Pwn","C","adult","survival",0.0443626799336487,1,3,15,0,0,0,20
"10.1098/rstb.2022.0194",2023,"Birds","Pyrrhula pyrrhula","Europe","Pwn","C","adult","survival",0.0463612320533134,1,3,15,0,0,0,20
"10.1098/rstb.2022.0194",2023,"Birds","Pyrrhula pyrrhula","Europe","Pwn","C","adult","fecundity",0.107817262275875,1,3,15,0,0,0,20
"10.1098/rstb.2022.0194",2023,"Birds","Pyrrhula pyrrhula","Europe","Pwn","C","adult","fecundity",0.0919383494431478,1,3,15,0,0,0,20
"10.1098/rstb.2022.0194",2023,"Birds","Pyrrhula pyrrhula","Europe","Pwn","C","adult","survival",0.0587293890486789,1,3,15,0,0,0,20
"10.1098/rstb.2022.0194",2023,"Birds","Pyrrhula pyrrhula","Europe","Pwn","C","adult","survival",0.0461059313053909,1,3,15,0,0,0,20
"10.1098/rstb.2022.0194",2023,"Birds","Pyrrhula pyrrhula","Europe","Pwn","C","adult","survival",0.0630541821376712,1,3,15,0,0,0,20
"10.1098/rstb.2022.0194",2023,"Birds","Pyrrhula pyrrhula","Europe","Pwn","C","adult","survival",0.0886147421962521,1,3,15,0,0,0,20
"10.1098/rstb.2022.0194",2023,"Birds","Pyrrhula pyrrhula","Europe","Pwn","C","adult","fecundity",0.0692591237396814,1,3,15,0,0,0,20
"10.1098/rstb.2022.0194",2023,"Birds","Pyrrhula pyrrhula","Europe","Pwn","C","adult","fecundity",0.00948475189778616,1,3,15,0,0,0,20
"10.1098/rstb.2022.0194",2023,"Birds","Pyrrhula pyrrhula","Europe","Pwn","C","adult","survival",0.0640325938133844,1,3,15,0,0,0,20
"10.1098/rstb.2022.0194",2023,"Birds","Pyrrhula pyrrhula","Europe","Pwn","C","adult","survival",0.107817262275875,1,3,15,0,0,0,20
"10.1098/rstb.2022.0194",2023,"Birds","Pyrrhula pyrrhula","Europe","Pwn","C","adult","survival",0.0378511144740163,1,3,15,0,0,0,20
"10.1098/rstb.2022.0194",2023,"Birds","Pyrrhula pyrrhula","Europe","Pwn","C","adult","survival",0.0441981655252252,1,3,15,0,0,0,20
"10.1098/rstb.2022.0194",2023,"Birds","Pyrrhula pyrrhula","Europe","Pwn","C","adult","fecundity",0.0461059313053909,1,3,15,0,0,0,20
"10.1098/rstb.2022.0194",2023,"Birds","Pyrrhula pyrrhula","Europe","Pwn","C","adult","fecundity",0.0630541821376712,1,3,15,0,0,0,20
"10.1098/rstb.2022.0194",2023,"Birds","Pyrrhula pyrrhula","Europe","Pwn","C","adult","survival",0.0701832660988558,1,3,15,0,0,0,20
"10.1098/rstb.2022.0194",2023,"Birds","Pyrrhula pyrrhula","Europe","Pwn","C","adult","survival",0.0692591237396814,1,3,15,0,0,0,20
"10.1098/rstb.2022.0194",2023,"Birds","Pyrrhula pyrrhula","Europe","Pwn","C","adult","survival",0.0797516650815269,1,3,15,0,0,0,20
"10.1098/rstb.2022.0194",2023,"Birds","Pyrrhula pyrrhula","Europe","Pwn","C","adult","survival",0.039891855364026,1,3,15,0,0,0,20
"10.1098/rstb.2022.0194",2023,"Birds","Pyrrhula pyrrhula","Europe","Pwn","C","adult","fecundity",0.107817262275875,1,3,15,0,0,0,20
"10.1098/rstb.2022.0194",2023,"Birds","Pyrrhula pyrrhula","Europe","Pwn","C","adult","fecundity",0.00594861776647771,1,3,15,0,0,0,20
"10.1098/rstb.2022.0194",2023,"Birds","Pyrrhula pyrrhula","Europe","Pwn","C","adult","survival",0.0681726302810442,1,3,15,0,0,0,20
"10.1098/rstb.2022.0194",2023,"Birds","Pyrrhula pyrrhula","Europe","Pwn","C","adult","survival",0.0725724692462909,1,3,15,0,0,0,20
"10.1098/rstb.2022.0194",2023,"Birds","Pyrrhula pyrrhula","Europe","Pwn","C","adult","survival",0.0630541821376712,1,3,15,0,0,0,20
"10.1098/rstb.2022.0194",2023,"Birds","Pyrrhula pyrrhula","Europe","Pwn","C","adult","survival",0.202032475285414,1,3,15,0,0,0,20
"10.1098/rstb.2022.0194",2023,"Birds","Pyrrhula pyrrhula","Europe","Pwn","C","adult","fecundity",0.0327716489887427,1,3,15,0,0,0,20
"10.1098/rstb.2022.0194",2023,"Birds","Pyrrhula pyrrhula","Europe","Pwn","C","adult","fecundity",0.0874645366665174,1,3,15,0,0,0,20
"10.1098/rstb.2022.0194",2023,"Birds","Pyrrhula pyrrhula","Europe","Pwn","C","adult","survival",0.0162691091211363,1,3,15,0,0,0,20
"10.1098/rstb.2022.0194",2023,"Birds","Pyrrhula pyrrhula","Europe","Pwn","C","adult","survival",0.107817262275875,1,3,15,0,0,0,20
"10.1098/rstb.2022.0194",2023,"Birds","Pyrrhula pyrrhula","Europe","Pwn","C","adult","survival",0.00594861776647771,1,3,15,0,0,0,20
"10.1098/rstb.2022.0194",2023,"Birds","Pyrrhula pyrrhula","Europe","Pwn","C","adult","survival",0.0682671340574659,1,3,15,0,0,0,20
"10.1098/rstb.2022.0194",2023,"Birds","Pyrrhula pyrrhula","Europe","Pwn","C","adult","fecundity",0.0725724692462909,1,3,15,0,0,0,20
"10.1098/rstb.2022.0194",2023,"Birds","Pyrrhula pyrrhula","Europe","Pwn","C","adult","fecundity",0.093448323226686,1,3,15,0,0,0,20
"10.1098/rstb.2022.0194",2023,"Birds","Pyrrhula pyrrhula","Europe","Pwn","C","adult","survival",0.216373911520366,1,3,15,0,0,0,20
"10.1098/rstb.2022.0194",2023,"Birds","Pyrrhula pyrrhula","Europe","Pwn","C","adult","survival",0.0327716489887427,1,3,15,0,0,0,20
"10.1098/rstb.2022.0194",2023,"Birds","Pyrrhula pyrrhula","Europe","Pwn","C","adult","survival",0.0874645366665174,1,3,15,0,0,0,20
"10.1098/rstb.2022.0194",2023,"Birds","Pyrrhula pyrrhula","Europe","Pwn","C","adult","survival",0.0162691091211363,1,3,15,0,0,0,20
"10.1098/rstb.2022.0194",2023,"Birds","Pyrrhula pyrrhula","Europe","Pwn","C","adult","fecundity",0.107817262275875,1,3,15,0,0,0,20
"10.1098/rstb.2022.0194",2023,"Birds","Pyrrhula pyrrhula","Europe","Pwn","C","adult","fecundity",0.000740867224025096,1,3,15,0,0,0,20
"10.1098/rstb.2022.0194",2023,"Birds","Pyrrhula pyrrhula","Europe","Pwn","C","adult","survival",0.000904944558074028,1,3,15,0,0,0,20
"10.1098/rstb.2022.0194",2023,"Birds","Pyrrhula pyrrhula","Europe","Pwn","C","adult","survival",0.0725724692462909,1,3,15,0,0,0,20
"10.1098/rstb.2022.0194",2023,"Birds","Pyrrhula pyrrhula","Europe","Pwn","C","adult","survival",0.154117842733325,1,3,15,0,0,0,20
"10.1098/rstb.2022.0194",2023,"Birds","Pyrrhula pyrrhula","Europe","Pwn","C","adult","survival",0.203370992626242,1,3,15,0,0,0,20
"10.1098/rstb.2022.0194",2023,"Birds","Pyrrhula pyrrhula","Europe","Pwn","C","adult","fecundity",0.0327716489887427,1,3,15,0,0,0,20
"10.1098/rstb.2022.0194",2023,"Birds","Pyrrhula pyrrhula","Europe","Pwn","C","adult","fecundity",0.0697819985921503,1,3,15,0,0,0,20
"10.1098/rstb.2022.0194",2023,"Birds","Pyrrhula pyrrhula","Europe","Pwn","C","adult","survival",0.0162691091211363,1,3,15,0,0,0,20
"10.1098/rstb.2022.0194",2023,"Birds","Pyrrhula pyrrhula","Europe","Pwn","C","adult","survival",0.0945822519120911,1,3,15,0,0,0,20
"10.1098/rstb.2022.0194",2023,"Birds","Pyrrhula pyrrhula","Europe","Pwn","C","adult","survival",0.000740867224025096,1,3,15,0,0,0,20
"10.1098/rstb.2022.0194",2023,"Birds","Pyrrhula pyrrhula","Europe","Pwn","C","adult","survival",0.0741089681836911,1,3,15,0,0,0,20
"10.1098/rstb.2022.0194",2023,"Birds","Pyrrhula pyrrhula","Europe","Pwn","C","adult","fecundity",0.0659555718673935,1,3,15,0,0,0,20
"10.1098/rstb.2022.0194",2023,"Birds","Pyrrhula pyrrhula","Europe","Pwn","C","adult","fecundity",0.0119825868993339,1,3,15,0,0,0,20
"10.1098/rstb.2022.0194",2023,"Birds","Pyrrhula pyrrhula","Europe","Pwn","C","adult","survival",0.155079163495841,1,3,15,0,0,0,20
"10.1098/rstb.2022.0194",2023,"Birds","Pyrrhula pyrrhula","Europe","Pwn","C","adult","survival",0.0327716489887427,1,3,15,0,0,0,20
"10.1098/rstb.2022.0194",2023,"Birds","Pyrrhula pyrrhula","Europe","Pwn","C","adult","survival",0.0697819985921503,1,3,15,0,0,0,20
"10.1098/rstb.2022.0194",2023,"Birds","Pyrrhula pyrrhula","Europe","Pwn","C","adult","survival",0.031979191750602,1,3,15,0,0,0,20
"10.1098/rstb.2022.0194",2023,"Birds","Pyrrhula pyrrhula","Europe","Pwn","C","adult","fecundity",0.0945822519120911,1,3,15,0,0,0,20
"10.1098/rstb.2022.0194",2023,"Birds","Pyrrhula pyrrhula","Europe","Pwn","C","adult","fecundity",0.000740867224025096,1,3,15,0,0,0,20
"10.1098/rstb.2022.0194",2023,"Birds","Pyrrhula pyrrhula","Europe","Pwn","C","adult","survival",0.0255976241514869,1,3,15,0,0,0,20
"10.1098/rstb.2022.0194",2023,"Birds","Pyrrhula pyrrhula","Europe","Pwn","C","adult","survival",0.0659555718673935,1,3,15,0,0,0,20
"10.1098/rstb.2022.0194",2023,"Birds","Pyrrhula pyrrhula","Europe","Tat","C","juvenile","survival",0.307808805048062,1,3,15,0,0,0,20
"10.1098/rstb.2022.0194",2023,"Birds","Pyrrhula pyrrhula","Europe","Tat","C","juvenile","survival",0.366424237279186,1,3,15,0,0,0,20
"10.1098/rstb.2022.0194",2023,"Birds","Pyrrhula pyrrhula","Europe","Tat","C","juvenile","fecundity",0.494486992530213,1,3,15,0,0,0,20
"10.1098/rstb.2022.0194",2023,"Birds","Pyrrhula pyrrhula","Europe","Tat","C","juvenile","fecundity",0.216364574017549,1,3,15,0,0,0,20
"10.1098/rstb.2022.0194",2023,"Birds","Pyrrhula pyrrhula","Europe","Tat","C","juvenile","survival",0.274939510744679,1,3,15,0,0,0,20
"10.1098/rstb.2022.0194",2023,"Birds","Pyrrhula pyrrhula","Europe","Tat","C","juvenile","survival",0.264624474326033,1,3,15,0,0,0,20
"10.1098/rstb.2022.0194",2023,"Birds","Pyrrhula pyrrhula","Europe","Tat","C","juvenile","survival",0.329910602261719,1,3,15,0,0,0,20
"10.1098/rstb.2022.0194",2023,"Birds","Pyrrhula pyrrhula","Europe","Tat","C","juvenile","survival",0.368773811176426,1,3,15,0,0,0,20
"10.1098/rstb.2022.0194",2023,"Birds","Pyrrhula pyrrhula","Europe","Tat","C","juvenile","fecundity",0.296594812304742,1,3,15,0,0,0,20
"10.1098/rstb.2022.0194",2023,"Birds","Pyrrhula pyrrhula","Europe","Tat","C","juvenile","fecundity",0.307808805048062,1,3,15,0,0,0,20
"10.1098/rstb.2022.0194",2023,"Birds","Pyrrhula pyrrhula","Europe","Tat","C","juvenile","survival",0.366424237279186,1,3,15,0,0,0,20
"10.1098/rstb.2022.0194",2023,"Birds","Pyrrhula pyrrhula","Europe","Tat","C","juvenile","survival",0.377411635630349,1,3,15,0,0,0,20
"10.1098/rstb.2022.0194",2023,"Birds","Pyrrhula pyrrhula","Europe","Tat","C","juvenile","survival",0.216364574017549,1,3,15,0,0,0,20
"10.1098/rstb.2022.0194",2023,"Birds","Pyrrhula pyrrhula","Europe","Tat","C","juvenile","survival",0.376790418519341,1,3,15,0,0,0,20
"10.1098/rstb.2022.0194",2023,"Birds","Pyrrhula pyrrhula","Europe","Tat","C","juvenile","fecundity",0.416798643495796,1,3,15,0,0,0,20
"10.1098/rstb.2022.0194",2023,"Birds","Pyrrhula pyrrhula","Europe","Tat","C","juvenile","fecundity",0.329910602261719,1,3,15,0,0,0,20
"10.1098/rstb.2022.0194",2023,"Birds","Pyrrhula pyrrhula","Europe","Tat","C","juvenile","survival",0.370420929418783,1,3,15,0,0,0,20
"10.1098/rstb.2022.0194",2023,"Birds","Pyrrhula pyrrhula","Europe","Tat","C","juvenile","survival",0.296594812304742,1,3,15,0,0,0,20
"10.1098/rstb.2022.0194",2023,"Birds","Pyrrhula pyrrhula","Europe","Tat","C","juvenile","survival",0.307808805048062,1,3,15,0,0,0,20
"10.1098/rstb.2022.0194",2023,"Birds","Pyrrhula pyrrhula","Europe","Tat","C","juvenile","survival",0.344036457831435,1,3,15,0,0,0,20
"10.1098/rstb.2022.0194",2023,"Birds","Pyrrhula pyrrhula","Europe","Tat","C","juvenile","fecundity",0.377411635630349,1,3,15,0,0,0,20
"10.1098/rstb.2022.0194",2023,"Birds","Pyrrhula pyrrhula","Europe","Tat","C","juvenile","fecundity",0.216364574017549,1,3,15,0,0,0,20
"10.1098/rstb.2022.0194",2023,"Birds","Pyrrhula pyrrhula","Europe","Tat","C","juvenile","survival",0.259871923858851,1,3,15,0,0,0,20
"10.1098/rstb.2022.0194",2023,"Birds","Pyrrhula pyrrhula","Europe","Tat","C","juvenile","survival",0.312334492348574,1,3,15,0,0,0,20
"10.1098/rstb.2022.0194",2023,"Birds","Pyrrhula pyrrhula","Europe","Tat","C","juvenile","survival",0.329910602261719,1,3,15,0,0,0,20
"10.1098/rstb.2022.0194",2023,"Birds","Pyrrhula pyrrhula","Europe","Tat","C","juvenile","survival",0.370420929418783,1,3,15,0,0,0,20
"10.1098/rstb.2022.0194",2023,"Birds","Pyrrhula pyrrhula","Europe","Tat","C","juvenile","fecundity",0.296594812304742,1,3,15,0,0,0,20
"10.1098/rstb.2022.0194",2023,"Birds","Pyrrhula pyrrhula","Europe","Tat","C","juvenile","fecundity",0.307808805048062,1,3,15,0,0,0,20
"10.1098/rstb.2022.0194",2023,"Birds","Pyrrhula pyrrhula","Europe","Tat","C","juvenile","survival",0.344036457831435,1,3,15,0,0,0,20
"10.1098/rstb.2022.0194",2023,"Birds","Pyrrhula pyrrhula","Europe","Tat","C","juvenile","survival",0.377411635630349,1,3,15,0,0,0,20
"10.1098/rstb.2022.0194",2023,"Birds","Pyrrhula pyrrhula","Europe","Tat","C","juvenile","survival",0.285099006292992,1,3,15,0,0,0,20
"10.1098/rstb.2022.0194",2023,"Birds","Pyrrhula pyrrhula","Europe","Tat","C","juvenile","survival",0.293361734039706,1,3,15,0,0,0,20
"10.1098/rstb.2022.0194",2023,"Birds","Pyrrhula pyrrhula","Europe","Tat","C","juvenile","fecundity",0.296657603604558,1,3,15,0,0,0,20
"10.1098/rstb.2022.0194",2023,"Birds","Pyrrhula pyrrhula","Europe","Tat","C","juvenile","fecundity",0.329910602261719,1,3,15,0,0,0,20
"10.1098/rstb.2022.0194",2023,"Birds","Pyrrhula pyrrhula","Europe","Tat","C","juvenile","survival",0.370420929418783,1,3,15,0,0,0,20
"10.1098/rstb.2022.0194",2023,"Birds","Pyrrhula pyrrhula","Europe","Tat","C","juvenile","survival",0.283321641378574,1,3,15,0,0,0,20
"10.1098/rstb.2022.0194",2023,"Birds","Pyrrhula pyrrhula","Europe","Tat","C","juvenile","survival",0.307808805048062,1,3,15,0,0,0,20
"10.1098/rstb.2022.0194",2023,"Birds","Pyrrhula pyrrhula","Europe","Tat","C","juvenile","survival",0.344036457831435,1,3,15,0,0,0,20
"10.1098/rstb.2022.0194",2023,"Birds","Pyrrhula pyrrhula","Europe","Tat","C","juvenile","fecundity",0.399304955700703,1,3,15,0,0,0,20
"10.1098/rstb.2022.0194",2023,"Birds","Pyrrhula pyrrhula","Europe","Tat","C","juvenile","fecundity",0.285099006292992,1,3,15,0,0,0,20
"10.1098/rstb.2022.0194",2023,"Birds","Pyrrhula pyrrhula","Europe","Tat","C","juvenile","survival",0.40596091580638,1,3,15,0,0,0,20
"10.1098/rstb.2022.0194",2023,"Birds","Pyrrhula pyrrhula","Europe","Tat","C","juvenile","survival",0.192920016311612,1,3,15,0,0,0,20
"10.1098/rstb.2022.0194",2023,"Birds","Pyrrhula pyrrhula","Europe","Tat","C","juvenile","survival",0.329910602261719,1,3,15,0,0,0,20
"10.1098/rstb.2022.0194",2023,"Birds","Pyrrhula pyrrhula","Europe","Tat","C","juvenile","survival",0.370420929418783,1,3,15,0,0,0,20
"10.1098/rstb.2022.0194",2023,"Birds","Pyrrhula pyrrhula","Europe","Tat","C","juvenile","fecundity",0.283321641378574,1,3,15,0,0,0,20
"10.1098/rstb.2022.0194",2023,"Birds","Pyrrhula pyrrhula","Europe","Tat","C","juvenile","fecundity",0.307808805048062,1,3,15,0,0,0,20
"10.1098/rstb.2022.0194",2023,"Birds","Pyrrhula pyrrhula","Europe","Tat","C","juvenile","survival",0.344036457831435,1,3,15,0,0,0,20
"10.1098/rstb.2022.0194",2023,"Birds","Pyrrhula pyrrhula","Europe","Tat","C","juvenile","survival",0.365990810357013,1,3,15,0,0,0,20
"10.1098/rstb.2022.0194",2023,"Birds","Pyrrhula pyrrhula","Europe","Tat","C","juvenile","survival",0.269982511211044,1,3,15,0,0,0,20
"10.1098/rstb.2022.0194",2023,"Birds","Pyrrhula pyrrhula","Europe","Tat","C","juvenile","survival",0.252482493652885,1,3,15,0,0,0,20
"10.1098/rstb.2022.0194",2023,"Birds","Pyrrhula pyrrhula","Europe","Tat","C","juvenile","fecundity",0.216825872102817,1,3,15,0,0,0,20
"10.1098/rstb.2022.0194",2023,"Birds","Pyrrhula pyrrhula","Europe","Tat","C","juvenile","fecundity",0.329910602261719,1,3,15,0,0,0,20
"10.1098/rstb.2022.0194",2023,"Birds","Pyrrhula pyrrhula","Europe","Tat","C","juvenile","survival",0.324895996187965,1,3,15,0,0,0,20
"10.1098/rstb.2022.0194",2023,"Birds","Pyrrhula pyrrhula","Europe","Tat","C","juvenile","survival",0.323083484759632,1,3,15,0,0,0,20
"10.1098/rstb.2022.0194",2023,"Birds","Pyrrhula pyrrhula","Europe","Tat","C","juvenile","survival",0.307808805048062,1,3,15,0,0,0,20
"10.1098/rstb.2022.0194",2023,"Birds","Pyrrhula pyrrhula","Europe","Tat","C","juvenile","survival",0.344036457831435,1,3,15,0,0,0,20
"10.1098/rstb.2022.0194",2023,"Birds","Pyrrhula pyrrhula","Europe","Tat","C","juvenile","fecundity",0.261146639918755,1,3,15,0,0,0,20
"10.1098/rstb.2022.0194",2023,"Birds","Pyrrhula pyrrhula","Europe","Tat","C","juvenile","fecundity",0.269982511211044,1,3,15,0,0,0,20
"10.1098/rstb.2022.0194",2023,"Birds","Pyrrhula pyrrhula","Europe","Tat","C","juvenile","survival",0.222830924959815,1,3,15,0,0,0,20
"10.1098/rstb.2022.0194",2023,"Birds","Pyrrhula pyrrhula","Europe","Tat","C","juvenile","survival",0.212936332842102,1,3,15,0,0,0,20
"10.1098/rstb.2022.0194",2023,"Birds","Pyrrhula pyrrhula","Europe","Tat","C","juvenile","survival",0.329910602261719,1,3,15,0,0,0,20
"10.1098/rstb.2022.0194",2023,"Birds","Pyrrhula pyrrhula","Europe","Tat","C","juvenile","survival",0.423301240291265,1,3,15,0,0,0,20
"10.1098/rstb.2022.0194",2023,"Birds","Pyrrhula pyrrhula","Europe","Tat","C","juvenile","fecundity",0.33341808494753,1,3,15,0,0,0,20
"10.1098/rstb.2022.0194",2023,"Birds","Pyrrhula pyrrhula","Europe","Tat","C","juvenile","fecundity",0.307984185454346,1,3,15,0,0,0,20
"10.1098/rstb.2022.0194",2023,"Birds","Pyrrhula pyrrhula","Europe","Tat","C","juvenile","survival",0.344036457831435,1,3,15,0,0,0,20
"10.1098/rstb.2022.0194",2023,"Birds","Pyrrhula pyrrhula","Europe","Tat","C","juvenile","survival",0.240665592950607,1,3,15,0,0,0,20
"10.1098/rstb.2022.0194",2023,"Birds","Pyrrhula pyrrhula","Europe","Tat","C","juvenile","survival",0.279476942167294,1,3,15,0,0,0,20
"10.1098/rstb.2022.0194",2023,"Birds","Pyrrhula pyrrhula","Europe","Tat","C","juvenile","survival",0.217651725409691,1,3,15,0,0,0,20
"10.1098/rstb.2022.0194",2023,"Birds","Pyrrhula pyrrhula","Europe","Tat","C","juvenile","fecundity",0.257814275326466,1,3,15,0,0,0,20
"10.1098/rstb.2022.0194",2023,"Birds","Pyrrhula pyrrhula","Europe","Tat","C","juvenile","fecundity",0.329910602261719,1,3,15,0,0,0,20
"10.1098/rstb.2022.0194",2023,"Birds","Pyrrhula pyrrhula","Europe","Tat","C","juvenile","survival",0.423301240291265,1,3,15,0,0,0,20
"10.1098/rstb.2022.0194",2023,"Birds","Pyrrhula pyrrhula","Europe","Tat","C","juvenile","survival",0.372204051892454,1,3,15,0,0,0,20
"10.1098/rstb.2022.0194",2023,"Birds","Pyrrhula pyrrhula","Europe","Tat","C","juvenile","survival",0.307984185454346,1,3,15,0,0,0,20
"10.1098/rstb.2022.0194",2023,"Birds","Pyrrhula pyrrhula","Europe","Tat","C","juvenile","survival",0.342990626160622,1,3,15,0,0,0,20
"10.1098/rstb.2022.0194",2023,"Birds","Pyrrhula pyrrhula","Europe","Tat","C","juvenile","fecundity",0.201008670164945,1,3,15,0,0,0,20
"10.1098/rstb.2022.0194",2023,"Birds","Pyrrhula pyrrhula","Europe","Tat","C","juvenile","fecundity",0.279476942167294,1,3,15,0,0,0,20
"10.1098/rstb.2022.0194",2023,"Birds","Pyrrhula pyrrhula","Europe","Tat","C","juvenile","survival",0.217651725409691,1,3,15,0,0,0,20
"10.1098/rstb.2022.0194",2023,"Birds","Pyrrhula pyrrhula","Europe","Tat","C","juvenile","survival",0.257814275326466,1,3,15,0,0,0,20
"10.1098/rstb.2022.0194",2023,"Birds","Pyrrhula pyrrhula","Europe","Tat","C","juvenile","survival",0.329910602261719,1,3,15,0,0,0,20
"10.1098/rstb.2022.0194",2023,"Birds","Pyrrhula pyrrhula","Europe","Tat","C","juvenile","survival",0.345472684750015,1,3,15,0,0,0,20
"10.1098/rstb.2022.0194",2023,"Birds","Pyrrhula pyrrhula","Europe","Tat","C","juvenile","fecundity",0.33528442790942,1,3,15,0,0,0,20
"10.1098/rstb.2022.0194",2023,"Birds","Pyrrhula pyrrhula","Europe","Tat","C","juvenile","fecundity",0.307984185454346,1,3,15,0,0,0,20
"10.1098/rstb.2022.0194",2023,"Birds","Pyrrhula pyrrhula","Europe","Tat","C","juvenile","survival",0.289738430207419,1,3,15,0,0,0,20
"10.1098/rstb.2022.0194",2023,"Birds","Pyrrhula pyrrhula","Europe","Tat","C","juvenile","survival",0.237512421460926,1,3,15,0,0,0,20
"10.1098/rstb.2022.0194",2023,"Birds","Pyrrhula pyrrhula","Europe","Tat","C","juvenile","survival",0.279476942167294,1,3,15,0,0,0,20
"10.1098/rstb.2022.0194",2023,"Birds","Pyrrhula pyrrhula","Europe","Tat","C","juvenile","survival",0.280081279425041,1,3,15,0,0,0,20
"10.1098/rstb.2022.0194",2023,"Birds","Pyrrhula pyrrhula","Europe","Tat","C","juvenile","fecundity",0.257814275326466,1,3,15,0,0,0,20
"10.1098/rstb.2022.0194",2023,"Birds","Pyrrhula pyrrhula","Europe","Tat","C","juvenile","fecundity",0.311279048099326,1,3,15,0,0,0,20
"10.1098/rstb.2022.0194",2023,"Birds","Pyrrhula pyrrhula","Europe","Tat","C","juvenile","survival",0.345472684750015,1,3,15,0,0,0,20
"10.1098/rstb.2022.0194",2023,"Birds","Pyrrhula pyrrhula","Europe","Tat","C","juvenile","survival",0.347831061589736,1,3,15,0,0,0,20
"10.1098/rstb.2022.0194",2023,"Birds","Pyrrhula pyrrhula","Europe","Tat","C","juvenile","survival",0.371215973263935,1,3,15,0,0,0,20
"10.1098/rstb.2022.0194",2023,"Birds","Pyrrhula pyrrhula","Europe","Tat","C","juvenile","survival",0.346841275211118,1,3,15,0,0,0,20
"10.1098/rstb.2022.0194",2023,"Birds","Pyrrhula pyrrhula","Europe","Tat","C","juvenile","fecundity",0.226693486006985,1,3,15,0,0,0,20
"10.1098/rstb.2022.0194",2023,"Birds","Pyrrhula pyrrhula","Europe","Tat","C","juvenile","fecundity",0.279476942167294,1,3,15,0,0,0,20
"10.1098/rstb.2022.0194",2023,"Birds","Pyrrhula pyrrhula","Europe","Tat","C","juvenile","survival",0.280081279425041,1,3,15,0,0,0,20
"10.1098/rstb.2022.0194",2023,"Birds","Pyrrhula pyrrhula","Europe","Tat","C","juvenile","survival",0.288104306544751,1,3,15,0,0,0,20
"10.1098/rstb.2022.0194",2023,"Birds","Pyrrhula pyrrhula","Europe","Tat","C","juvenile","survival",0.311279048099326,1,3,15,0,0,0,20
"10.1098/rstb.2022.0194",2023,"Birds","Pyrrhula pyrrhula","Europe","Tat","C","juvenile","survival",0.345472684750015,1,3,15,0,0,0,20
"10.1098/rstb.2022.0194",2023,"Birds","Pyrrhula pyrrhula","Europe","Tat","C","juvenile","fecundity",0.344462521734592,1,3,15,0,0,0,20
"10.1098/rstb.2022.0194",2023,"Birds","Pyrrhula pyrrhula","Europe","Tat","C","juvenile","fecundity",0.371215973263935,1,3,15,0,0,0,20
"10.1098/rstb.2022.0194",2023,"Birds","Pyrrhula pyrrhula","Europe","Twn","C","adult","survival",0.0836560462900203,1,3,15,0,0,0,20
"10.1098/rstb.2022.0194",2023,"Birds","Pyrrhula pyrrhula","Europe","Twn","C","adult","survival",0.0653318412463162,1,3,15,0,0,0,20
"10.1098/rstb.2022.0194",2023,"Birds","Pyrrhula pyrrhula","Europe","Twn","C","adult","survival",0.0190003629018159,1,3,15,0,0,0,20
"10.1098/rstb.2022.0194",2023,"Birds","Pyrrhula pyrrhula","Europe","Twn","C","adult","survival",0.0816940092263278,1,3,15,0,0,0,20
"10.1098/rstb.2022.0194",2023,"Birds","Pyrrhula pyrrhula","Europe","Twn","C","adult","fecundity",0.0982392259258983,1,3,15,0,0,0,20
"10.1098/rstb.2022.0194",2023,"Birds","Pyrrhula pyrrhula","Europe","Twn","C","adult","fecundity",0.0339970370177092,1,3,15,0,0,0,20
"10.1098/rstb.2022.0194",2023,"Birds","Pyrrhula pyrrhula","Europe","Twn","C","adult","survival",0.0526439597864501,1,3,15,0,0,0,20
"10.1098/rstb.2022.0194",2023,"Birds","Pyrrhula pyrrhula","Europe","Twn","C","adult","survival",0.0729307063765212,1,3,15,0,0,0,20
"10.1098/rstb.2022.0194",2023,"Birds","Pyrrhula pyrrhula","Europe","Twn","C","adult","survival",0.100614957001413,1,3,15,0,0,0,20
"10.1098/rstb.2022.0194",2023,"Birds","Pyrrhula pyrrhula","Europe","Twn","C","adult","survival",0.0836560462900203,1,3,15,0,0,0,20
"10.1098/rstb.2022.0194",2023,"Birds","Pyrrhula pyrrhula","Europe","Twn","C","adult","fecundity",0.0653318412463162,1,3,15,0,0,0,20
"10.1098/rstb.2022.0194",2023,"Birds","Pyrrhula pyrrhula","Europe","Twn","C","adult","fecundity",0.0496401036870982,1,3,15,0,0,0,20
"10.1098/rstb.2022.0194",2023,"Birds","Pyrrhula pyrrhula","Europe","Twn","C","adult","survival",0.0816940092263278,1,3,15,0,0,0,20
"10.1098/rstb.2022.0194",2023,"Birds","Pyrrhula pyrrhula","Europe","Twn","C","adult","survival",0.0878828192549729,1,3,15,0,0,0,20
"10.1098/rstb.2022.0194",2023,"Birds","Pyrrhula pyrrhula","Europe","Twn","C","adult","survival",0.0150673847126146,1,3,15,0,0,0,20
"10.1098/rstb.2022.0194",2023,"Birds","Pyrrhula pyrrhula","Europe","Twn","C","adult","survival",0.0526439597864501,1,3,15,0,0,0,20
"10.1098/rstb.2022.0194",2023,"Birds","Pyrrhula pyrrhula","Europe","Twn","C","adult","fecundity",0.0793514783401387,1,3,15,0,0,0,20
"10.1098/rstb.2022.0194",2023,"Birds","Pyrrhula pyrrhula","Europe","Twn","C","adult","fecundity",0.100614957001413,1,3,15,0,0,0,20
"10.1098/rstb.2022.0194",2023,"Birds","Pyrrhula pyrrhula","Europe","Twn","C","adult","survival",0.0836560462900203,1,3,15,0,0,0,20
"10.1098/rstb.2022.0194",2023,"Birds","Pyrrhula pyrrhula","Europe","Twn","C","adult","survival",0.113451132599919,1,3,15,0,0,0,20
"10.1098/rstb.2022.0194",2023,"Birds","Pyrrhula pyrrhula","Europe","Twn","C","adult","survival",0.0496401036870982,1,3,15,0,0,0,20
"10.1098/rstb.2022.0194",2023,"Birds","Pyrrhula pyrrhula","Europe","Twn","C","adult","survival",0.0816940092263278,1,3,15,0,0,0,20
"10.1098/rstb.2022.0194",2023,"Birds","Pyrrhula pyrrhula","Europe","Twn","C","adult","fecundity",0.13703128056177,1,3,15,0,0,0,20
"10.1098/rstb.2022.0194",2023,"Birds","Pyrrhula pyrrhula","Europe","Twn","C","adult","fecundity",0.0854298567717921,1,3,15,0,0,0,20
"10.1098/rstb.2022.0194",2023,"Birds","Pyrrhula pyrrhula","Europe","Twn","C","adult","survival",0.0526439597864501,1,3,15,0,0,0,20
"10.1098/rstb.2022.0194",2023,"Birds","Pyrrhula pyrrhula","Europe","Twn","C","adult","survival",0.0793514783401387,1,3,15,0,0,0,20
"10.1098/rstb.2022.0194",2023,"Birds","Pyrrhula pyrrhula","Europe","Twn","C","adult","survival",0.100614957001413,1,3,15,0,0,0,20
"10.1098/rstb.2022.0194",2023,"Birds","Pyrrhula pyrrhula","Europe","Twn","C","adult","survival",0.0836560462900203,1,3,15,0,0,0,20
"10.1098/rstb.2022.0194",2023,"Birds","Pyrrhula pyrrhula","Europe","Twn","C","adult","fecundity",0.113451132599919,1,3,15,0,0,0,20
"10.1098/rstb.2022.0194",2023,"Birds","Pyrrhula pyrrhula","Europe","Twn","C","adult","fecundity",0.0496401036870982,1,3,15,0,0,0,20
"10.1098/rstb.2022.0194",2023,"Birds","Pyrrhula pyrrhula","Europe","Twn","C","adult","survival",0.0814552273933272,1,3,15,0,0,0,20
"10.1098/rstb.2022.0194",2023,"Birds","Pyrrhula pyrrhula","Europe","Twn","C","adult","survival",0.13768891120227,1,3,15,0,0,0,20
"10.1098/rstb.2022.0194",2023,"Birds","Pyrrhula pyrrhula","Europe","Twn","C","adult","survival",0.0707986605687748,1,3,15,0,0,0,20
"10.1098/rstb.2022.0194",2023,"Birds","Pyrrhula pyrrhula","Europe","Twn","C","adult","survival",0.0526439597864501,1,3,15,0,0,0,20
"10.1098/rstb.2022.0194",2023,"Birds","Pyrrhula pyrrhula","Europe","Twn","C","adult","fecundity",0.0793514783401387,1,3,15,0,0,0,20
"10.1098/rstb.2022.0194",2023,"Birds","Pyrrhula pyrrhula","Europe","Twn","C","adult","fecundity",0.106660999406722,1,3,15,0,0,0,20
"10.1098/rstb.2022.0194",2023,"Birds","Pyrrhula pyrrhula","Europe","Twn","C","adult","survival",0.0836560462900203,1,3,15,0,0,0,20
"10.1098/rstb.2022.0194",2023,"Birds","Pyrrhula pyrrhula","Europe","Twn","C","adult","survival",0.113451132599919,1,3,15,0,0,0,20
"10.1098/rstb.2022.0194",2023,"Birds","Pyrrhula pyrrhula","Europe","Twn","C","adult","survival",0.0351300773419117,1,3,15,0,0,0,20
"10.1098/rstb.2022.0194",2023,"Birds","Pyrrhula pyrrhula","Europe","Twn","C","adult","survival",0.0814552273933272,1,3,15,0,0,0,20
"10.1098/rstb.2022.0194",2023,"Birds","Pyrrhula pyrrhula","Europe","Twn","C","adult","fecundity",0.1223444659037,1,3,15,0,0,0,20
"10.1098/rstb.2022.0194",2023,"Birds","Pyrrhula pyrrhula","Europe","Twn","C","adult","fecundity",0.166382796784821,1,3,15,0,0,0,20
"10.1098/rstb.2022.0194",2023,"Birds","Pyrrhula pyrrhula","Europe","Twn","C","adult","survival",0.0526439597864501,1,3,15,0,0,0,20
"10.1098/rstb.2022.0194",2023,"Birds","Pyrrhula pyrrhula","Europe","Twn","C","adult","survival",0.0793514783401387,1,3,15,0,0,0,20
"10.1098/rstb.2022.0194",2023,"Birds","Pyrrhula pyrrhula","Europe","Twn","C","adult","survival",0.106660999406722,1,3,15,0,0,0,20
"10.1098/rstb.2022.0194",2023,"Birds","Pyrrhula pyrrhula","Europe","Twn","C","adult","survival",0.0836560462900203,1,3,15,0,0,0,20
"10.1098/rstb.2022.0194",2023,"Birds","Pyrrhula pyrrhula","Europe","Twn","C","adult","fecundity",0.113451132599919,1,3,15,0,0,0,20
"10.1098/rstb.2022.0194",2023,"Birds","Pyrrhula pyrrhula","Europe","Twn","C","adult","fecundity",0.0842798355471766,1,3,15,0,0,0,20
"10.1098/rstb.2022.0194",2023,"Birds","Pyrrhula pyrrhula","Europe","Twn","C","adult","survival",0.0882435944240141,1,3,15,0,0,0,20
"10.1098/rstb.2022.0194",2023,"Birds","Pyrrhula pyrrhula","Europe","Twn","C","adult","survival",0.142065786954211,1,3,15,0,0,0,20
"10.1098/rstb.2022.0194",2023,"Birds","Pyrrhula pyrrhula","Europe","Twn","C","adult","survival",0.0895560581116841,1,3,15,0,0,0,20
"10.1098/rstb.2022.0194",2023,"Birds","Pyrrhula pyrrhula","Europe","Twn","C","adult","survival",0.0526439597864501,1,3,15,0,0,0,20
"10.1098/rstb.2022.0194",2023,"Birds","Pyrrhula pyrrhula","Europe","Twn","C","adult","fecundity",0.0307253879558755,1,3,15,0,0,0,20
"10.1098/rstb.2022.0194",2023,"Birds","Pyrrhula pyrrhula","Europe","Twn","C","adult","fecundity",0.0970631632710244,1,3,15,0,0,0,20
"10.1098/rstb.2022.0194",2023,"Birds","Pyrrhula pyrrhula","Europe","Twn","C","adult","survival",0.0836560462900203,1,3,15,0,0,0,20
"10.1098/rstb.2022.0194",2023,"Birds","Pyrrhula pyrrhula","Europe","Twn","C","adult","survival",0.113451132599919,1,3,15,0,0,0,20
"10.1098/rstb.2022.0194",2023,"Birds","Pyrrhula pyrrhula","Europe","Twn","C","adult","survival",0.0221274074237035,1,3,15,0,0,0,20
"10.1098/rstb.2022.0194",2023,"Birds","Pyrrhula pyrrhula","Europe","Twn","C","adult","survival",0.0882435944240141,1,3,15,0,0,0,20
"10.1098/rstb.2022.0194",2023,"Birds","Pyrrhula pyrrhula","Europe","Twn","C","adult","fecundity",0.101101352326969,1,3,15,0,0,0,20
"10.1098/rstb.2022.0194",2023,"Birds","Pyrrhula pyrrhula","Europe","Twn","C","adult","fecundity",0.104387993471977,1,3,15,0,0,0,20
"10.1098/rstb.2022.0194",2023,"Birds","Pyrrhula pyrrhula","Europe","Twn","C","adult","survival",0.0526439597864501,1,3,15,0,0,0,20
"10.1098/rstb.2022.0194",2023,"Birds","Pyrrhula pyrrhula","Europe","Twn","C","adult","survival",0.0926952017846158,1,3,15,0,0,0,20
"10.1098/rstb.2022.0194",2023,"Birds","Pyrrhula pyrrhula","Europe","Twn","C","adult","survival",0.182755675435991,1,3,15,0,0,0,20
"10.1098/rstb.2022.0194",2023,"Birds","Pyrrhula pyrrhula","Europe","Twn","C","adult","survival",0.0856053399169355,1,3,15,0,0,0,20
"10.1098/rstb.2022.0194",2023,"Birds","Pyrrhula pyrrhula","Europe","Twn","C","adult","fecundity",0.113451132599919,1,3,15,0,0,0,20
"10.1098/rstb.2022.0194",2023,"Birds","Pyrrhula pyrrhula","Europe","Twn","C","adult","fecundity",0.0446986632399951,1,3,15,0,0,0,20
"10.1098/rstb.2022.0194",2023,"Birds","Pyrrhula pyrrhula","Europe","Twn","C","adult","survival",0.0929432509531825,1,3,15,0,0,0,20
"10.1098/rstb.2022.0194",2023,"Birds","Pyrrhula pyrrhula","Europe","Twn","C","adult","survival",0.0899688074970992,1,3,15,0,0,0,20
"10.1098/rstb.2022.0194",2023,"Birds","Pyrrhula pyrrhula","Europe","Twn","C","adult","survival",0.115332331709904,1,3,15,0,0,0,20
"10.1098/rstb.2022.0194",2023,"Birds","Pyrrhula pyrrhula","Europe","Twn","C","adult","survival",0.0526439597864501,1,3,15,0,0,0,20
"10.1098/rstb.2022.0194",2023,"Birds","Pyrrhula pyrrhula","Europe","Twn","C","adult","fecundity",0.0926952017846158,1,3,15,0,0,0,20
"10.1098/rstb.2022.0194",2023,"Birds","Pyrrhula pyrrhula","Europe","Twn","C","adult","fecundity",0.210812232573869,1,3,15,0,0,0,20
"10.1098/rstb.2022.0194",2023,"Birds","Pyrrhula pyrrhula","Europe","Twn","C","adult","survival",0.0856053399169355,1,3,15,0,0,0,20
"10.1098/rstb.2022.0194",2023,"Birds","Pyrrhula pyrrhula","Europe","Twn","C","adult","survival",0.0798169296275478,1,3,15,0,0,0,20
"10.1098/rstb.2022.0194",2023,"Birds","Pyrrhula pyrrhula","Europe","Twn","C","adult","survival",0.0204676454258985,1,3,15,0,0,0,20
"10.1098/rstb.2022.0194",2023,"Birds","Pyrrhula pyrrhula","Europe","Twn","C","adult","survival",0.0929432509531825,1,3,15,0,0,0,20
"10.1098/rstb.2022.0194",2023,"Birds","Pyrrhula pyrrhula","Europe","Twn","C","adult","fecundity",0.0899688074970992,1,3,15,0,0,0,20
"10.1098/rstb.2022.0194",2023,"Birds","Pyrrhula pyrrhula","Europe","Twn","C","adult","fecundity",0.115332331709904,1,3,15,0,0,0,20
"10.1098/rstb.2022.0194",2023,"Birds","Pyrrhula pyrrhula","Europe","Twn","C","adult","survival",0.0526439597864501,1,3,15,0,0,0,20
"10.1098/rstb.2022.0194",2023,"Birds","Pyrrhula pyrrhula","Europe","Twn","C","adult","survival",0.110466876047712,1,3,15,0,0,0,20
"10.1098/rstb.2022.0194",2023,"Birds","Pyrrhula pyrrhula","Europe","Twn","C","adult","survival",0.191149410898268,1,3,15,0,0,0,20
"10.1098/rstb.2022.0194",2023,"Birds","Pyrrhula pyrrhula","Europe","Twn","C","adult","survival",0.0856053399169355,1,3,15,0,0,0,20
"10.1098/rstb.2022.0194",2023,"Birds","Pyrrhula pyrrhula","Europe","Twn","C","adult","fecundity",0.0352890894167471,1,3,15,0,0,0,20
"10.1098/rstb.2022.0194",2023,"Birds","Pyrrhula pyrrhula","Europe","Twn","C","adult","fecundity",0.0330463527131813,1,3,15,0,0,0,20
"10.1098/rstb.2022.0194",2023,"Birds","Pyrrhula pyrrhula","Europe","Twn","C","adult","survival",0.0929432509531825,1,3,15,0,0,0,20
"10.1098/rstb.2022.0194",2023,"Birds","Pyrrhula pyrrhula","Europe","Twn","C","adult","survival",0.0794980409570188,1,3,15,0,0,0,20
"10.1098/rstb.2022.0194",2023,"Birds","Pyrrhula pyrrhula","Europe","Twn","C","adult","survival",0.115332331709904,1,3,15,0,0,0,20
"10.1098/rstb.2022.0194",2023,"Birds","Pyrrhula pyrrhula","Europe","Twn","C","adult","survival",0.0685092293561195,1,3,15,0,0,0,20
"10.1098/rstb.2022.0194",2023,"Birds","Pyrrhula pyrrhula","Europe","Twn","C","adult","fecundity",0.110466876047712,1,3,15,0,0,0,20
"10.1098/rstb.2022.0194",2023,"Birds","Pyrrhula pyrrhula","Europe","Twn","C","adult","fecundity",0.150182530824204,1,3,15,0,0,0,20
"10.1098/rstb.2022.0194",2023,"Birds","Pyrrhula pyrrhula","Europe","Twn","C","adult","survival",0.0681747555335294,1,3,15,0,0,0,20
"10.1098/rstb.2022.0194",2023,"Birds","Pyrrhula pyrrhula","Europe","Twn","C","adult","survival",0.155298195683606,1,3,15,0,0,0,20
"10.1098/rstb.2022.0194",2023,"Birds","Pyrrhula pyrrhula","Europe","Twn","C","adult","survival",0.0402540618221701,1,3,15,0,0,0,20
"10.1098/rstb.2022.0194",2023,"Birds","Pyrrhula pyrrhula","Europe","Twn","C","adult","survival",0.0929432509531825,1,3,15,0,0,0,20
"10.1098/rstb.2022.0194",2023,"Birds","Pyrrhula pyrrhula","Europe","Twn","C","adult","fecundity",0.0794980409570188,1,3,15,0,0,0,20
"10.1098/rstb.2022.0194",2023,"Birds","Pyrrhula pyrrhula","Europe","Twn","C","adult","fecundity",0.0909215876737954,1,3,15,0,0,0,20
"10.1098/rstb.2022.0194",2023,"Birds","Pyrrhula pyrrhula","Europe","Twn","C","adult","survival",0.0685092293561195,1,3,15,0,0,0,20
"10.1098/rstb.2022.0194",2023,"Birds","Pyrrhula pyrrhula","Europe","Twn","C","adult","survival",0.110466876047712,1,3,15,0,0,0,20
"10.1098/rstb.2022.0194",2023,"Birds","Pyrrhula pyrrhula","Europe","Twn","C","adult","survival",0.173146027708408,1,3,15,0,0,0,20
"10.1098/rstb.2022.0194",2023,"Birds","Pyrrhula pyrrhula","Europe","Twn","C","adult","survival",0.0681747555335294,1,3,15,0,0,0,20
