"study.doi","year.of.publication","group","species","continent","driver","driver.type","stage.age","vital.rates","sens","gen.time","n.vr","n.pam","dens","biotic_interactions"
"10.1098/rstb.2022.0194",2023,"Birds","Sitta europaea","Europe","Tbr","C","adult","fecundity",0.0696648484177294,1,3,15,0,0
"10.1098/rstb.2022.0194",2023,"Birds","Sitta europaea","Europe","Tbr","C","adult","fecundity",0.0843575411938448,1,3,15,0,0
"10.1098/rstb.2022.0194",2023,"Birds","Sitta europaea","Europe","Tbr","C","adult","survival",0.0299925535219697,1,3,15,0,0
"10.1098/rstb.2022.0194",2023,"Birds","Sitta europaea","Europe","Tbr","C","adult","survival",0.0605679258500701,1,3,15,0,0
"10.1098/rstb.2022.0194",2023,"Birds","Sitta europaea","Europe","Tbr","C","adult","survival",0.0524592400363893,1,3,15,0,0
"10.1098/rstb.2022.0194",2023,"Birds","Sitta europaea","Europe","Tbr","C","adult","survival",0.0634853536319298,1,3,15,0,0
"10.1098/rstb.2022.0194",2023,"Birds","Sitta europaea","Europe","Tbr","C","adult","fecundity",0.0396376761372409,1,3,15,0,0
"10.1098/rstb.2022.0194",2023,"Birds","Sitta europaea","Europe","Tbr","C","adult","fecundity",0.0809379976451152,1,3,15,0,0
"10.1098/rstb.2022.0194",2023,"Birds","Sitta europaea","Europe","Tbr","C","adult","survival",0.0453505070438376,1,3,15,0,0
"10.1098/rstb.2022.0194",2023,"Birds","Sitta europaea","Europe","Tbr","C","adult","survival",0.0696648484177294,1,3,15,0,0
"10.1098/rstb.2022.0194",2023,"Birds","Sitta europaea","Europe","Tbr","C","adult","survival",0.0495811598055583,1,3,15,0,0
"10.1098/rstb.2022.0194",2023,"Birds","Sitta europaea","Europe","Tbr","C","adult","survival",0.0314473701569279,1,3,15,0,0
"10.1098/rstb.2022.0194",2023,"Birds","Sitta europaea","Europe","Tbr","C","adult","fecundity",0.083129300269632,1,3,15,0,0
"10.1098/rstb.2022.0194",2023,"Birds","Sitta europaea","Europe","Tbr","C","adult","fecundity",0.0381606264436307,1,3,15,0,0
"10.1098/rstb.2022.0194",2023,"Birds","Sitta europaea","Europe","Tbr","C","adult","survival",0.0953773535031774,1,3,15,0,0
"10.1098/rstb.2022.0194",2023,"Birds","Sitta europaea","Europe","Tbr","C","adult","survival",0.0284267349409142,1,3,15,0,0
"10.1098/rstb.2022.0194",2023,"Birds","Sitta europaea","Europe","Tbr","C","adult","survival",0.0453314502921852,1,3,15,0,0
"10.1098/rstb.2022.0194",2023,"Birds","Sitta europaea","Europe","Tbr","C","adult","survival",0.0533896682586998,1,3,15,0,0
"10.1098/rstb.2022.0194",2023,"Birds","Sitta europaea","Europe","Tbr","C","adult","fecundity",0.0696648484177294,1,3,15,0,0
"10.1098/rstb.2022.0194",2023,"Birds","Sitta europaea","Europe","Tbr","C","adult","fecundity",0.0268526746862291,1,3,15,0,0
"10.1098/rstb.2022.0194",2023,"Birds","Sitta europaea","Europe","Tbr","C","adult","survival",0.0349661452154757,1,3,15,0,0
"10.1098/rstb.2022.0194",2023,"Birds","Sitta europaea","Europe","Tbr","C","adult","survival",0.0801787086847492,1,3,15,0,0
"10.1098/rstb.2022.0194",2023,"Birds","Sitta europaea","Europe","Tbr","C","adult","survival",0.0515673880810293,1,3,15,0,0
"10.1098/rstb.2022.0194",2023,"Birds","Sitta europaea","Europe","Tbr","C","adult","survival",0.0520118814439501,1,3,15,0,0
"10.1098/rstb.2022.0194",2023,"Birds","Sitta europaea","Europe","Tbr","C","adult","fecundity",0.0287012174448685,1,3,15,0,0
"10.1098/rstb.2022.0194",2023,"Birds","Sitta europaea","Europe","Tbr","C","adult","fecundity",0.0427938997659382,1,3,15,0,0
"10.1098/rstb.2022.0194",2023,"Birds","Sitta europaea","Europe","Tbr","C","adult","survival",0.0573236418392524,1,3,15,0,0
"10.1098/rstb.2022.0194",2023,"Birds","Sitta europaea","Europe","Tbr","C","adult","survival",0.0696648484177294,1,3,15,0,0
"10.1098/rstb.2022.0194",2023,"Birds","Sitta europaea","Europe","Tbr","C","adult","survival",0.0252804461898834,1,3,15,0,0
"10.1098/rstb.2022.0194",2023,"Birds","Sitta europaea","Europe","Tbr","C","adult","survival",0.014530644841578,1,3,15,0,0
"10.1098/rstb.2022.0194",2023,"Birds","Sitta europaea","Europe","Tbr","C","adult","fecundity",0.0914939227351398,1,3,15,0,0
"10.1098/rstb.2022.0194",2023,"Birds","Sitta europaea","Europe","Tbr","C","adult","fecundity",0.0348330492453457,1,3,15,0,0
"10.1098/rstb.2022.0194",2023,"Birds","Sitta europaea","Europe","Tbr","C","adult","survival",0.0315015482000047,1,3,15,0,0
"10.1098/rstb.2022.0194",2023,"Birds","Sitta europaea","Europe","Tbr","C","adult","survival",0.0399763744737847,1,3,15,0,0
"10.1098/rstb.2022.0194",2023,"Birds","Sitta europaea","Europe","Tbr","C","adult","survival",0.0449191801937824,1,3,15,0,0
"10.1098/rstb.2022.0194",2023,"Birds","Sitta europaea","Europe","Tbr","C","adult","survival",0.0870203760812938,1,3,15,0,0
"10.1098/rstb.2022.0194",2023,"Birds","Sitta europaea","Europe","Tbr","C","adult","fecundity",0.060052008191831,1,3,15,0,0
"10.1098/rstb.2022.0194",2023,"Birds","Sitta europaea","Europe","Tbr","C","adult","fecundity",0.0332218998764659,1,3,15,0,0
"10.1098/rstb.2022.0194",2023,"Birds","Sitta europaea","Europe","Tbr","C","adult","survival",0.015851209111006,1,3,15,0,0
"10.1098/rstb.2022.0194",2023,"Birds","Sitta europaea","Europe","Tbr","C","adult","survival",0.0706977677465543,1,3,15,0,0
"10.1098/rstb.2022.0194",2023,"Birds","Sitta europaea","Europe","Tbr","C","adult","survival",0.0332416162582036,1,3,15,0,0
"10.1098/rstb.2022.0194",2023,"Birds","Sitta europaea","Europe","Tbr","C","adult","survival",0.0315015482000047,1,3,15,0,0
"10.1098/rstb.2022.0194",2023,"Birds","Sitta europaea","Europe","Tbr","C","adult","fecundity",0.0260162366381799,1,3,15,0,0
"10.1098/rstb.2022.0194",2023,"Birds","Sitta europaea","Europe","Tbr","C","adult","fecundity",0.0449191801937824,1,3,15,0,0
"10.1098/rstb.2022.0194",2023,"Birds","Sitta europaea","Europe","Tbr","C","adult","survival",0.112862916463374,1,3,15,0,0
"10.1098/rstb.2022.0194",2023,"Birds","Sitta europaea","Europe","Tbr","C","adult","survival",0.0420791764860743,1,3,15,0,0
"10.1098/rstb.2022.0194",2023,"Birds","Sitta europaea","Europe","Tbr","C","adult","survival",0.0337735210482785,1,3,15,0,0
"10.1098/rstb.2022.0194",2023,"Birds","Sitta europaea","Europe","Tbr","C","adult","survival",0.015851209111006,1,3,15,0,0
"10.1098/rstb.2022.0194",2023,"Birds","Sitta europaea","Europe","Tbr","C","adult","fecundity",0.0706977677465543,1,3,15,0,0
"10.1098/rstb.2022.0194",2023,"Birds","Sitta europaea","Europe","Tbr","C","adult","fecundity",0.0495021136199422,1,3,15,0,0
"10.1098/rstb.2022.0194",2023,"Birds","Sitta europaea","Europe","Tbr","C","adult","survival",0.0315015482000047,1,3,15,0,0
"10.1098/rstb.2022.0194",2023,"Birds","Sitta europaea","Europe","Tbr","C","adult","survival",0.0300138535798786,1,3,15,0,0
"10.1098/rstb.2022.0194",2023,"Birds","Sitta europaea","Europe","Tbr","C","adult","survival",0.0384693529427581,1,3,15,0,0
"10.1098/rstb.2022.0194",2023,"Birds","Sitta europaea","Europe","Tbr","C","adult","survival",0.0999829758069176,1,3,15,0,0
"10.1098/rstb.2022.0194",2023,"Birds","Sitta europaea","Europe","Tbr","C","adult","fecundity",0.0552300274077865,1,3,15,0,0
"10.1098/rstb.2022.0194",2023,"Birds","Sitta europaea","Europe","Tbr","C","adult","fecundity",0.0459295553396402,1,3,15,0,0
"10.1098/rstb.2022.0194",2023,"Birds","Sitta europaea","Europe","Tbr","C","adult","survival",0.0298230446346484,1,3,15,0,0
"10.1098/rstb.2022.0194",2023,"Birds","Sitta europaea","Europe","Tbr","C","adult","survival",0.0448618431804464,1,3,15,0,0
"10.1098/rstb.2022.0194",2023,"Birds","Sitta europaea","Europe","Tbr","C","adult","survival",0.0495021136199422,1,3,15,0,0
"10.1098/rstb.2022.0194",2023,"Birds","Sitta europaea","Europe","Tbr","C","adult","survival",0.0315015482000047,1,3,15,0,0
"10.1098/rstb.2022.0194",2023,"Birds","Sitta europaea","Europe","Tbr","C","adult","fecundity",0.0416821475911829,1,3,15,0,0
"10.1098/rstb.2022.0194",2023,"Birds","Sitta europaea","Europe","Tbr","C","adult","fecundity",0.0435513509545296,1,3,15,0,0
"10.1098/rstb.2022.0194",2023,"Birds","Sitta europaea","Europe","Tbr","C","adult","survival",0.0455903356224304,1,3,15,0,0
"10.1098/rstb.2022.0194",2023,"Birds","Sitta europaea","Europe","Tbr","C","adult","survival",0.0552300274077865,1,3,15,0,0
"10.1098/rstb.2022.0194",2023,"Birds","Sitta europaea","Europe","Tbr","C","adult","survival",0.0491317839423869,1,3,15,0,0
"10.1098/rstb.2022.0194",2023,"Birds","Sitta europaea","Europe","Tbr","C","adult","survival",0.0189014210440381,1,3,15,0,0
"10.1098/rstb.2022.0194",2023,"Birds","Sitta europaea","Europe","Tbr","C","adult","fecundity",0.0448618431804464,1,3,15,0,0
"10.1098/rstb.2022.0194",2023,"Birds","Sitta europaea","Europe","Tbr","C","adult","fecundity",0.0477732976310486,1,3,15,0,0
"10.1098/rstb.2022.0194",2023,"Birds","Sitta europaea","Europe","Tbr","C","adult","survival",0.02989173625043,1,3,15,0,0
"10.1098/rstb.2022.0194",2023,"Birds","Sitta europaea","Europe","Tbr","C","adult","survival",0.0934045827016596,1,3,15,0,0
"10.1098/rstb.2022.0194",2023,"Birds","Sitta europaea","Europe","Tbr","C","adult","survival",0.0435513509545296,1,3,15,0,0
"10.1098/rstb.2022.0194",2023,"Birds","Sitta europaea","Europe","Tbr","C","adult","survival",0.0511350067666743,1,3,15,0,0
"10.1098/rstb.2022.0194",2023,"Birds","Sitta europaea","Europe","Tbr","C","adult","fecundity",0.0559693099218465,1,3,15,0,0
"10.1098/rstb.2022.0194",2023,"Birds","Sitta europaea","Europe","Tbr","C","adult","fecundity",0.0289492604581897,1,3,15,0,0
"10.1098/rstb.2022.0194",2023,"Birds","Sitta europaea","Europe","Tbr","C","adult","survival",0.0207759969778625,1,3,15,0,0
"10.1098/rstb.2022.0194",2023,"Birds","Sitta europaea","Europe","Tbr","C","adult","survival",0.0448618431804464,1,3,15,0,0
"10.1098/rstb.2022.0194",2023,"Birds","Sitta europaea","Europe","Tbr","C","adult","survival",0.0688276099173002,1,3,15,0,0
"10.1098/rstb.2022.0194",2023,"Birds","Sitta europaea","Europe","Tbr","C","adult","survival",0.0316471987787544,1,3,15,0,0
"10.1098/rstb.2022.0194",2023,"Birds","Sitta europaea","Europe","Tbr","C","adult","fecundity",0.0673625855326592,1,3,15,0,0
"10.1098/rstb.2022.0194",2023,"Birds","Sitta europaea","Europe","Tbr","C","adult","fecundity",0.0513075457160884,1,3,15,0,0
"10.1098/rstb.2022.0194",2023,"Birds","Sitta europaea","Europe","Tbr","C","adult","survival",0.0847231466333478,1,3,15,0,0
"10.1098/rstb.2022.0194",2023,"Birds","Sitta europaea","Europe","Tbr","C","adult","survival",0.0547179507107612,1,3,15,0,0
"10.1098/rstb.2022.0194",2023,"Birds","Sitta europaea","Europe","Tbr","C","adult","survival",0.0289492604581897,1,3,15,0,0
"10.1098/rstb.2022.0194",2023,"Birds","Sitta europaea","Europe","Tbr","C","adult","survival",0.0207759969778625,1,3,15,0,0
"10.1098/rstb.2022.0194",2023,"Birds","Sitta europaea","Europe","Tbr","C","adult","fecundity",0.0420220332659536,1,3,15,0,0
"10.1098/rstb.2022.0194",2023,"Birds","Sitta europaea","Europe","Tbr","C","adult","fecundity",0.0908088836438985,1,3,15,0,0
"10.1098/rstb.2022.0194",2023,"Birds","Sitta europaea","Europe","Tbr","C","adult","survival",0.0283951944911626,1,3,15,0,0
"10.1098/rstb.2022.0194",2023,"Birds","Sitta europaea","Europe","Tbr","C","adult","survival",0.0455878188570925,1,3,15,0,0
"10.1098/rstb.2022.0194",2023,"Birds","Sitta europaea","Europe","Tbr","C","adult","survival",0.0671140360619095,1,3,15,0,0
"10.1098/rstb.2022.0194",2023,"Birds","Sitta europaea","Europe","Tbr","C","adult","survival",0.0477170699112585,1,3,15,0,0
"10.1098/rstb.2022.0194",2023,"Birds","Sitta europaea","Europe","Tbr","C","adult","fecundity",0.060932576580951,1,3,15,0,0
"10.1098/rstb.2022.0194",2023,"Birds","Sitta europaea","Europe","Tbr","C","adult","fecundity",0.0422583530523934,1,3,15,0,0
"10.1098/rstb.2022.0194",2023,"Birds","Sitta europaea","Europe","Tbr","C","adult","survival",0.0361120549949091,1,3,15,0,0
"10.1098/rstb.2022.0194",2023,"Birds","Sitta europaea","Europe","Tbr","C","adult","survival",0.0417118896546761,1,3,15,0,0
"10.1098/rstb.2022.0194",2023,"Birds","Sitta europaea","Europe","Tbr","C","adult","survival",0.0612503666721297,1,3,15,0,0
"10.1098/rstb.2022.0194",2023,"Birds","Sitta europaea","Europe","Tbr","C","adult","survival",0.0274680931451946,1,3,15,0,0
"10.1098/rstb.2022.0194",2023,"Birds","Sitta europaea","Europe","Tbr","C","adult","fecundity",0.0485900438164303,1,3,15,0,0
"10.1098/rstb.2022.0194",2023,"Birds","Sitta europaea","Europe","Tbr","C","adult","fecundity",0.0372726149340515,1,3,15,0,0
"10.1098/rstb.2022.0194",2023,"Birds","Sitta europaea","Europe","Tbr","C","adult","survival",0.0477170699112585,1,3,15,0,0
"10.1098/rstb.2022.0194",2023,"Birds","Sitta europaea","Europe","Tbr","C","adult","survival",0.054904351389764,1,3,15,0,0
"10.1098/rstb.2022.0194",2023,"Birds","Sitta europaea","Europe","Pbr","C","adult","survival",0.0611193475169796,1,3,15,0,0
"10.1098/rstb.2022.0194",2023,"Birds","Sitta europaea","Europe","Pbr","C","adult","survival",0.0759624603742595,1,3,15,0,0
"10.1098/rstb.2022.0194",2023,"Birds","Sitta europaea","Europe","Pbr","C","adult","fecundity",0.0319481787770355,1,3,15,0,0
"10.1098/rstb.2022.0194",2023,"Birds","Sitta europaea","Europe","Pbr","C","adult","fecundity",0.0577404952876022,1,3,15,0,0
"10.1098/rstb.2022.0194",2023,"Birds","Sitta europaea","Europe","Pbr","C","adult","survival",0.0454703580056986,1,3,15,0,0
"10.1098/rstb.2022.0194",2023,"Birds","Sitta europaea","Europe","Pbr","C","adult","survival",0.1096885896395,1,3,15,0,0
"10.1098/rstb.2022.0194",2023,"Birds","Sitta europaea","Europe","Pbr","C","adult","survival",0.0385266981742744,1,3,15,0,0
"10.1098/rstb.2022.0194",2023,"Birds","Sitta europaea","Europe","Pbr","C","adult","survival",0.0914276330289582,1,3,15,0,0
"10.1098/rstb.2022.0194",2023,"Birds","Sitta europaea","Europe","Pbr","C","adult","fecundity",0.0526687010192715,1,3,15,0,0
"10.1098/rstb.2022.0194",2023,"Birds","Sitta europaea","Europe","Pbr","C","adult","fecundity",0.0611193475169796,1,3,15,0,0
"10.1098/rstb.2022.0194",2023,"Birds","Sitta europaea","Europe","Pbr","C","adult","survival",0.0433922143653917,1,3,15,0,0
"10.1098/rstb.2022.0194",2023,"Birds","Sitta europaea","Europe","Pbr","C","adult","survival",0.0270551315333486,1,3,15,0,0
"10.1098/rstb.2022.0194",2023,"Birds","Sitta europaea","Europe","Pbr","C","adult","survival",0.0614648369531111,1,3,15,0,0
"10.1098/rstb.2022.0194",2023,"Birds","Sitta europaea","Europe","Pbr","C","adult","survival",0.0427457689564463,1,3,15,0,0
"10.1098/rstb.2022.0194",2023,"Birds","Sitta europaea","Europe","Pbr","C","adult","fecundity",0.121893249962986,1,3,15,0,0
"10.1098/rstb.2022.0194",2023,"Birds","Sitta europaea","Europe","Pbr","C","adult","fecundity",0.036584179031746,1,3,15,0,0
"10.1098/rstb.2022.0194",2023,"Birds","Sitta europaea","Europe","Pbr","C","adult","survival",0.0426731525688572,1,3,15,0,0
"10.1098/rstb.2022.0194",2023,"Birds","Sitta europaea","Europe","Pbr","C","adult","survival",0.0650595586641591,1,3,15,0,0
"10.1098/rstb.2022.0194",2023,"Birds","Sitta europaea","Europe","Pbr","C","adult","survival",0.0611193475169796,1,3,15,0,0
"10.1098/rstb.2022.0194",2023,"Birds","Sitta europaea","Europe","Pbr","C","adult","survival",0.0328986261363527,1,3,15,0,0
"10.1098/rstb.2022.0194",2023,"Birds","Sitta europaea","Europe","Pbr","C","adult","fecundity",0.0437179430313016,1,3,15,0,0
"10.1098/rstb.2022.0194",2023,"Birds","Sitta europaea","Europe","Pbr","C","adult","fecundity",0.0844324027599359,1,3,15,0,0
"10.1098/rstb.2022.0194",2023,"Birds","Sitta europaea","Europe","Pbr","C","adult","survival",0.0464164705107808,1,3,15,0,0
"10.1098/rstb.2022.0194",2023,"Birds","Sitta europaea","Europe","Pbr","C","adult","survival",0.0534065510347478,1,3,15,0,0
"10.1098/rstb.2022.0194",2023,"Birds","Sitta europaea","Europe","Pbr","C","adult","survival",0.0375214581267018,1,3,15,0,0
"10.1098/rstb.2022.0194",2023,"Birds","Sitta europaea","Europe","Pbr","C","adult","survival",0.0435522134498948,1,3,15,0,0
"10.1098/rstb.2022.0194",2023,"Birds","Sitta europaea","Europe","Pbr","C","adult","fecundity",0.0578697520476686,1,3,15,0,0
"10.1098/rstb.2022.0194",2023,"Birds","Sitta europaea","Europe","Pbr","C","adult","fecundity",0.0611193475169796,1,3,15,0,0
"10.1098/rstb.2022.0194",2023,"Birds","Sitta europaea","Europe","Pbr","C","adult","survival",0.0336848701431421,1,3,15,0,0
"10.1098/rstb.2022.0194",2023,"Birds","Sitta europaea","Europe","Pbr","C","adult","survival",0.0331207204709965,1,3,15,0,0
"10.1098/rstb.2022.0194",2023,"Birds","Sitta europaea","Europe","Pbr","C","adult","survival",0.113903824895865,1,3,15,0,0
"10.1098/rstb.2022.0194",2023,"Birds","Sitta europaea","Europe","Pbr","C","adult","survival",0.0431333627751673,1,3,15,0,0
"10.1098/rstb.2022.0194",2023,"Birds","Sitta europaea","Europe","Pbr","C","adult","fecundity",0.0351523711208015,1,3,15,0,0
"10.1098/rstb.2022.0194",2023,"Birds","Sitta europaea","Europe","Pbr","C","adult","fecundity",0.0501204457536449,1,3,15,0,0
"10.1098/rstb.2022.0194",2023,"Birds","Sitta europaea","Europe","Pbr","C","adult","survival",0.0473175774235585,1,3,15,0,0
"10.1098/rstb.2022.0194",2023,"Birds","Sitta europaea","Europe","Pbr","C","adult","survival",0.091637249957938,1,3,15,0,0
"10.1098/rstb.2022.0194",2023,"Birds","Sitta europaea","Europe","Pbr","C","adult","survival",0.0599010684118331,1,3,15,0,0
"10.1098/rstb.2022.0194",2023,"Birds","Sitta europaea","Europe","Pbr","C","adult","survival",0.0376684833302286,1,3,15,0,0
"10.1098/rstb.2022.0194",2023,"Birds","Sitta europaea","Europe","Pbr","C","adult","fecundity",0.0365545564541161,1,3,15,0,0
"10.1098/rstb.2022.0194",2023,"Birds","Sitta europaea","Europe","Pbr","C","adult","fecundity",0.0781973058561429,1,3,15,0,0
"10.1098/rstb.2022.0194",2023,"Birds","Sitta europaea","Europe","Pbr","C","adult","survival",0.0472206929613148,1,3,15,0,0
"10.1098/rstb.2022.0194",2023,"Birds","Sitta europaea","Europe","Pbr","C","adult","survival",0.0351523711208015,1,3,15,0,0
"10.1098/rstb.2022.0194",2023,"Birds","Sitta europaea","Europe","Pbr","C","adult","survival",0.0335831425702519,1,3,15,0,0
"10.1098/rstb.2022.0194",2023,"Birds","Sitta europaea","Europe","Pbr","C","adult","survival",0.0473175774235585,1,3,15,0,0
"10.1098/rstb.2022.0194",2023,"Birds","Sitta europaea","Europe","Pbr","C","adult","fecundity",0.110437294853022,1,3,15,0,0
"10.1098/rstb.2022.0194",2023,"Birds","Sitta europaea","Europe","Pbr","C","adult","fecundity",0.0466512335630544,1,3,15,0,0
"10.1098/rstb.2022.0194",2023,"Birds","Sitta europaea","Europe","Pbr","C","adult","survival",0.0379549771204718,1,3,15,0,0
"10.1098/rstb.2022.0194",2023,"Birds","Sitta europaea","Europe","Pbr","C","adult","survival",0.0365545564541161,1,3,15,0,0
"10.1098/rstb.2022.0194",2023,"Birds","Sitta europaea","Europe","Pbr","C","adult","survival",0.0781973058561429,1,3,15,0,0
"10.1098/rstb.2022.0194",2023,"Birds","Sitta europaea","Europe","Pbr","C","adult","survival",0.0708860660694864,1,3,15,0,0
"10.1098/rstb.2022.0194",2023,"Birds","Sitta europaea","Europe","Pbr","C","adult","fecundity",0.0351523711208015,1,3,15,0,0
"10.1098/rstb.2022.0194",2023,"Birds","Sitta europaea","Europe","Pbr","C","adult","fecundity",0.0407224933243113,1,3,15,0,0
"10.1098/rstb.2022.0194",2023,"Birds","Sitta europaea","Europe","Pbr","C","adult","survival",0.0416827548495646,1,3,15,0,0
"10.1098/rstb.2022.0194",2023,"Birds","Sitta europaea","Europe","Pbr","C","adult","survival",0.0922639788160344,1,3,15,0,0
"10.1098/rstb.2022.0194",2023,"Birds","Sitta europaea","Europe","Pbr","C","adult","survival",0.0526993083905785,1,3,15,0,0
"10.1098/rstb.2022.0194",2023,"Birds","Sitta europaea","Europe","Pbr","C","adult","survival",0.0419122235282927,1,3,15,0,0
"10.1098/rstb.2022.0194",2023,"Birds","Sitta europaea","Europe","Pbr","C","adult","fecundity",0.0418515271424835,1,3,15,0,0
"10.1098/rstb.2022.0194",2023,"Birds","Sitta europaea","Europe","Pbr","C","adult","fecundity",0.0421030454374664,1,3,15,0,0
"10.1098/rstb.2022.0194",2023,"Birds","Sitta europaea","Europe","Pbr","C","adult","survival",0.0708860660694864,1,3,15,0,0
"10.1098/rstb.2022.0194",2023,"Birds","Sitta europaea","Europe","Pbr","C","adult","survival",0.0351523711208015,1,3,15,0,0
"10.1098/rstb.2022.0194",2023,"Birds","Sitta europaea","Europe","Pbr","C","adult","survival",0.0553275800189595,1,3,15,0,0
"10.1098/rstb.2022.0194",2023,"Birds","Sitta europaea","Europe","Pbr","C","adult","survival",0.048841155250706,1,3,15,0,0
"10.1098/rstb.2022.0194",2023,"Birds","Sitta europaea","Europe","Pbr","C","adult","fecundity",0.041372366912062,1,3,15,0,0
"10.1098/rstb.2022.0194",2023,"Birds","Sitta europaea","Europe","Pbr","C","adult","fecundity",0.0526993083905785,1,3,15,0,0
"10.1098/rstb.2022.0194",2023,"Birds","Sitta europaea","Europe","Pbr","C","adult","survival",0.0546832999649226,1,3,15,0,0
"10.1098/rstb.2022.0194",2023,"Birds","Sitta europaea","Europe","Pbr","C","adult","survival",0.0253231048299523,1,3,15,0,0
"10.1098/rstb.2022.0194",2023,"Birds","Sitta europaea","Europe","Pbr","C","adult","survival",0.0421030454374664,1,3,15,0,0
"10.1098/rstb.2022.0194",2023,"Birds","Sitta europaea","Europe","Pbr","C","adult","survival",0.0669545423140957,1,3,15,0,0
"10.1098/rstb.2022.0194",2023,"Birds","Sitta europaea","Europe","Pbr","C","adult","fecundity",0.0312408516046669,1,3,15,0,0
"10.1098/rstb.2022.0194",2023,"Birds","Sitta europaea","Europe","Pbr","C","adult","fecundity",0.0639788698728176,1,3,15,0,0
"10.1098/rstb.2022.0194",2023,"Birds","Sitta europaea","Europe","Pbr","C","adult","survival",0.048841155250706,1,3,15,0,0
"10.1098/rstb.2022.0194",2023,"Birds","Sitta europaea","Europe","Pbr","C","adult","survival",0.0596924019636798,1,3,15,0,0
"10.1098/rstb.2022.0194",2023,"Birds","Sitta europaea","Europe","Pbr","C","adult","survival",0.0558093797448032,1,3,15,0,0
"10.1098/rstb.2022.0194",2023,"Birds","Sitta europaea","Europe","Pbr","C","adult","survival",0.0382421396328936,1,3,15,0,0
"10.1098/rstb.2022.0194",2023,"Birds","Sitta europaea","Europe","Pbr","C","adult","fecundity",0.025982208461548,1,3,15,0,0
"10.1098/rstb.2022.0194",2023,"Birds","Sitta europaea","Europe","Pbr","C","adult","fecundity",0.0421030454374664,1,3,15,0,0
"10.1098/rstb.2022.0194",2023,"Birds","Sitta europaea","Europe","Pbr","C","adult","survival",0.0590067248793289,1,3,15,0,0
"10.1098/rstb.2022.0194",2023,"Birds","Sitta europaea","Europe","Pbr","C","adult","survival",0.0361031115120618,1,3,15,0,0
"10.1098/rstb.2022.0194",2023,"Birds","Sitta europaea","Europe","Pbr","C","adult","survival",0.0464328120304848,1,3,15,0,0
"10.1098/rstb.2022.0194",2023,"Birds","Sitta europaea","Europe","Pbr","C","adult","survival",0.0609509703910072,1,3,15,0,0
"10.1098/rstb.2022.0194",2023,"Birds","Sitta europaea","Europe","Pbr","C","adult","fecundity",0.0846075973705833,1,3,15,0,0
"10.1098/rstb.2022.0194",2023,"Birds","Sitta europaea","Europe","Pbr","C","adult","fecundity",0.0581316181626486,1,3,15,0,0
"10.1098/rstb.2022.0194",2023,"Birds","Sitta europaea","Europe","Pbr","C","adult","survival",0.0382421396328936,1,3,15,0,0
"10.1098/rstb.2022.0194",2023,"Birds","Sitta europaea","Europe","Pbr","C","adult","survival",0.025982208461548,1,3,15,0,0
"10.1098/rstb.2022.0194",2023,"Birds","Sitta europaea","Europe","Pbr","C","adult","survival",0.0426833107318711,1,3,15,0,0
"10.1098/rstb.2022.0194",2023,"Birds","Sitta europaea","Europe","Pbr","C","adult","survival",0.0871280157699767,1,3,15,0,0
"10.1098/rstb.2022.0194",2023,"Birds","Sitta europaea","Europe","Pbr","C","adult","fecundity",0.0292086644651548,1,3,15,0,0
"10.1098/rstb.2022.0194",2023,"Birds","Sitta europaea","Europe","Pbr","C","adult","fecundity",0.0484208443216472,1,3,15,0,0
"10.1098/rstb.2022.0194",2023,"Birds","Sitta europaea","Europe","Pbr","C","adult","survival",0.0673151125370352,1,3,15,0,0
"10.1098/rstb.2022.0194",2023,"Birds","Sitta europaea","Europe","Pbr","C","adult","survival",0.0672017231081392,1,3,15,0,0
"10.1098/rstb.2022.0194",2023,"Birds","Sitta europaea","Europe","Pbr","C","adult","survival",0.0522644290377959,1,3,15,0,0
"10.1098/rstb.2022.0194",2023,"Birds","Sitta europaea","Europe","Pbr","C","adult","survival",0.036116292399859,1,3,15,0,0
"10.1098/rstb.2022.0194",2023,"Birds","Sitta europaea","Europe","Pbr","C","adult","fecundity",0.0324711749231533,1,3,15,0,0
"10.1098/rstb.2022.0194",2023,"Birds","Sitta europaea","Europe","Pbr","C","adult","fecundity",0.0512639058778238,1,3,15,0,0
"10.1098/rstb.2022.0194",2023,"Birds","Sitta europaea","Europe","Pbr","C","adult","survival",0.0611156578891972,1,3,15,0,0
"10.1098/rstb.2022.0194",2023,"Birds","Sitta europaea","Europe","Pbr","C","adult","survival",0.041721422348089,1,3,15,0,0
"10.1098/rstb.2022.0194",2023,"Birds","Sitta europaea","Europe","Pbr","C","adult","survival",0.0497039319540205,1,3,15,0,0
"10.1098/rstb.2022.0194",2023,"Birds","Sitta europaea","Europe","Pbr","C","adult","survival",0.0384203157080896,1,3,15,0,0
"10.1098/rstb.2022.0194",2023,"Birds","Sitta europaea","Europe","Pbr","C","adult","fecundity",0.0672017231081392,1,3,15,0,0
"10.1098/rstb.2022.0194",2023,"Birds","Sitta europaea","Europe","Pbr","C","adult","fecundity",0.059648768800837,1,3,15,0,0
"10.1098/rstb.2022.0194",2023,"Birds","Sitta europaea","Europe","Pwn","C","juvenile","survival",0.000709744678923455,1,3,15,0,0
"10.1098/rstb.2022.0194",2023,"Birds","Sitta europaea","Europe","Pwn","C","juvenile","survival",6.19202440912221e-05,1,3,15,0,0
"10.1098/rstb.2022.0194",2023,"Birds","Sitta europaea","Europe","Pwn","C","juvenile","survival",7.06588125609079e-06,1,3,15,0,0
"10.1098/rstb.2022.0194",2023,"Birds","Sitta europaea","Europe","Pwn","C","juvenile","survival",0.000150612974382908,1,3,15,0,0
"10.1098/rstb.2022.0194",2023,"Birds","Sitta europaea","Europe","Pwn","C","juvenile","fecundity",6.33634771905185e-05,1,3,15,0,0
"10.1098/rstb.2022.0194",2023,"Birds","Sitta europaea","Europe","Pwn","C","juvenile","fecundity",1.39689466364901e-05,1,3,15,0,0
"10.1098/rstb.2022.0194",2023,"Birds","Sitta europaea","Europe","Pwn","C","juvenile","survival",7.06061136516455e-05,1,3,15,0,0
"10.1098/rstb.2022.0194",2023,"Birds","Sitta europaea","Europe","Pwn","C","juvenile","survival",7.67257689464719e-05,1,3,15,0,0
"10.1098/rstb.2022.0194",2023,"Birds","Sitta europaea","Europe","Pwn","C","juvenile","survival",0.000255387088696767,1,3,15,0,0
"10.1098/rstb.2022.0194",2023,"Birds","Sitta europaea","Europe","Pwn","C","juvenile","survival",0.000709744678923455,1,3,15,0,0
"10.1098/rstb.2022.0194",2023,"Birds","Sitta europaea","Europe","Pwn","C","juvenile","fecundity",8.37454760223869e-06,1,3,15,0,0
"10.1098/rstb.2022.0194",2023,"Birds","Sitta europaea","Europe","Pwn","C","juvenile","fecundity",3.66207230146708e-05,1,3,15,0,0
"10.1098/rstb.2022.0194",2023,"Birds","Sitta europaea","Europe","Pwn","C","juvenile","survival",0.000105101590997117,1,3,15,0,0
"10.1098/rstb.2022.0194",2023,"Birds","Sitta europaea","Europe","Pwn","C","juvenile","survival",0.000741239445048393,1,3,15,0,0
"10.1098/rstb.2022.0194",2023,"Birds","Sitta europaea","Europe","Pwn","C","juvenile","survival",0.000358336651164932,1,3,15,0,0
"10.1098/rstb.2022.0194",2023,"Birds","Sitta europaea","Europe","Pwn","C","juvenile","survival",0.000702367272669677,1,3,15,0,0
"10.1098/rstb.2022.0194",2023,"Birds","Sitta europaea","Europe","Pwn","C","juvenile","fecundity",0.000651395425140997,1,3,15,0,0
"10.1098/rstb.2022.0194",2023,"Birds","Sitta europaea","Europe","Pwn","C","juvenile","fecundity",0.000470398884315403,1,3,15,0,0
"10.1098/rstb.2022.0194",2023,"Birds","Sitta europaea","Europe","Pwn","C","juvenile","survival",0.000709744678923455,1,3,15,0,0
"10.1098/rstb.2022.0194",2023,"Birds","Sitta europaea","Europe","Pwn","C","juvenile","survival",6.99336488762145e-05,1,3,15,0,0
"10.1098/rstb.2022.0194",2023,"Birds","Sitta europaea","Europe","Pwn","C","juvenile","survival",3.58154287644199e-05,1,3,15,0,0
"10.1098/rstb.2022.0194",2023,"Birds","Sitta europaea","Europe","Pwn","C","juvenile","survival",0.000170252907403563,1,3,15,0,0
"10.1098/rstb.2022.0194",2023,"Birds","Sitta europaea","Europe","Pwn","C","juvenile","fecundity",0.00267293731840611,1,3,15,0,0
"10.1098/rstb.2022.0194",2023,"Birds","Sitta europaea","Europe","Pwn","C","juvenile","fecundity",0.00426165669356315,1,3,15,0,0
"10.1098/rstb.2022.0194",2023,"Birds","Sitta europaea","Europe","Pwn","C","juvenile","survival",0.000267835547739812,1,3,15,0,0
"10.1098/rstb.2022.0194",2023,"Birds","Sitta europaea","Europe","Pwn","C","juvenile","survival",0.000579939780645429,1,3,15,0,0
"10.1098/rstb.2022.0194",2023,"Birds","Sitta europaea","Europe","Pwn","C","juvenile","survival",6.15792533477238e-05,1,3,15,0,0
"10.1098/rstb.2022.0194",2023,"Birds","Sitta europaea","Europe","Pwn","C","juvenile","survival",0.000709744678923455,1,3,15,0,0
"10.1098/rstb.2022.0194",2023,"Birds","Sitta europaea","Europe","Pwn","C","juvenile","fecundity",9.88754542168018e-05,1,3,15,0,0
"10.1098/rstb.2022.0194",2023,"Birds","Sitta europaea","Europe","Pwn","C","juvenile","fecundity",1.6257002244283e-05,1,3,15,0,0
"10.1098/rstb.2022.0194",2023,"Birds","Sitta europaea","Europe","Pwn","C","juvenile","survival",9.26498016037931e-05,1,3,15,0,0
"10.1098/rstb.2022.0194",2023,"Birds","Sitta europaea","Europe","Pwn","C","juvenile","survival",0.00298109667912576,1,3,15,0,0
"10.1098/rstb.2022.0194",2023,"Birds","Sitta europaea","Europe","Pwn","C","juvenile","survival",0.000549135382017082,1,3,15,0,0
"10.1098/rstb.2022.0194",2023,"Birds","Sitta europaea","Europe","Pwn","C","juvenile","survival",0.000165647278186412,1,3,15,0,0
"10.1098/rstb.2022.0194",2023,"Birds","Sitta europaea","Europe","Pwn","C","juvenile","fecundity",0.000291014950596916,1,3,15,0,0
"10.1098/rstb.2022.0194",2023,"Birds","Sitta europaea","Europe","Pwn","C","juvenile","fecundity",4.79974331616178e-05,1,3,15,0,0
"10.1098/rstb.2022.0194",2023,"Birds","Sitta europaea","Europe","Pwn","C","juvenile","survival",4.53654223416433e-05,1,3,15,0,0
"10.1098/rstb.2022.0194",2023,"Birds","Sitta europaea","Europe","Pwn","C","juvenile","survival",0.00013914522167667,1,3,15,0,0
"10.1098/rstb.2022.0194",2023,"Birds","Sitta europaea","Europe","Pwn","C","juvenile","survival",6.18943930080084e-05,1,3,15,0,0
"10.1098/rstb.2022.0194",2023,"Birds","Sitta europaea","Europe","Pwn","C","juvenile","survival",5.78007038906354e-05,1,3,15,0,0
"10.1098/rstb.2022.0194",2023,"Birds","Sitta europaea","Europe","Pwn","C","juvenile","fecundity",3.53154407245967e-05,1,3,15,0,0
"10.1098/rstb.2022.0194",2023,"Birds","Sitta europaea","Europe","Pwn","C","juvenile","fecundity",0.000549135382017082,1,3,15,0,0
"10.1098/rstb.2022.0194",2023,"Birds","Sitta europaea","Europe","Pwn","C","juvenile","survival",1.28536826232445e-06,1,3,15,0,0
"10.1098/rstb.2022.0194",2023,"Birds","Sitta europaea","Europe","Pwn","C","juvenile","survival",0.000291014950596916,1,3,15,0,0
"10.1098/rstb.2022.0194",2023,"Birds","Sitta europaea","Europe","Pwn","C","juvenile","survival",8.38519878952079e-05,1,3,15,0,0
"10.1098/rstb.2022.0194",2023,"Birds","Sitta europaea","Europe","Pwn","C","juvenile","survival",3.2614642269509e-05,1,3,15,0,0
"10.1098/rstb.2022.0194",2023,"Birds","Sitta europaea","Europe","Pwn","C","juvenile","fecundity",0.000251237658304815,1,3,15,0,0
"10.1098/rstb.2022.0194",2023,"Birds","Sitta europaea","Europe","Pwn","C","juvenile","fecundity",6.18943930080084e-05,1,3,15,0,0
"10.1098/rstb.2022.0194",2023,"Birds","Sitta europaea","Europe","Pwn","C","juvenile","survival",5.78007038906354e-05,1,3,15,0,0
"10.1098/rstb.2022.0194",2023,"Birds","Sitta europaea","Europe","Pwn","C","juvenile","survival",1.07568295888171e-05,1,3,15,0,0
"10.1098/rstb.2022.0194",2023,"Birds","Sitta europaea","Europe","Pwn","C","juvenile","survival",0.000549135382017082,1,3,15,0,0
"10.1098/rstb.2022.0194",2023,"Birds","Sitta europaea","Europe","Pwn","C","juvenile","survival",5.18289003545625e-05,1,3,15,0,0
"10.1098/rstb.2022.0194",2023,"Birds","Sitta europaea","Europe","Pwn","C","juvenile","fecundity",0.000412155420283473,1,3,15,0,0
"10.1098/rstb.2022.0194",2023,"Birds","Sitta europaea","Europe","Pwn","C","juvenile","fecundity",0.00012315535532942,1,3,15,0,0
"10.1098/rstb.2022.0194",2023,"Birds","Sitta europaea","Europe","Pwn","C","juvenile","survival",5.90923277887872e-05,1,3,15,0,0
"10.1098/rstb.2022.0194",2023,"Birds","Sitta europaea","Europe","Pwn","C","juvenile","survival",0.000299881065375015,1,3,15,0,0
"10.1098/rstb.2022.0194",2023,"Birds","Sitta europaea","Europe","Pwn","C","juvenile","survival",5.5997776527445e-05,1,3,15,0,0
"10.1098/rstb.2022.0194",2023,"Birds","Sitta europaea","Europe","Pwn","C","juvenile","survival",0.00238389472373148,1,3,15,0,0
"10.1098/rstb.2022.0194",2023,"Birds","Sitta europaea","Europe","Pwn","C","juvenile","fecundity",1.07568295888171e-05,1,3,15,0,0
"10.1098/rstb.2022.0194",2023,"Birds","Sitta europaea","Europe","Pwn","C","juvenile","fecundity",0.000549135382017082,1,3,15,0,0
"10.1098/rstb.2022.0194",2023,"Birds","Sitta europaea","Europe","Pwn","C","juvenile","survival",5.42854250686844e-05,1,3,15,0,0
"10.1098/rstb.2022.0194",2023,"Birds","Sitta europaea","Europe","Pwn","C","juvenile","survival",0.000182289182110957,1,3,15,0,0
"10.1098/rstb.2022.0194",2023,"Birds","Sitta europaea","Europe","Pwn","C","juvenile","survival",2.57594325780647e-05,1,3,15,0,0
"10.1098/rstb.2022.0194",2023,"Birds","Sitta europaea","Europe","Pwn","C","juvenile","survival",5.90923277887872e-05,1,3,15,0,0
"10.1098/rstb.2022.0194",2023,"Birds","Sitta europaea","Europe","Pwn","C","juvenile","fecundity",0.000405629138104983,1,3,15,0,0
"10.1098/rstb.2022.0194",2023,"Birds","Sitta europaea","Europe","Pwn","C","juvenile","fecundity",5.14429385099041e-05,1,3,15,0,0
"10.1098/rstb.2022.0194",2023,"Birds","Sitta europaea","Europe","Pwn","C","juvenile","survival",0.00238389472373148,1,3,15,0,0
"10.1098/rstb.2022.0194",2023,"Birds","Sitta europaea","Europe","Pwn","C","juvenile","survival",2.49389456026442e-05,1,3,15,0,0
"10.1098/rstb.2022.0194",2023,"Birds","Sitta europaea","Europe","Pwn","C","juvenile","survival",0.00058042511278121,1,3,15,0,0
"10.1098/rstb.2022.0194",2023,"Birds","Sitta europaea","Europe","Pwn","C","juvenile","survival",7.3885954058079e-05,1,3,15,0,0
"10.1098/rstb.2022.0194",2023,"Birds","Sitta europaea","Europe","Pwn","C","juvenile","fecundity",0.000182289182110957,1,3,15,0,0
"10.1098/rstb.2022.0194",2023,"Birds","Sitta europaea","Europe","Pwn","C","juvenile","fecundity",0.000885634826695676,1,3,15,0,0
"10.1098/rstb.2022.0194",2023,"Birds","Sitta europaea","Europe","Pwn","C","juvenile","survival",1.88140958690018e-05,1,3,15,0,0
"10.1098/rstb.2022.0194",2023,"Birds","Sitta europaea","Europe","Pwn","C","juvenile","survival",0.000648394108945065,1,3,15,0,0
"10.1098/rstb.2022.0194",2023,"Birds","Sitta europaea","Europe","Pwn","C","juvenile","survival",0.000213693499187571,1,3,15,0,0
"10.1098/rstb.2022.0194",2023,"Birds","Sitta europaea","Europe","Pwn","C","juvenile","survival",0.00238389472373148,1,3,15,0,0
"10.1098/rstb.2022.0194",2023,"Birds","Sitta europaea","Europe","Pwn","C","juvenile","fecundity",0.000100183115676142,1,3,15,0,0
"10.1098/rstb.2022.0194",2023,"Birds","Sitta europaea","Europe","Pwn","C","juvenile","fecundity",0.000256037256938148,1,3,15,0,0
"10.1098/rstb.2022.0194",2023,"Birds","Sitta europaea","Europe","Pwn","C","juvenile","survival",0.000572060614822133,1,3,15,0,0
"10.1098/rstb.2022.0194",2023,"Birds","Sitta europaea","Europe","Pwn","C","juvenile","survival",0.000134727155686244,1,3,15,0,0
"10.1098/rstb.2022.0194",2023,"Birds","Sitta europaea","Europe","Pwn","C","juvenile","survival",7.9951249325373e-05,1,3,15,0,0
"10.1098/rstb.2022.0194",2023,"Birds","Sitta europaea","Europe","Pwn","C","juvenile","survival",2.28569351426377e-05,1,3,15,0,0
"10.1098/rstb.2022.0194",2023,"Birds","Sitta europaea","Europe","Pwn","C","juvenile","fecundity",0.000648394108945065,1,3,15,0,0
"10.1098/rstb.2022.0194",2023,"Birds","Sitta europaea","Europe","Pwn","C","juvenile","fecundity",0.000213693499187571,1,3,15,0,0
"10.1098/rstb.2022.0194",2023,"Birds","Sitta europaea","Europe","Pwn","C","juvenile","survival",0.00384855511415821,1,3,15,0,0
"10.1098/rstb.2022.0194",2023,"Birds","Sitta europaea","Europe","Pwn","C","juvenile","survival",0.000292582880845078,1,3,15,0,0
"10.1098/rstb.2022.0194",2023,"Birds","Sitta europaea","Europe","Pwn","C","juvenile","survival",0.000341997034704212,1,3,15,0,0
"10.1098/rstb.2022.0194",2023,"Birds","Sitta europaea","Europe","Pwn","C","juvenile","survival",0.000156836209703652,1,3,15,0,0
"10.1098/rstb.2022.0194",2023,"Birds","Sitta europaea","Europe","Pwn","C","juvenile","fecundity",1.3888216705172e-05,1,3,15,0,0
"10.1098/rstb.2022.0194",2023,"Birds","Sitta europaea","Europe","Pwn","C","juvenile","fecundity",0.000170587053867674,1,3,15,0,0
"10.1098/rstb.2022.0194",2023,"Birds","Sitta europaea","Europe","Pwn","C","juvenile","survival",5.07472387865812e-06,1,3,15,0,0
"10.1098/rstb.2022.0194",2023,"Birds","Sitta europaea","Europe","Pwn","C","juvenile","survival",0.000765220196361334,1,3,15,0,0
"10.1098/rstb.2022.0194",2023,"Birds","Sitta europaea","Europe","Pwn","C","juvenile","survival",9.38828488948716e-05,1,3,15,0,0
"10.1098/rstb.2022.0194",2023,"Birds","Sitta europaea","Europe","Pwn","C","juvenile","survival",0.000549870995878106,1,3,15,0,0
"10.1098/rstb.2022.0194",2023,"Birds","Sitta europaea","Europe","Pwn","C","juvenile","fecundity",0.00179530701008438,1,3,15,0,0
"10.1098/rstb.2022.0194",2023,"Birds","Sitta europaea","Europe","Pwn","C","juvenile","fecundity",3.76199369879601e-05,1,3,15,0,0
"10.1098/rstb.2022.0194",2023,"Birds","Sitta europaea","Europe","Pwn","C","juvenile","survival",2.03804750796526e-05,1,3,15,0,0
"10.1098/rstb.2022.0194",2023,"Birds","Sitta europaea","Europe","Pwn","C","juvenile","survival",6.54732000584782e-05,1,3,15,0,0
"10.1098/rstb.2022.0194",2023,"Birds","Sitta europaea","Europe","Pwn","C","juvenile","survival",0.000170587053867674,1,3,15,0,0
"10.1098/rstb.2022.0194",2023,"Birds","Sitta europaea","Europe","Pwn","C","juvenile","survival",0.000536926782547243,1,3,15,0,0
"10.1098/rstb.2022.0194",2023,"Birds","Sitta europaea","Europe","Pwn","C","adult","fecundity",0.162409761434618,1,3,15,0,0
"10.1098/rstb.2022.0194",2023,"Birds","Sitta europaea","Europe","Pwn","C","adult","fecundity",0.0293709735591385,1,3,15,0,0
"10.1098/rstb.2022.0194",2023,"Birds","Sitta europaea","Europe","Pwn","C","adult","survival",0.0700410754966172,1,3,15,0,0
"10.1098/rstb.2022.0194",2023,"Birds","Sitta europaea","Europe","Pwn","C","adult","survival",0.201465247730673,1,3,15,0,0
"10.1098/rstb.2022.0194",2023,"Birds","Sitta europaea","Europe","Pwn","C","adult","survival",0.0766921815383846,1,3,15,0,0
"10.1098/rstb.2022.0194",2023,"Birds","Sitta europaea","Europe","Pwn","C","adult","survival",0.0316762275938018,1,3,15,0,0
"10.1098/rstb.2022.0194",2023,"Birds","Sitta europaea","Europe","Pwn","C","adult","fecundity",0.0686793457274272,1,3,15,0,0
"10.1098/rstb.2022.0194",2023,"Birds","Sitta europaea","Europe","Pwn","C","adult","fecundity",0.215011820892218,1,3,15,0,0
"10.1098/rstb.2022.0194",2023,"Birds","Sitta europaea","Europe","Pwn","C","adult","survival",0.121048558654863,1,3,15,0,0
"10.1098/rstb.2022.0194",2023,"Birds","Sitta europaea","Europe","Pwn","C","adult","survival",0.162409761434618,1,3,15,0,0
"10.1098/rstb.2022.0194",2023,"Birds","Sitta europaea","Europe","Pwn","C","adult","survival",0.0474108131609282,1,3,15,0,0
"10.1098/rstb.2022.0194",2023,"Birds","Sitta europaea","Europe","Pwn","C","adult","survival",0.0506178079532779,1,3,15,0,0
"10.1098/rstb.2022.0194",2023,"Birds","Sitta europaea","Europe","Pwn","C","adult","fecundity",0.122483343863859,1,3,15,0,0
"10.1098/rstb.2022.0194",2023,"Birds","Sitta europaea","Europe","Pwn","C","adult","fecundity",0.0276495306728086,1,3,15,0,0
"10.1098/rstb.2022.0194",2023,"Birds","Sitta europaea","Europe","Pwn","C","adult","survival",0.108613780457097,1,3,15,0,0
"10.1098/rstb.2022.0194",2023,"Birds","Sitta europaea","Europe","Pwn","C","adult","survival",0.120760731997888,1,3,15,0,0
"10.1098/rstb.2022.0194",2023,"Birds","Sitta europaea","Europe","Pwn","C","adult","survival",0.0457853243838292,1,3,15,0,0
"10.1098/rstb.2022.0194",2023,"Birds","Sitta europaea","Europe","Pwn","C","adult","survival",0.116313352407388,1,3,15,0,0
"10.1098/rstb.2022.0194",2023,"Birds","Sitta europaea","Europe","Pwn","C","adult","fecundity",0.162409761434618,1,3,15,0,0
"10.1098/rstb.2022.0194",2023,"Birds","Sitta europaea","Europe","Pwn","C","adult","fecundity",0.00574203783767475,1,3,15,0,0
"10.1098/rstb.2022.0194",2023,"Birds","Sitta europaea","Europe","Pwn","C","adult","survival",0.0621017745985263,1,3,15,0,0
"10.1098/rstb.2022.0194",2023,"Birds","Sitta europaea","Europe","Pwn","C","adult","survival",0.165711454508502,1,3,15,0,0
"10.1098/rstb.2022.0194",2023,"Birds","Sitta europaea","Europe","Pwn","C","adult","survival",0.0277321253909782,1,3,15,0,0
"10.1098/rstb.2022.0194",2023,"Birds","Sitta europaea","Europe","Pwn","C","adult","survival",0.0533150995718809,1,3,15,0,0
"10.1098/rstb.2022.0194",2023,"Birds","Sitta europaea","Europe","Pwn","C","adult","fecundity",0.159413298311952,1,3,15,0,0
"10.1098/rstb.2022.0194",2023,"Birds","Sitta europaea","Europe","Pwn","C","adult","fecundity",0.0221384438562314,1,3,15,0,0
"10.1098/rstb.2022.0194",2023,"Birds","Sitta europaea","Europe","Pwn","C","adult","survival",0.013604641951694,1,3,15,0,0
"10.1098/rstb.2022.0194",2023,"Birds","Sitta europaea","Europe","Pwn","C","adult","survival",0.162409761434618,1,3,15,0,0
"10.1098/rstb.2022.0194",2023,"Birds","Sitta europaea","Europe","Pwn","C","adult","survival",0.0599599416537146,1,3,15,0,0
"10.1098/rstb.2022.0194",2023,"Birds","Sitta europaea","Europe","Pwn","C","adult","survival",0.0133804568197309,1,3,15,0,0
"10.1098/rstb.2022.0194",2023,"Birds","Sitta europaea","Europe","Pwn","C","adult","fecundity",0.0172696521173479,1,3,15,0,0
"10.1098/rstb.2022.0194",2023,"Birds","Sitta europaea","Europe","Pwn","C","adult","fecundity",0.082742298989802,1,3,15,0,0
"10.1098/rstb.2022.0194",2023,"Birds","Sitta europaea","Europe","Pwn","C","adult","survival",0.00655566293448985,1,3,15,0,0
"10.1098/rstb.2022.0194",2023,"Birds","Sitta europaea","Europe","Pwn","C","adult","survival",0.128312287971616,1,3,15,0,0
"10.1098/rstb.2022.0194",2023,"Birds","Sitta europaea","Europe","Pwn","C","adult","survival",0.0827688322068147,1,3,15,0,0
"10.1098/rstb.2022.0194",2023,"Birds","Sitta europaea","Europe","Pwn","C","adult","survival",0.0532968734570622,1,3,15,0,0
"10.1098/rstb.2022.0194",2023,"Birds","Sitta europaea","Europe","Pwn","C","adult","fecundity",0.059563737619286,1,3,15,0,0
"10.1098/rstb.2022.0194",2023,"Birds","Sitta europaea","Europe","Pwn","C","adult","fecundity",0.0434326607687691,1,3,15,0,0
"10.1098/rstb.2022.0194",2023,"Birds","Sitta europaea","Europe","Pwn","C","adult","survival",0.000914799333123506,1,3,15,0,0
"10.1098/rstb.2022.0194",2023,"Birds","Sitta europaea","Europe","Pwn","C","adult","survival",0.144938479241121,1,3,15,0,0
"10.1098/rstb.2022.0194",2023,"Birds","Sitta europaea","Europe","Pwn","C","adult","survival",0.13905976114598,1,3,15,0,0
"10.1098/rstb.2022.0194",2023,"Birds","Sitta europaea","Europe","Pwn","C","adult","survival",0.00655566293448985,1,3,15,0,0
"10.1098/rstb.2022.0194",2023,"Birds","Sitta europaea","Europe","Pwn","C","adult","fecundity",0.109560586242321,1,3,15,0,0
"10.1098/rstb.2022.0194",2023,"Birds","Sitta europaea","Europe","Pwn","C","adult","fecundity",0.0827688322068147,1,3,15,0,0
"10.1098/rstb.2022.0194",2023,"Birds","Sitta europaea","Europe","Pwn","C","adult","survival",0.0217762242462705,1,3,15,0,0
"10.1098/rstb.2022.0194",2023,"Birds","Sitta europaea","Europe","Pwn","C","adult","survival",0.0426891434574355,1,3,15,0,0
"10.1098/rstb.2022.0194",2023,"Birds","Sitta europaea","Europe","Pwn","C","adult","survival",0.0550227229733536,1,3,15,0,0
"10.1098/rstb.2022.0194",2023,"Birds","Sitta europaea","Europe","Pwn","C","adult","survival",0.000914799333123506,1,3,15,0,0
"10.1098/rstb.2022.0194",2023,"Birds","Sitta europaea","Europe","Pwn","C","adult","fecundity",0.144938479241121,1,3,15,0,0
"10.1098/rstb.2022.0194",2023,"Birds","Sitta europaea","Europe","Pwn","C","adult","fecundity",0.213715658589469,1,3,15,0,0
"10.1098/rstb.2022.0194",2023,"Birds","Sitta europaea","Europe","Pwn","C","adult","survival",0.00655566293448985,1,3,15,0,0
"10.1098/rstb.2022.0194",2023,"Birds","Sitta europaea","Europe","Pwn","C","adult","survival",0.0541223515183141,1,3,15,0,0
"10.1098/rstb.2022.0194",2023,"Birds","Sitta europaea","Europe","Pwn","C","adult","survival",0.0486604985725066,1,3,15,0,0
"10.1098/rstb.2022.0194",2023,"Birds","Sitta europaea","Europe","Pwn","C","adult","survival",0.0949307075917704,1,3,15,0,0
"10.1098/rstb.2022.0194",2023,"Birds","Sitta europaea","Europe","Pwn","C","adult","fecundity",0.0192738150880255,1,3,15,0,0
"10.1098/rstb.2022.0194",2023,"Birds","Sitta europaea","Europe","Pwn","C","adult","fecundity",0.145929499033557,1,3,15,0,0
"10.1098/rstb.2022.0194",2023,"Birds","Sitta europaea","Europe","Pwn","C","adult","survival",0.0187691389384787,1,3,15,0,0
"10.1098/rstb.2022.0194",2023,"Birds","Sitta europaea","Europe","Pwn","C","adult","survival",0.011959474598171,1,3,15,0,0
"10.1098/rstb.2022.0194",2023,"Birds","Sitta europaea","Europe","Pwn","C","adult","survival",0.213715658589469,1,3,15,0,0
"10.1098/rstb.2022.0194",2023,"Birds","Sitta europaea","Europe","Pwn","C","adult","survival",0.00655566293448985,1,3,15,0,0
"10.1098/rstb.2022.0194",2023,"Birds","Sitta europaea","Europe","Pwn","C","adult","fecundity",0.0215547424914295,1,3,15,0,0
"10.1098/rstb.2022.0194",2023,"Birds","Sitta europaea","Europe","Pwn","C","adult","fecundity",0.065586914553695,1,3,15,0,0
"10.1098/rstb.2022.0194",2023,"Birds","Sitta europaea","Europe","Pwn","C","adult","survival",0.224305019987263,1,3,15,0,0
"10.1098/rstb.2022.0194",2023,"Birds","Sitta europaea","Europe","Pwn","C","adult","survival",0.0192738150880255,1,3,15,0,0
"10.1098/rstb.2022.0194",2023,"Birds","Sitta europaea","Europe","Pwn","C","adult","survival",0.135900914806872,1,3,15,0,0
"10.1098/rstb.2022.0194",2023,"Birds","Sitta europaea","Europe","Pwn","C","adult","survival",0.007650243985695,1,3,15,0,0
"10.1098/rstb.2022.0194",2023,"Birds","Sitta europaea","Europe","Pwn","C","adult","fecundity",0.011959474598171,1,3,15,0,0
"10.1098/rstb.2022.0194",2023,"Birds","Sitta europaea","Europe","Pwn","C","adult","fecundity",0.222232667058615,1,3,15,0,0
"10.1098/rstb.2022.0194",2023,"Birds","Sitta europaea","Europe","Pwn","C","adult","survival",0.00298573034166648,1,3,15,0,0
"10.1098/rstb.2022.0194",2023,"Birds","Sitta europaea","Europe","Pwn","C","adult","survival",0.053078771156557,1,3,15,0,0
"10.1098/rstb.2022.0194",2023,"Birds","Sitta europaea","Europe","Pwn","C","adult","survival",0.065586914553695,1,3,15,0,0
"10.1098/rstb.2022.0194",2023,"Birds","Sitta europaea","Europe","Pwn","C","adult","survival",0.0659403268864308,1,3,15,0,0
"10.1098/rstb.2022.0194",2023,"Birds","Sitta europaea","Europe","Pwn","C","adult","fecundity",0.0634452095382239,1,3,15,0,0
"10.1098/rstb.2022.0194",2023,"Birds","Sitta europaea","Europe","Pwn","C","adult","fecundity",0.146888835962484,1,3,15,0,0
"10.1098/rstb.2022.0194",2023,"Birds","Sitta europaea","Europe","Pwn","C","adult","survival",0.0101061758142708,1,3,15,0,0
"10.1098/rstb.2022.0194",2023,"Birds","Sitta europaea","Europe","Pwn","C","adult","survival",0.011959474598171,1,3,15,0,0
"10.1098/rstb.2022.0194",2023,"Birds","Sitta europaea","Europe","Pwn","C","adult","survival",0.0545763064430441,1,3,15,0,0
"10.1098/rstb.2022.0194",2023,"Birds","Sitta europaea","Europe","Pwn","C","adult","survival",0.0250684398636773,1,3,15,0,0
"10.1098/rstb.2022.0194",2023,"Birds","Sitta europaea","Europe","Pwn","C","adult","fecundity",0.138778704937885,1,3,15,0,0
"10.1098/rstb.2022.0194",2023,"Birds","Sitta europaea","Europe","Pwn","C","adult","fecundity",0.00613045160239601,1,3,15,0,0
"10.1098/rstb.2022.0194",2023,"Birds","Sitta europaea","Europe","Pwn","C","adult","survival",0.0413455991474237,1,3,15,0,0
"10.1098/rstb.2022.0194",2023,"Birds","Sitta europaea","Europe","Pwn","C","adult","survival",0.050508183202718,1,3,15,0,0
"10.1098/rstb.2022.0194",2023,"Birds","Sitta europaea","Europe","Pwn","C","adult","survival",0.146888835962484,1,3,15,0,0
"10.1098/rstb.2022.0194",2023,"Birds","Sitta europaea","Europe","Pwn","C","adult","survival",0.0101061758142708,1,3,15,0,0
"10.1098/rstb.2022.0194",2023,"Birds","Sitta europaea","Europe","Pwn","C","adult","fecundity",0.0187975084769486,1,3,15,0,0
"10.1098/rstb.2022.0194",2023,"Birds","Sitta europaea","Europe","Pwn","C","adult","fecundity",0.116431765322072,1,3,15,0,0
"10.1098/rstb.2022.0194",2023,"Birds","Sitta europaea","Europe","Pwn","C","adult","survival",0.0637738195704999,1,3,15,0,0
"10.1098/rstb.2022.0194",2023,"Birds","Sitta europaea","Europe","Pwn","C","adult","survival",0.0907483610462171,1,3,15,0,0
"10.1098/rstb.2022.0194",2023,"Birds","Sitta europaea","Europe","Pwn","C","adult","survival",0.147556347035414,1,3,15,0,0
"10.1098/rstb.2022.0194",2023,"Birds","Sitta europaea","Europe","Pwn","C","adult","survival",0.0993804981592388,1,3,15,0,0
"10.1098/rstb.2022.0194",2023,"Birds","Sitta europaea","Europe","Pwn","C","adult","fecundity",0.0897542796899333,1,3,15,0,0
"10.1098/rstb.2022.0194",2023,"Birds","Sitta europaea","Europe","Pwn","C","adult","fecundity",0.00185995450865605,1,3,15,0,0
"10.1098/rstb.2022.0194",2023,"Birds","Sitta europaea","Europe","Pwn","C","adult","survival",0.00946302482284045,1,3,15,0,0
"10.1098/rstb.2022.0194",2023,"Birds","Sitta europaea","Europe","Pwn","C","adult","survival",0.0405123513533026,1,3,15,0,0
"10.1098/rstb.2022.0194",2023,"Birds","Sitta europaea","Europe","Pwn","C","adult","survival",0.0493664702946129,1,3,15,0,0
"10.1098/rstb.2022.0194",2023,"Birds","Sitta europaea","Europe","Pwn","C","adult","survival",0.241303252846937,1,3,15,0,0
"10.1098/rstb.2022.0194",2023,"Birds","Sitta europaea","Europe","Pwn","C","adult","fecundity",0.0129324804087697,1,3,15,0,0
"10.1098/rstb.2022.0194",2023,"Birds","Sitta europaea","Europe","Pwn","C","adult","fecundity",0.051184939264421,1,3,15,0,0
"10.1098/rstb.2022.0194",2023,"Birds","Sitta europaea","Europe","Pwn","C","adult","survival",0.0993804981592388,1,3,15,0,0
"10.1098/rstb.2022.0194",2023,"Birds","Sitta europaea","Europe","Pwn","C","adult","survival",0.00221022656911219,1,3,15,0,0
"10.1098/rstb.2022.0194",2023,"Birds","Sitta europaea","Europe","Tat","C","juvenile","survival",0.000104325332892741,1,3,15,0,0
"10.1098/rstb.2022.0194",2023,"Birds","Sitta europaea","Europe","Tat","C","juvenile","survival",0.0003307578645942,1,3,15,0,0
"10.1098/rstb.2022.0194",2023,"Birds","Sitta europaea","Europe","Tat","C","juvenile","fecundity",4.23068049172503e-05,1,3,15,0,0
"10.1098/rstb.2022.0194",2023,"Birds","Sitta europaea","Europe","Tat","C","juvenile","fecundity",4.355674038761e-05,1,3,15,0,0
"10.1098/rstb.2022.0194",2023,"Birds","Sitta europaea","Europe","Tat","C","juvenile","survival",2.43676056670846e-05,1,3,15,0,0
"10.1098/rstb.2022.0194",2023,"Birds","Sitta europaea","Europe","Tat","C","juvenile","survival",0.000712129373946778,1,3,15,0,0
"10.1098/rstb.2022.0194",2023,"Birds","Sitta europaea","Europe","Tat","C","juvenile","survival",0.000176445209981279,1,3,15,0,0
"10.1098/rstb.2022.0194",2023,"Birds","Sitta europaea","Europe","Tat","C","juvenile","survival",0.000132668857923084,1,3,15,0,0
"10.1098/rstb.2022.0194",2023,"Birds","Sitta europaea","Europe","Tat","C","juvenile","fecundity",5.91713159782114e-05,1,3,15,0,0
"10.1098/rstb.2022.0194",2023,"Birds","Sitta europaea","Europe","Tat","C","juvenile","fecundity",0.000104325332892741,1,3,15,0,0
"10.1098/rstb.2022.0194",2023,"Birds","Sitta europaea","Europe","Tat","C","juvenile","survival",1.47419949354758e-05,1,3,15,0,0
"10.1098/rstb.2022.0194",2023,"Birds","Sitta europaea","Europe","Tat","C","juvenile","survival",1.47739134309996e-05,1,3,15,0,0
"10.1098/rstb.2022.0194",2023,"Birds","Sitta europaea","Europe","Tat","C","juvenile","survival",8.89487197334046e-05,1,3,15,0,0
"10.1098/rstb.2022.0194",2023,"Birds","Sitta europaea","Europe","Tat","C","juvenile","survival",5.72866985484926e-05,1,3,15,0,0
"10.1098/rstb.2022.0194",2023,"Birds","Sitta europaea","Europe","Tat","C","juvenile","fecundity",0.000438999705736976,1,3,15,0,0
"10.1098/rstb.2022.0194",2023,"Birds","Sitta europaea","Europe","Tat","C","juvenile","fecundity",3.73200908635672e-05,1,3,15,0,0
"10.1098/rstb.2022.0194",2023,"Birds","Sitta europaea","Europe","Tat","C","juvenile","survival",0.00012625683734656,1,3,15,0,0
"10.1098/rstb.2022.0194",2023,"Birds","Sitta europaea","Europe","Tat","C","juvenile","survival",0.000593689372579787,1,3,15,0,0
"10.1098/rstb.2022.0194",2023,"Birds","Sitta europaea","Europe","Tat","C","juvenile","survival",0.000104325332892741,1,3,15,0,0
"10.1098/rstb.2022.0194",2023,"Birds","Sitta europaea","Europe","Tat","C","juvenile","survival",0.000143680066078815,1,3,15,0,0
"10.1098/rstb.2022.0194",2023,"Birds","Sitta europaea","Europe","Tat","C","juvenile","fecundity",0.00013650536456166,1,3,15,0,0
"10.1098/rstb.2022.0194",2023,"Birds","Sitta europaea","Europe","Tat","C","juvenile","fecundity",9.95467515416675e-05,1,3,15,0,0
"10.1098/rstb.2022.0194",2023,"Birds","Sitta europaea","Europe","Tat","C","juvenile","survival",3.36340061910449e-05,1,3,15,0,0
"10.1098/rstb.2022.0194",2023,"Birds","Sitta europaea","Europe","Tat","C","juvenile","survival",0.000141451777260058,1,3,15,0,0
"10.1098/rstb.2022.0194",2023,"Birds","Sitta europaea","Europe","Tat","C","juvenile","survival",0.000100198169752433,1,3,15,0,0
"10.1098/rstb.2022.0194",2023,"Birds","Sitta europaea","Europe","Tat","C","juvenile","survival",1.73504323552022e-05,1,3,15,0,0
"10.1098/rstb.2022.0194",2023,"Birds","Sitta europaea","Europe","Tat","C","juvenile","fecundity",0.000343037420229974,1,3,15,0,0
"10.1098/rstb.2022.0194",2023,"Birds","Sitta europaea","Europe","Tat","C","juvenile","fecundity",0.000104325332892741,1,3,15,0,0
"10.1098/rstb.2022.0194",2023,"Birds","Sitta europaea","Europe","Tat","C","juvenile","survival",0.000149034407262287,1,3,15,0,0
"10.1098/rstb.2022.0194",2023,"Birds","Sitta europaea","Europe","Tat","C","juvenile","survival",0.000228999094610458,1,3,15,0,0
"10.1098/rstb.2022.0194",2023,"Birds","Sitta europaea","Europe","Tat","C","juvenile","survival",0.000384076199351255,1,3,15,0,0
"10.1098/rstb.2022.0194",2023,"Birds","Sitta europaea","Europe","Tat","C","juvenile","survival",5.78761886050538e-05,1,3,15,0,0
"10.1098/rstb.2022.0194",2023,"Birds","Sitta europaea","Europe","Tat","C","juvenile","fecundity",3.63334619319082e-05,1,3,15,0,0
"10.1098/rstb.2022.0194",2023,"Birds","Sitta europaea","Europe","Tat","C","juvenile","fecundity",0.000270527886015322,1,3,15,0,0
"10.1098/rstb.2022.0194",2023,"Birds","Sitta europaea","Europe","Tat","C","juvenile","survival",3.93424419823121e-06,1,3,15,0,0
"10.1098/rstb.2022.0194",2023,"Birds","Sitta europaea","Europe","Tat","C","juvenile","survival",0.000448183057546888,1,3,15,0,0
"10.1098/rstb.2022.0194",2023,"Birds","Sitta europaea","Europe","Tat","C","juvenile","survival",0.000277503304953326,1,3,15,0,0
"10.1098/rstb.2022.0194",2023,"Birds","Sitta europaea","Europe","Tat","C","juvenile","survival",0.00014966977470376,1,3,15,0,0
"10.1098/rstb.2022.0194",2023,"Birds","Sitta europaea","Europe","Tat","C","juvenile","fecundity",0.000196462248902912,1,3,15,0,0
"10.1098/rstb.2022.0194",2023,"Birds","Sitta europaea","Europe","Tat","C","juvenile","fecundity",0.000165180682786399,1,3,15,0,0
"10.1098/rstb.2022.0194",2023,"Birds","Sitta europaea","Europe","Tat","C","juvenile","survival",0.00022778839380422,1,3,15,0,0
"10.1098/rstb.2022.0194",2023,"Birds","Sitta europaea","Europe","Tat","C","juvenile","survival",3.63334619319082e-05,1,3,15,0,0
"10.1098/rstb.2022.0194",2023,"Birds","Sitta europaea","Europe","Tat","C","juvenile","survival",2.14952799777378e-05,1,3,15,0,0
"10.1098/rstb.2022.0194",2023,"Birds","Sitta europaea","Europe","Tat","C","juvenile","survival",3.93424419823121e-06,1,3,15,0,0
"10.1098/rstb.2022.0194",2023,"Birds","Sitta europaea","Europe","Tat","C","juvenile","fecundity",0.000157592557049724,1,3,15,0,0
"10.1098/rstb.2022.0194",2023,"Birds","Sitta europaea","Europe","Tat","C","juvenile","fecundity",9.00129607008869e-05,1,3,15,0,0
"10.1098/rstb.2022.0194",2023,"Birds","Sitta europaea","Europe","Tat","C","juvenile","survival",9.06175460581675e-05,1,3,15,0,0
"10.1098/rstb.2022.0194",2023,"Birds","Sitta europaea","Europe","Tat","C","juvenile","survival",0.000196462248902912,1,3,15,0,0
"10.1098/rstb.2022.0194",2023,"Birds","Sitta europaea","Europe","Tat","C","juvenile","survival",0.000165180682786399,1,3,15,0,0
"10.1098/rstb.2022.0194",2023,"Birds","Sitta europaea","Europe","Tat","C","juvenile","survival",0.000314136165581833,1,3,15,0,0
"10.1098/rstb.2022.0194",2023,"Birds","Sitta europaea","Europe","Tat","C","juvenile","fecundity",3.63334619319082e-05,1,3,15,0,0
"10.1098/rstb.2022.0194",2023,"Birds","Sitta europaea","Europe","Tat","C","juvenile","fecundity",0.000127846224437891,1,3,15,0,0
"10.1098/rstb.2022.0194",2023,"Birds","Sitta europaea","Europe","Tat","C","juvenile","survival",4.84997300402811e-05,1,3,15,0,0
"10.1098/rstb.2022.0194",2023,"Birds","Sitta europaea","Europe","Tat","C","juvenile","survival",0.000122906561525599,1,3,15,0,0
"10.1098/rstb.2022.0194",2023,"Birds","Sitta europaea","Europe","Tat","C","juvenile","survival",0.00026423667251831,1,3,15,0,0
"10.1098/rstb.2022.0194",2023,"Birds","Sitta europaea","Europe","Tat","C","juvenile","survival",6.06737928447589e-05,1,3,15,0,0
"10.1098/rstb.2022.0194",2023,"Birds","Sitta europaea","Europe","Tat","C","juvenile","fecundity",0.000136877701709,1,3,15,0,0
"10.1098/rstb.2022.0194",2023,"Birds","Sitta europaea","Europe","Tat","C","juvenile","fecundity",4.74304443577134e-05,1,3,15,0,0
"10.1098/rstb.2022.0194",2023,"Birds","Sitta europaea","Europe","Tat","C","juvenile","survival",0.000314136165581833,1,3,15,0,0
"10.1098/rstb.2022.0194",2023,"Birds","Sitta europaea","Europe","Tat","C","juvenile","survival",3.63334619319082e-05,1,3,15,0,0
"10.1098/rstb.2022.0194",2023,"Birds","Sitta europaea","Europe","Tat","C","juvenile","survival",0.000491458002031111,1,3,15,0,0
"10.1098/rstb.2022.0194",2023,"Birds","Sitta europaea","Europe","Tat","C","juvenile","survival",3.35726245759019e-05,1,3,15,0,0
"10.1098/rstb.2022.0194",2023,"Birds","Sitta europaea","Europe","Tat","C","juvenile","fecundity",0.000149411979348851,1,3,15,0,0
"10.1098/rstb.2022.0194",2023,"Birds","Sitta europaea","Europe","Tat","C","juvenile","fecundity",0.00026423667251831,1,3,15,0,0
"10.1098/rstb.2022.0194",2023,"Birds","Sitta europaea","Europe","Tat","C","juvenile","survival",0.000447026335290903,1,3,15,0,0
"10.1098/rstb.2022.0194",2023,"Birds","Sitta europaea","Europe","Tat","C","juvenile","survival",0.000134612042760889,1,3,15,0,0
"10.1098/rstb.2022.0194",2023,"Birds","Sitta europaea","Europe","Tat","C","juvenile","survival",4.74304443577134e-05,1,3,15,0,0
"10.1098/rstb.2022.0194",2023,"Birds","Sitta europaea","Europe","Tat","C","juvenile","survival",0.000126464135621721,1,3,15,0,0
"10.1098/rstb.2022.0194",2023,"Birds","Sitta europaea","Europe","Tat","C","juvenile","fecundity",4.67573175056741e-05,1,3,15,0,0
"10.1098/rstb.2022.0194",2023,"Birds","Sitta europaea","Europe","Tat","C","juvenile","fecundity",0.000506852987860534,1,3,15,0,0
"10.1098/rstb.2022.0194",2023,"Birds","Sitta europaea","Europe","Tat","C","juvenile","survival",3.35726245759019e-05,1,3,15,0,0
"10.1098/rstb.2022.0194",2023,"Birds","Sitta europaea","Europe","Tat","C","juvenile","survival",0.000340442947065073,1,3,15,0,0
"10.1098/rstb.2022.0194",2023,"Birds","Sitta europaea","Europe","Tat","C","juvenile","survival",0.000105708539475857,1,3,15,0,0
"10.1098/rstb.2022.0194",2023,"Birds","Sitta europaea","Europe","Tat","C","juvenile","survival",3.86718110505097e-05,1,3,15,0,0
"10.1098/rstb.2022.0194",2023,"Birds","Sitta europaea","Europe","Tat","C","juvenile","fecundity",8.19649191846529e-05,1,3,15,0,0
"10.1098/rstb.2022.0194",2023,"Birds","Sitta europaea","Europe","Tat","C","juvenile","fecundity",4.74304443577134e-05,1,3,15,0,0
"10.1098/rstb.2022.0194",2023,"Birds","Sitta europaea","Europe","Tat","C","juvenile","survival",3.06340399773728e-05,1,3,15,0,0
"10.1098/rstb.2022.0194",2023,"Birds","Sitta europaea","Europe","Tat","C","juvenile","survival",0.000188041164481931,1,3,15,0,0
"10.1098/rstb.2022.0194",2023,"Birds","Sitta europaea","Europe","Tat","C","juvenile","survival",0.00152278680528194,1,3,15,0,0
"10.1098/rstb.2022.0194",2023,"Birds","Sitta europaea","Europe","Tat","C","juvenile","survival",7.76163484931819e-05,1,3,15,0,0
"10.1098/rstb.2022.0194",2023,"Birds","Sitta europaea","Europe","Tat","C","juvenile","fecundity",5.7889132979483e-05,1,3,15,0,0
"10.1098/rstb.2022.0194",2023,"Birds","Sitta europaea","Europe","Tat","C","juvenile","fecundity",2.21679904106293e-05,1,3,15,0,0
"10.1098/rstb.2022.0194",2023,"Birds","Sitta europaea","Europe","Tat","C","juvenile","survival",3.86718110505097e-05,1,3,15,0,0
"10.1098/rstb.2022.0194",2023,"Birds","Sitta europaea","Europe","Tat","C","juvenile","survival",8.19649191846529e-05,1,3,15,0,0
"10.1098/rstb.2022.0194",2023,"Birds","Sitta europaea","Europe","Tat","C","juvenile","survival",9.1150674026605e-05,1,3,15,0,0
"10.1098/rstb.2022.0194",2023,"Birds","Sitta europaea","Europe","Tat","C","juvenile","survival",0.000242101676591652,1,3,15,0,0
"10.1098/rstb.2022.0194",2023,"Birds","Sitta europaea","Europe","Tat","C","juvenile","fecundity",0.000121957133716788,1,3,15,0,0
"10.1098/rstb.2022.0194",2023,"Birds","Sitta europaea","Europe","Tat","C","juvenile","fecundity",0.00013108887872933,1,3,15,0,0
"10.1098/rstb.2022.0194",2023,"Birds","Sitta europaea","Europe","Tat","C","juvenile","survival",0.000728433575197457,1,3,15,0,0
"10.1098/rstb.2022.0194",2023,"Birds","Sitta europaea","Europe","Tat","C","juvenile","survival",0.000243497924276951,1,3,15,0,0
"10.1098/rstb.2022.0194",2023,"Birds","Sitta europaea","Europe","Tat","C","juvenile","survival",9.26475967494543e-06,1,3,15,0,0
"10.1098/rstb.2022.0194",2023,"Birds","Sitta europaea","Europe","Tat","C","juvenile","survival",5.60664283429922e-06,1,3,15,0,0
"10.1098/rstb.2022.0194",2023,"Birds","Sitta europaea","Europe","Tat","C","juvenile","fecundity",5.42472431702145e-05,1,3,15,0,0
"10.1098/rstb.2022.0194",2023,"Birds","Sitta europaea","Europe","Tat","C","juvenile","fecundity",5.57771100389642e-05,1,3,15,0,0
"10.1098/rstb.2022.0194",2023,"Birds","Sitta europaea","Europe","Tat","C","juvenile","survival",0.000114710761039593,1,3,15,0,0
"10.1098/rstb.2022.0194",2023,"Birds","Sitta europaea","Europe","Tat","C","juvenile","survival",0.000101186278163507,1,3,15,0,0
"10.1098/rstb.2022.0194",2023,"Birds","Sitta europaea","Europe","Tat","C","juvenile","survival",0.00024042068580674,1,3,15,0,0
"10.1098/rstb.2022.0194",2023,"Birds","Sitta europaea","Europe","Tat","C","juvenile","survival",2.11174339692498e-05,1,3,15,0,0
"10.1098/rstb.2022.0194",2023,"Birds","Sitta europaea","Europe","Tat","C","juvenile","fecundity",0.000243497924276951,1,3,15,0,0
"10.1098/rstb.2022.0194",2023,"Birds","Sitta europaea","Europe","Tat","C","juvenile","fecundity",0.000184274724941459,1,3,15,0,0
"10.1098/rstb.2022.0194",2023,"Birds","Sitta europaea","Europe","Twn","C","adult","survival",0.254831994786872,1,3,15,0,0
"10.1098/rstb.2022.0194",2023,"Birds","Sitta europaea","Europe","Twn","C","adult","survival",0.219732909122676,1,3,15,0,0
"10.1098/rstb.2022.0194",2023,"Birds","Sitta europaea","Europe","Twn","C","adult","survival",0.0924783011775052,1,3,15,0,0
"10.1098/rstb.2022.0194",2023,"Birds","Sitta europaea","Europe","Twn","C","adult","survival",0.633381299963918,1,3,15,0,0
"10.1098/rstb.2022.0194",2023,"Birds","Sitta europaea","Europe","Twn","C","adult","fecundity",0.410233196898711,1,3,15,0,0
"10.1098/rstb.2022.0194",2023,"Birds","Sitta europaea","Europe","Twn","C","adult","fecundity",0.00579904339745341,1,3,15,0,0
"10.1098/rstb.2022.0194",2023,"Birds","Sitta europaea","Europe","Twn","C","adult","survival",0.201473252466968,1,3,15,0,0
"10.1098/rstb.2022.0194",2023,"Birds","Sitta europaea","Europe","Twn","C","adult","survival",0.244885524482615,1,3,15,0,0
"10.1098/rstb.2022.0194",2023,"Birds","Sitta europaea","Europe","Twn","C","adult","survival",0.176176286333644,1,3,15,0,0
"10.1098/rstb.2022.0194",2023,"Birds","Sitta europaea","Europe","Twn","C","adult","survival",0.254831994786872,1,3,15,0,0
"10.1098/rstb.2022.0194",2023,"Birds","Sitta europaea","Europe","Twn","C","adult","fecundity",0.184771923154358,1,3,15,0,0
"10.1098/rstb.2022.0194",2023,"Birds","Sitta europaea","Europe","Twn","C","adult","fecundity",0.108545095375797,1,3,15,0,0
"10.1098/rstb.2022.0194",2023,"Birds","Sitta europaea","Europe","Twn","C","adult","survival",0.651155568633924,1,3,15,0,0
"10.1098/rstb.2022.0194",2023,"Birds","Sitta europaea","Europe","Twn","C","adult","survival",0.287157048839794,1,3,15,0,0
"10.1098/rstb.2022.0194",2023,"Birds","Sitta europaea","Europe","Twn","C","adult","survival",0.0209578423101095,1,3,15,0,0
"10.1098/rstb.2022.0194",2023,"Birds","Sitta europaea","Europe","Twn","C","adult","survival",0.386102786353169,1,3,15,0,0
"10.1098/rstb.2022.0194",2023,"Birds","Sitta europaea","Europe","Twn","C","adult","fecundity",0.0794805124906749,1,3,15,0,0
"10.1098/rstb.2022.0194",2023,"Birds","Sitta europaea","Europe","Twn","C","adult","fecundity",0.222929724799989,1,3,15,0,0
"10.1098/rstb.2022.0194",2023,"Birds","Sitta europaea","Europe","Twn","C","adult","survival",0.254831994786872,1,3,15,0,0
"10.1098/rstb.2022.0194",2023,"Birds","Sitta europaea","Europe","Twn","C","adult","survival",0.124133155407572,1,3,15,0,0
"10.1098/rstb.2022.0194",2023,"Birds","Sitta europaea","Europe","Twn","C","adult","survival",0.245435631400683,1,3,15,0,0
"10.1098/rstb.2022.0194",2023,"Birds","Sitta europaea","Europe","Twn","C","adult","survival",0.325504247030945,1,3,15,0,0
"10.1098/rstb.2022.0194",2023,"Birds","Sitta europaea","Europe","Twn","C","adult","fecundity",0.245647968579272,1,3,15,0,0
"10.1098/rstb.2022.0194",2023,"Birds","Sitta europaea","Europe","Twn","C","adult","fecundity",0.232800698643472,1,3,15,0,0
"10.1098/rstb.2022.0194",2023,"Birds","Sitta europaea","Europe","Twn","C","adult","survival",0.445058169879611,1,3,15,0,0
"10.1098/rstb.2022.0194",2023,"Birds","Sitta europaea","Europe","Twn","C","adult","survival",0.10157990167623,1,3,15,0,0
"10.1098/rstb.2022.0194",2023,"Birds","Sitta europaea","Europe","Twn","C","adult","survival",0.141127560541498,1,3,15,0,0
"10.1098/rstb.2022.0194",2023,"Birds","Sitta europaea","Europe","Twn","C","adult","survival",0.254831994786872,1,3,15,0,0
"10.1098/rstb.2022.0194",2023,"Birds","Sitta europaea","Europe","Twn","C","adult","fecundity",0.0436324482960917,1,3,15,0,0
"10.1098/rstb.2022.0194",2023,"Birds","Sitta europaea","Europe","Twn","C","adult","fecundity",0.298196405417908,1,3,15,0,0
"10.1098/rstb.2022.0194",2023,"Birds","Sitta europaea","Europe","Twn","C","adult","survival",0.0304187451739089,1,3,15,0,0
"10.1098/rstb.2022.0194",2023,"Birds","Sitta europaea","Europe","Twn","C","adult","survival",0.359231287567591,1,3,15,0,0
"10.1098/rstb.2022.0194",2023,"Birds","Sitta europaea","Europe","Twn","C","adult","survival",0.241575363791208,1,3,15,0,0
"10.1098/rstb.2022.0194",2023,"Birds","Sitta europaea","Europe","Twn","C","adult","survival",0.265421118846272,1,3,15,0,0
"10.1098/rstb.2022.0194",2023,"Birds","Sitta europaea","Europe","Twn","C","adult","fecundity",0.140371880275253,1,3,15,0,0
"10.1098/rstb.2022.0194",2023,"Birds","Sitta europaea","Europe","Twn","C","adult","fecundity",0.121628850354851,1,3,15,0,0
"10.1098/rstb.2022.0194",2023,"Birds","Sitta europaea","Europe","Twn","C","adult","survival",0.0318375745195501,1,3,15,0,0
"10.1098/rstb.2022.0194",2023,"Birds","Sitta europaea","Europe","Twn","C","adult","survival",0.194841372174368,1,3,15,0,0
"10.1098/rstb.2022.0194",2023,"Birds","Sitta europaea","Europe","Twn","C","adult","survival",0.147455613077125,1,3,15,0,0
"10.1098/rstb.2022.0194",2023,"Birds","Sitta europaea","Europe","Twn","C","adult","survival",0.245129205331618,1,3,15,0,0
"10.1098/rstb.2022.0194",2023,"Birds","Sitta europaea","Europe","Twn","C","adult","fecundity",0.406632084980346,1,3,15,0,0
"10.1098/rstb.2022.0194",2023,"Birds","Sitta europaea","Europe","Twn","C","adult","fecundity",0.241575363791208,1,3,15,0,0
"10.1098/rstb.2022.0194",2023,"Birds","Sitta europaea","Europe","Twn","C","adult","survival",0.322094377920377,1,3,15,0,0
"10.1098/rstb.2022.0194",2023,"Birds","Sitta europaea","Europe","Twn","C","adult","survival",0.140371880275253,1,3,15,0,0
"10.1098/rstb.2022.0194",2023,"Birds","Sitta europaea","Europe","Twn","C","adult","survival",0.0285790319062632,1,3,15,0,0
"10.1098/rstb.2022.0194",2023,"Birds","Sitta europaea","Europe","Twn","C","adult","survival",0.155642856128763,1,3,15,0,0
"10.1098/rstb.2022.0194",2023,"Birds","Sitta europaea","Europe","Twn","C","adult","fecundity",0.11760023737272,1,3,15,0,0
"10.1098/rstb.2022.0194",2023,"Birds","Sitta europaea","Europe","Twn","C","adult","fecundity",0.147455613077125,1,3,15,0,0
"10.1098/rstb.2022.0194",2023,"Birds","Sitta europaea","Europe","Twn","C","adult","survival",0.245129205331618,1,3,15,0,0
"10.1098/rstb.2022.0194",2023,"Birds","Sitta europaea","Europe","Twn","C","adult","survival",0.522908662034582,1,3,15,0,0
"10.1098/rstb.2022.0194",2023,"Birds","Sitta europaea","Europe","Twn","C","adult","survival",0.241575363791208,1,3,15,0,0
"10.1098/rstb.2022.0194",2023,"Birds","Sitta europaea","Europe","Twn","C","adult","survival",0.173329474279079,1,3,15,0,0
"10.1098/rstb.2022.0194",2023,"Birds","Sitta europaea","Europe","Twn","C","adult","fecundity",0.0717236386778137,1,3,15,0,0
"10.1098/rstb.2022.0194",2023,"Birds","Sitta europaea","Europe","Twn","C","adult","fecundity",0.176237179080692,1,3,15,0,0
"10.1098/rstb.2022.0194",2023,"Birds","Sitta europaea","Europe","Twn","C","adult","survival",0.14391152138107,1,3,15,0,0
"10.1098/rstb.2022.0194",2023,"Birds","Sitta europaea","Europe","Twn","C","adult","survival",0.337526441201269,1,3,15,0,0
"10.1098/rstb.2022.0194",2023,"Birds","Sitta europaea","Europe","Twn","C","adult","survival",0.131028496537265,1,3,15,0,0
"10.1098/rstb.2022.0194",2023,"Birds","Sitta europaea","Europe","Twn","C","adult","survival",0.0103385770286986,1,3,15,0,0
"10.1098/rstb.2022.0194",2023,"Birds","Sitta europaea","Europe","Twn","C","adult","fecundity",0.522908662034582,1,3,15,0,0
"10.1098/rstb.2022.0194",2023,"Birds","Sitta europaea","Europe","Twn","C","adult","fecundity",0.241575363791208,1,3,15,0,0
"10.1098/rstb.2022.0194",2023,"Birds","Sitta europaea","Europe","Twn","C","adult","survival",0.24451420630787,1,3,15,0,0
"10.1098/rstb.2022.0194",2023,"Birds","Sitta europaea","Europe","Twn","C","adult","survival",0.16713073190036,1,3,15,0,0
"10.1098/rstb.2022.0194",2023,"Birds","Sitta europaea","Europe","Twn","C","adult","survival",0.466047096265878,1,3,15,0,0
"10.1098/rstb.2022.0194",2023,"Birds","Sitta europaea","Europe","Twn","C","adult","survival",0.14391152138107,1,3,15,0,0
"10.1098/rstb.2022.0194",2023,"Birds","Sitta europaea","Europe","Twn","C","adult","fecundity",0.199444445299902,1,3,15,0,0
"10.1098/rstb.2022.0194",2023,"Birds","Sitta europaea","Europe","Twn","C","adult","fecundity",0.0451495839020927,1,3,15,0,0
"10.1098/rstb.2022.0194",2023,"Birds","Sitta europaea","Europe","Twn","C","adult","survival",0.0103385770286986,1,3,15,0,0
"10.1098/rstb.2022.0194",2023,"Birds","Sitta europaea","Europe","Twn","C","adult","survival",0.416193372244723,1,3,15,0,0
"10.1098/rstb.2022.0194",2023,"Birds","Sitta europaea","Europe","Twn","C","adult","survival",0.106865523081174,1,3,15,0,0
"10.1098/rstb.2022.0194",2023,"Birds","Sitta europaea","Europe","Twn","C","adult","survival",0.338998032417406,1,3,15,0,0
"10.1098/rstb.2022.0194",2023,"Birds","Sitta europaea","Europe","Twn","C","adult","fecundity",0.16713073190036,1,3,15,0,0
"10.1098/rstb.2022.0194",2023,"Birds","Sitta europaea","Europe","Twn","C","adult","fecundity",0.414267883094253,1,3,15,0,0
"10.1098/rstb.2022.0194",2023,"Birds","Sitta europaea","Europe","Twn","C","adult","survival",0.155853135709523,1,3,15,0,0
"10.1098/rstb.2022.0194",2023,"Birds","Sitta europaea","Europe","Twn","C","adult","survival",0.19328124426019,1,3,15,0,0
"10.1098/rstb.2022.0194",2023,"Birds","Sitta europaea","Europe","Twn","C","adult","survival",0.0350504853218601,1,3,15,0,0
"10.1098/rstb.2022.0194",2023,"Birds","Sitta europaea","Europe","Twn","C","adult","survival",0.0103385770286986,1,3,15,0,0
"10.1098/rstb.2022.0194",2023,"Birds","Sitta europaea","Europe","Twn","C","adult","fecundity",0.214445191924579,1,3,15,0,0
"10.1098/rstb.2022.0194",2023,"Birds","Sitta europaea","Europe","Twn","C","adult","fecundity",0.00537114016646085,1,3,15,0,0
"10.1098/rstb.2022.0194",2023,"Birds","Sitta europaea","Europe","Twn","C","adult","survival",0.458837974756481,1,3,15,0,0
"10.1098/rstb.2022.0194",2023,"Birds","Sitta europaea","Europe","Twn","C","adult","survival",0.0255419733060725,1,3,15,0,0
"10.1098/rstb.2022.0194",2023,"Birds","Sitta europaea","Europe","Twn","C","adult","survival",0.165626029196191,1,3,15,0,0
"10.1098/rstb.2022.0194",2023,"Birds","Sitta europaea","Europe","Twn","C","adult","survival",0.179837009976726,1,3,15,0,0
"10.1098/rstb.2022.0194",2023,"Birds","Sitta europaea","Europe","Twn","C","adult","fecundity",0.19328124426019,1,3,15,0,0
"10.1098/rstb.2022.0194",2023,"Birds","Sitta europaea","Europe","Twn","C","adult","fecundity",0.0350504853218601,1,3,15,0,0
"10.1098/rstb.2022.0194",2023,"Birds","Sitta europaea","Europe","Twn","C","adult","survival",0.0739008068015494,1,3,15,0,0
"10.1098/rstb.2022.0194",2023,"Birds","Sitta europaea","Europe","Twn","C","adult","survival",0.111946621085913,1,3,15,0,0
"10.1098/rstb.2022.0194",2023,"Birds","Sitta europaea","Europe","Twn","C","adult","survival",0.0968537718208835,1,3,15,0,0
"10.1098/rstb.2022.0194",2023,"Birds","Sitta europaea","Europe","Twn","C","adult","survival",0.257127726744643,1,3,15,0,0
"10.1098/rstb.2022.0194",2023,"Birds","Sitta europaea","Europe","Twn","C","adult","fecundity",0.215031682421813,1,3,15,0,0
"10.1098/rstb.2022.0194",2023,"Birds","Sitta europaea","Europe","Twn","C","adult","fecundity",0.659999803751591,1,3,15,0,0
"10.1098/rstb.2022.0194",2023,"Birds","Sitta europaea","Europe","Twn","C","adult","survival",0.484024958080184,1,3,15,0,0
"10.1098/rstb.2022.0194",2023,"Birds","Sitta europaea","Europe","Twn","C","adult","survival",0.084658924847938,1,3,15,0,0
"10.1098/rstb.2022.0194",2023,"Birds","Sitta europaea","Europe","Twn","C","adult","survival",0.0551723301758499,1,3,15,0,0
"10.1098/rstb.2022.0194",2023,"Birds","Sitta europaea","Europe","Twn","C","adult","survival",0.10613574446221,1,3,15,0,0
"10.1098/rstb.2022.0194",2023,"Birds","Sitta europaea","Europe","Twn","C","adult","fecundity",0.111532864996053,1,3,15,0,0
"10.1098/rstb.2022.0194",2023,"Birds","Sitta europaea","Europe","Twn","C","adult","fecundity",0.230526693908062,1,3,15,0,0
"10.1098/rstb.2022.0194",2023,"Birds","Sitta europaea","Europe","Twn","C","adult","survival",0.182533493388733,1,3,15,0,0
"10.1098/rstb.2022.0194",2023,"Birds","Sitta europaea","Europe","Twn","C","adult","survival",0.167897643596648,1,3,15,0,0
"10.1098/rstb.2022.0194",2023,"Birds","Sitta europaea","Europe","Twn","C","adult","survival",0.659999803751591,1,3,15,0,0
"10.1098/rstb.2022.0194",2023,"Birds","Sitta europaea","Europe","Twn","C","adult","survival",0.29278128682078,1,3,15,0,0
