"species","study.doi","year.of.publication","group","continent","driver","driver.type","stage.age","vital.rates","sens","gen.time","n.vr","n.pam","dens","biotic_interactions"
"Spheniscus magellanicus","10.1073/pnas.2209821120",2022,"Birds","South America","Rain","C","adult","survival",0.000105829431363514,4,3,12,0,0
"Spheniscus magellanicus","10.1073/pnas.2209821120",2022,"Birds","South America","Rain","C","adult","survival",0.0001051693536137,4,3,12,0,0
"Spheniscus magellanicus","10.1073/pnas.2209821120",2022,"Birds","South America","Rain","C","adult","survival",0.000111469238625919,4,3,12,0,0
"Spheniscus magellanicus","10.1073/pnas.2209821120",2022,"Birds","South America","Rain","C","adult","survival",0.000109923681099665,4,3,12,0,0
"Spheniscus magellanicus","10.1073/pnas.2209821120",2022,"Birds","South America","Rain","C","adult","survival",0.000115986364902107,4,3,12,0,0
"Spheniscus magellanicus","10.1073/pnas.2209821120",2022,"Birds","South America","Rain","C","adult","survival",0.000124934543592993,4,3,12,0,0
"Spheniscus magellanicus","10.1073/pnas.2209821120",2022,"Birds","South America","Rain","C","adult","survival",0.000124402315418285,4,3,12,0,0
"Spheniscus magellanicus","10.1073/pnas.2209821120",2022,"Birds","South America","Rain","C","adult","survival",0.000115687201632711,4,3,12,0,0
"Spheniscus magellanicus","10.1073/pnas.2209821120",2022,"Birds","South America","Rain","C","adult","survival",0.000119161428637544,4,3,12,0,0
"Spheniscus magellanicus","10.1073/pnas.2209821120",2022,"Birds","South America","Rain","C","adult","survival",0.000113107811524497,4,3,12,0,0
"Spheniscus magellanicus","10.1073/pnas.2209821120",2022,"Birds","South America","Rain","C","adult","survival",0.000119199917877958,4,3,12,0,0
"Spheniscus magellanicus","10.1073/pnas.2209821120",2022,"Birds","South America","Rain","C","adult","survival",0.000122520509599144,4,3,12,0,0
"Spheniscus magellanicus","10.1073/pnas.2209821120",2022,"Birds","South America","Rain","C","adult","survival",0.000118027219393919,4,3,12,0,0
"Spheniscus magellanicus","10.1073/pnas.2209821120",2022,"Birds","South America","Rain","C","adult","survival",0.000118115552067997,4,3,12,0,0
"Spheniscus magellanicus","10.1073/pnas.2209821120",2022,"Birds","South America","Rain","C","adult","survival",0.000122229469723464,4,3,12,0,0
"Spheniscus magellanicus","10.1073/pnas.2209821120",2022,"Birds","South America","Rain","C","adult","survival",0.000125359175062608,4,3,12,0,0
"Spheniscus magellanicus","10.1073/pnas.2209821120",2022,"Birds","South America","Rain","C","adult","survival",0.000120373710941024,4,3,12,0,0
"Spheniscus magellanicus","10.1073/pnas.2209821120",2022,"Birds","South America","Rain","C","adult","survival",0.00011855352578312,4,3,12,0,0
"Spheniscus magellanicus","10.1073/pnas.2209821120",2022,"Birds","South America","Rain","C","adult","survival",0.000123568878571661,4,3,12,0,0
"Spheniscus magellanicus","10.1073/pnas.2209821120",2022,"Birds","South America","Rain","C","adult","survival",0.000103953588662291,4,3,12,0,0
"Spheniscus magellanicus","10.1073/pnas.2209821120",2022,"Birds","South America","Rain","C","adult","survival",0.000107342087978569,4,3,12,0,0
"Spheniscus magellanicus","10.1073/pnas.2209821120",2022,"Birds","South America","Rain","C","adult","survival",0.000103566398055838,4,3,12,0,0
"Spheniscus magellanicus","10.1073/pnas.2209821120",2022,"Birds","South America","Rain","C","adult","survival",9.81404360888041e-05,4,3,12,0,0
"Spheniscus magellanicus","10.1073/pnas.2209821120",2022,"Birds","South America","Rain","C","adult","survival",0.000105267844193336,4,3,12,0,0
"Spheniscus magellanicus","10.1073/pnas.2209821120",2022,"Birds","South America","Rain","C","adult","survival",0.000105464921045477,4,3,12,0,0
"Spheniscus magellanicus","10.1073/pnas.2209821120",2022,"Birds","South America","Rain","C","adult","survival",0.000109531818426443,4,3,12,0,0
"Spheniscus magellanicus","10.1073/pnas.2209821120",2022,"Birds","South America","Rain","C","adult","survival",0.000101094616743152,4,3,12,0,0
"Spheniscus magellanicus","10.1073/pnas.2209821120",2022,"Birds","South America","Rain","C","adult","survival",0.000103755432877205,4,3,12,0,0
"Spheniscus magellanicus","10.1073/pnas.2209821120",2022,"Birds","South America","Rain","C","adult","survival",0.00010789487836446,4,3,12,0,0
"Spheniscus magellanicus","10.1073/pnas.2209821120",2022,"Birds","South America","Rain","C","adult","survival",9.96787865453878e-05,4,3,12,0,0
"Spheniscus magellanicus","10.1073/pnas.2209821120",2022,"Birds","South America","Rain","C","adult","survival",0.000112417012252921,4,3,12,0,0
"Spheniscus magellanicus","10.1073/pnas.2209821120",2022,"Birds","South America","Rain","C","adult","survival",0.000106231401360689,4,3,12,0,0
"Spheniscus magellanicus","10.1073/pnas.2209821120",2022,"Birds","South America","Rain","C","adult","survival",0.000108891899528898,4,3,12,0,0
"Spheniscus magellanicus","10.1073/pnas.2209821120",2022,"Birds","South America","Rain","C","adult","survival",0.000110311115210548,4,3,12,0,0
"Spheniscus magellanicus","10.1073/pnas.2209821120",2022,"Birds","South America","Rain","C","adult","survival",0.000108387948485134,4,3,12,0,0
"Spheniscus magellanicus","10.1073/pnas.2209821120",2022,"Birds","South America","Rain","C","adult","survival",0.000109240561241963,4,3,12,0,0
"Spheniscus magellanicus","10.1073/pnas.2209821120",2022,"Birds","South America","Rain","C","adult","survival",0.000107271022535026,4,3,12,0,0
"Spheniscus magellanicus","10.1073/pnas.2209821120",2022,"Birds","South America","Rain","C","adult","survival",0.000101358721396531,4,3,12,0,0
"Spheniscus magellanicus","10.1073/pnas.2209821120",2022,"Birds","South America","Rain","C","adult","survival",0.000108740216487903,4,3,12,0,0
"Spheniscus magellanicus","10.1073/pnas.2209821120",2022,"Birds","South America","Rain","C","adult","survival",0.000114822291317319,4,3,12,0,0
"Spheniscus magellanicus","10.1073/pnas.2209821120",2022,"Birds","South America","Rain","C","adult","survival",9.54989945284388e-05,4,3,12,0,0
"Spheniscus magellanicus","10.1073/pnas.2209821120",2022,"Birds","South America","Rain","C","adult","survival",0.000102034555684371,4,3,12,0,0
"Spheniscus magellanicus","10.1073/pnas.2209821120",2022,"Birds","South America","Rain","C","adult","survival",0.000101787723926364,4,3,12,0,0
"Spheniscus magellanicus","10.1073/pnas.2209821120",2022,"Birds","South America","Rain","C","adult","survival",9.85501985086245e-05,4,3,12,0,0
"Spheniscus magellanicus","10.1073/pnas.2209821120",2022,"Birds","South America","Rain","C","adult","survival",9.80279016804094e-05,4,3,12,0,0
"Spheniscus magellanicus","10.1073/pnas.2209821120",2022,"Birds","South America","Rain","C","adult","survival",9.73824904090965e-05,4,3,12,0,0
"Spheniscus magellanicus","10.1073/pnas.2209821120",2022,"Birds","South America","Rain","C","adult","survival",0.000110256938818923,4,3,12,0,0
"Spheniscus magellanicus","10.1073/pnas.2209821120",2022,"Birds","South America","Rain","C","adult","survival",0.00010361467084736,4,3,12,0,0
"Spheniscus magellanicus","10.1073/pnas.2209821120",2022,"Birds","South America","Rain","C","adult","survival",0.000109989173217157,4,3,12,0,0
"Spheniscus magellanicus","10.1073/pnas.2209821120",2022,"Birds","South America","Rain","C","adult","survival",9.3678707034188e-05,4,3,12,0,0
"Spheniscus magellanicus","10.1073/pnas.2209821120",2022,"Birds","South America","Rain","C","adult","survival",8.86467355430269e-05,4,3,12,0,0
"Spheniscus magellanicus","10.1073/pnas.2209821120",2022,"Birds","South America","Rain","C","adult","survival",9.59751683617665e-05,4,3,12,0,0
"Spheniscus magellanicus","10.1073/pnas.2209821120",2022,"Birds","South America","Rain","C","adult","survival",9.18722198441524e-05,4,3,12,0,0
"Spheniscus magellanicus","10.1073/pnas.2209821120",2022,"Birds","South America","Rain","C","adult","survival",9.07575133750225e-05,4,3,12,0,0
"Spheniscus magellanicus","10.1073/pnas.2209821120",2022,"Birds","South America","Rain","C","adult","survival",8.75142065710619e-05,4,3,12,0,0
"Spheniscus magellanicus","10.1073/pnas.2209821120",2022,"Birds","South America","Rain","C","adult","survival",8.97400990848669e-05,4,3,12,0,0
"Spheniscus magellanicus","10.1073/pnas.2209821120",2022,"Birds","South America","Rain","C","adult","survival",8.79649609687221e-05,4,3,12,0,0
"Spheniscus magellanicus","10.1073/pnas.2209821120",2022,"Birds","South America","Rain","C","adult","survival",9.15078412150762e-05,4,3,12,0,0
"Spheniscus magellanicus","10.1073/pnas.2209821120",2022,"Birds","South America","Rain","C","adult","survival",0.00010112687579656,4,3,12,0,0
"Spheniscus magellanicus","10.1073/pnas.2209821120",2022,"Birds","South America","Rain","C","adult","survival",9.72782231000022e-05,4,3,12,0,0
"Spheniscus magellanicus","10.1073/pnas.2209821120",2022,"Birds","South America","Rain","C","adult","survival",9.11259275311325e-05,4,3,12,0,0
"Spheniscus magellanicus","10.1073/pnas.2209821120",2022,"Birds","South America","Rain","C","adult","survival",9.00505376302074e-05,4,3,12,0,0
"Spheniscus magellanicus","10.1073/pnas.2209821120",2022,"Birds","South America","Rain","C","adult","survival",9.53887333101785e-05,4,3,12,0,0
"Spheniscus magellanicus","10.1073/pnas.2209821120",2022,"Birds","South America","Rain","C","adult","survival",9.75475277473342e-05,4,3,12,0,0
"Spheniscus magellanicus","10.1073/pnas.2209821120",2022,"Birds","South America","Rain","C","adult","survival",9.84266839117255e-05,4,3,12,0,0
"Spheniscus magellanicus","10.1073/pnas.2209821120",2022,"Birds","South America","Rain","C","adult","survival",0.000103806171289956,4,3,12,0,0
"Spheniscus magellanicus","10.1073/pnas.2209821120",2022,"Birds","South America","Rain","C","adult","survival",0.000106432111247504,4,3,12,0,0
"Spheniscus magellanicus","10.1073/pnas.2209821120",2022,"Birds","South America","Rain","C","adult","survival",9.08191868728878e-05,4,3,12,0,0
"Spheniscus magellanicus","10.1073/pnas.2209821120",2022,"Birds","South America","Rain","C","adult","survival",9.17783867046874e-05,4,3,12,0,0
"Spheniscus magellanicus","10.1073/pnas.2209821120",2022,"Birds","South America","Rain","C","adult","survival",0.000106159494094527,4,3,12,0,0
"Spheniscus magellanicus","10.1073/pnas.2209821120",2022,"Birds","South America","Rain","C","adult","survival",0.000106011658127051,4,3,12,0,0
"Spheniscus magellanicus","10.1073/pnas.2209821120",2022,"Birds","South America","Rain","C","adult","survival",0.000107165890108143,4,3,12,0,0
"Spheniscus magellanicus","10.1073/pnas.2209821120",2022,"Birds","South America","Rain","C","adult","survival",9.97114203373891e-05,4,3,12,0,0
"Spheniscus magellanicus","10.1073/pnas.2209821120",2022,"Birds","South America","Rain","C","adult","survival",0.000104599836350615,4,3,12,0,0
"Spheniscus magellanicus","10.1073/pnas.2209821120",2022,"Birds","South America","Rain","C","adult","survival",0.000108884812290842,4,3,12,0,0
"Spheniscus magellanicus","10.1073/pnas.2209821120",2022,"Birds","South America","Rain","C","adult","survival",0.000105125958279523,4,3,12,0,0
"Spheniscus magellanicus","10.1073/pnas.2209821120",2022,"Birds","South America","Rain","C","adult","survival",9.86724151192602e-05,4,3,12,0,0
"Spheniscus magellanicus","10.1073/pnas.2209821120",2022,"Birds","South America","Rain","C","adult","survival",0.000102750042593237,4,3,12,0,0
"Spheniscus magellanicus","10.1073/pnas.2209821120",2022,"Birds","South America","Rain","C","adult","survival",9.51892138681154e-05,4,3,12,0,0
"Spheniscus magellanicus","10.1073/pnas.2209821120",2022,"Birds","South America","Rain","C","adult","survival",9.68250584137832e-05,4,3,12,0,0
"Spheniscus magellanicus","10.1073/pnas.2209821120",2022,"Birds","South America","Rain","C","adult","survival",8.97540146203106e-05,4,3,12,0,0
"Spheniscus magellanicus","10.1073/pnas.2209821120",2022,"Birds","South America","Rain","C","adult","survival",9.56945937835416e-05,4,3,12,0,0
"Spheniscus magellanicus","10.1073/pnas.2209821120",2022,"Birds","South America","Rain","C","adult","survival",9.08329264127399e-05,4,3,12,0,0
"Spheniscus magellanicus","10.1073/pnas.2209821120",2022,"Birds","South America","Rain","C","adult","survival",8.89350132935009e-05,4,3,12,0,0
"Spheniscus magellanicus","10.1073/pnas.2209821120",2022,"Birds","South America","Rain","C","adult","survival",9.34401719297693e-05,4,3,12,0,0
"Spheniscus magellanicus","10.1073/pnas.2209821120",2022,"Birds","South America","Rain","C","adult","survival",9.1464503843952e-05,4,3,12,0,0
"Spheniscus magellanicus","10.1073/pnas.2209821120",2022,"Birds","South America","Rain","C","adult","survival",9.21049102337032e-05,4,3,12,0,0
"Spheniscus magellanicus","10.1073/pnas.2209821120",2022,"Birds","South America","Rain","C","adult","survival",7.50446879717271e-05,4,3,12,0,0
"Spheniscus magellanicus","10.1073/pnas.2209821120",2022,"Birds","South America","Rain","C","adult","survival",7.84848753194023e-05,4,3,12,0,0
"Spheniscus magellanicus","10.1073/pnas.2209821120",2022,"Birds","South America","Rain","C","adult","survival",8.7755531437279e-05,4,3,12,0,0
"Spheniscus magellanicus","10.1073/pnas.2209821120",2022,"Birds","South America","Rain","C","adult","survival",9.059236222429e-05,4,3,12,0,0
"Spheniscus magellanicus","10.1073/pnas.2209821120",2022,"Birds","South America","Rain","C","adult","survival",8.78394468586048e-05,4,3,12,0,0
"Spheniscus magellanicus","10.1073/pnas.2209821120",2022,"Birds","South America","Rain","C","adult","survival",9.58849513691129e-05,4,3,12,0,0
"Spheniscus magellanicus","10.1073/pnas.2209821120",2022,"Birds","South America","Rain","C","adult","survival",8.53258929548187e-05,4,3,12,0,0
"Spheniscus magellanicus","10.1073/pnas.2209821120",2022,"Birds","South America","Rain","C","adult","survival",7.26459736149445e-05,4,3,12,0,0
"Spheniscus magellanicus","10.1073/pnas.2209821120",2022,"Birds","South America","Rain","C","adult","survival",8.61567042182502e-05,4,3,12,0,0
"Spheniscus magellanicus","10.1073/pnas.2209821120",2022,"Birds","South America","Rain","C","adult","survival",9.17448417976353e-05,4,3,12,0,0
"Spheniscus magellanicus","10.1073/pnas.2209821120",2022,"Birds","South America","Rain","C","adult","survival",9.17594739702477e-05,4,3,12,0,0
"Spheniscus magellanicus","10.1073/pnas.2209821120",2022,"Birds","South America","Rain","C","adult","survival",8.82634142948851e-05,4,3,12,0,0
"Spheniscus magellanicus","10.1073/pnas.2209821120",2022,"Birds","South America","Rain","C","adult","survival",8.83374092782879e-05,4,3,12,0,0
"Spheniscus magellanicus","10.1073/pnas.2209821120",2022,"Birds","South America","SSTA_b","C","adult","survival",1.7251423707067e-05,4,3,12,0,0
"Spheniscus magellanicus","10.1073/pnas.2209821120",2022,"Birds","South America","SSTA_b","C","adult","survival",1.47676993620579e-05,4,3,12,0,0
"Spheniscus magellanicus","10.1073/pnas.2209821120",2022,"Birds","South America","SSTA_b","C","adult","survival",1.52553317091265e-05,4,3,12,0,0
"Spheniscus magellanicus","10.1073/pnas.2209821120",2022,"Birds","South America","SSTA_b","C","adult","survival",5.23218397486866e-06,4,3,12,0,0
"Spheniscus magellanicus","10.1073/pnas.2209821120",2022,"Birds","South America","SSTA_b","C","adult","survival",1.16124375629808e-05,4,3,12,0,0
"Spheniscus magellanicus","10.1073/pnas.2209821120",2022,"Birds","South America","SSTA_b","C","adult","survival",1.27176010267341e-05,4,3,12,0,0
"Spheniscus magellanicus","10.1073/pnas.2209821120",2022,"Birds","South America","SSTA_b","C","adult","survival",1.40959086563295e-05,4,3,12,0,0
"Spheniscus magellanicus","10.1073/pnas.2209821120",2022,"Birds","South America","SSTA_b","C","adult","survival",2.38520844958226e-05,4,3,12,0,0
"Spheniscus magellanicus","10.1073/pnas.2209821120",2022,"Birds","South America","SSTA_b","C","adult","survival",2.52899071628688e-05,4,3,12,0,0
"Spheniscus magellanicus","10.1073/pnas.2209821120",2022,"Birds","South America","SSTA_b","C","adult","survival",8.9921513970119e-06,4,3,12,0,0
"Spheniscus magellanicus","10.1073/pnas.2209821120",2022,"Birds","South America","SSTA_b","C","adult","survival",1.7958104170674e-05,4,3,12,0,0
"Spheniscus magellanicus","10.1073/pnas.2209821120",2022,"Birds","South America","SSTA_b","C","adult","survival",2.62305210860251e-05,4,3,12,0,0
"Spheniscus magellanicus","10.1073/pnas.2209821120",2022,"Birds","South America","SSTA_b","C","adult","survival",1.90120175074217e-05,4,3,12,0,0
"Spheniscus magellanicus","10.1073/pnas.2209821120",2022,"Birds","South America","SSTA_b","C","adult","survival",1.50524652613367e-05,4,3,12,0,0
"Spheniscus magellanicus","10.1073/pnas.2209821120",2022,"Birds","South America","SSTA_b","C","adult","survival",1.27319245446284e-05,4,3,12,0,0
"Spheniscus magellanicus","10.1073/pnas.2209821120",2022,"Birds","South America","SSTA_b","C","adult","survival",1.03669102224207e-05,4,3,12,0,0
"Spheniscus magellanicus","10.1073/pnas.2209821120",2022,"Birds","South America","SSTA_b","C","adult","survival",1.55783462458938e-05,4,3,12,0,0
"Spheniscus magellanicus","10.1073/pnas.2209821120",2022,"Birds","South America","SSTA_b","C","adult","survival",7.41752355621041e-06,4,3,12,0,0
"Spheniscus magellanicus","10.1073/pnas.2209821120",2022,"Birds","South America","SSTA_b","C","adult","survival",9.3880186558831e-06,4,3,12,0,0
"Spheniscus magellanicus","10.1073/pnas.2209821120",2022,"Birds","South America","SSTA_b","C","adult","survival",7.30626132258616e-06,4,3,12,0,0
"Spheniscus magellanicus","10.1073/pnas.2209821120",2022,"Birds","South America","SSTA_b","C","adult","survival",1.66529890596716e-05,4,3,12,0,0
"Spheniscus magellanicus","10.1073/pnas.2209821120",2022,"Birds","South America","SSTA_b","C","adult","survival",1.71475602030816e-05,4,3,12,0,0
"Spheniscus magellanicus","10.1073/pnas.2209821120",2022,"Birds","South America","SSTA_b","C","adult","survival",1.79284156259921e-05,4,3,12,0,0
"Spheniscus magellanicus","10.1073/pnas.2209821120",2022,"Birds","South America","SSTA_b","C","adult","survival",2.42828748589e-05,4,3,12,0,0
"Spheniscus magellanicus","10.1073/pnas.2209821120",2022,"Birds","South America","SSTA_b","C","adult","survival",2.11073828413279e-05,4,3,12,0,0
"Spheniscus magellanicus","10.1073/pnas.2209821120",2022,"Birds","South America","SSTA_b","C","adult","survival",2.92868690407427e-05,4,3,12,0,0
"Spheniscus magellanicus","10.1073/pnas.2209821120",2022,"Birds","South America","SSTA_b","C","adult","survival",3.25315165113705e-05,4,3,12,0,0
"Spheniscus magellanicus","10.1073/pnas.2209821120",2022,"Birds","South America","SSTA_b","C","adult","survival",3.46253476289132e-05,4,3,12,0,0
"Spheniscus magellanicus","10.1073/pnas.2209821120",2022,"Birds","South America","SSTA_b","C","adult","survival",3.86033886114202e-05,4,3,12,0,0
"Spheniscus magellanicus","10.1073/pnas.2209821120",2022,"Birds","South America","SSTA_b","C","adult","survival",2.98761443879837e-05,4,3,12,0,0
"Spheniscus magellanicus","10.1073/pnas.2209821120",2022,"Birds","South America","SSTA_b","C","adult","survival",3.7876285038597e-05,4,3,12,0,0
"Spheniscus magellanicus","10.1073/pnas.2209821120",2022,"Birds","South America","SSTA_b","C","adult","survival",3.79239727628373e-05,4,3,12,0,0
"Spheniscus magellanicus","10.1073/pnas.2209821120",2022,"Birds","South America","SSTA_b","C","adult","survival",3.67933143067056e-05,4,3,12,0,0
"Spheniscus magellanicus","10.1073/pnas.2209821120",2022,"Birds","South America","SSTA_b","C","adult","survival",4.20633448642248e-05,4,3,12,0,0
"Spheniscus magellanicus","10.1073/pnas.2209821120",2022,"Birds","South America","SSTA_b","C","adult","survival",3.92280226344773e-05,4,3,12,0,0
"Spheniscus magellanicus","10.1073/pnas.2209821120",2022,"Birds","South America","SSTA_b","C","adult","survival",3.25619963064677e-05,4,3,12,0,0
"Spheniscus magellanicus","10.1073/pnas.2209821120",2022,"Birds","South America","SSTA_b","C","adult","survival",3.73728948040216e-05,4,3,12,0,0
"Spheniscus magellanicus","10.1073/pnas.2209821120",2022,"Birds","South America","SSTA_b","C","adult","survival",4.59747553783674e-05,4,3,12,0,0
"Spheniscus magellanicus","10.1073/pnas.2209821120",2022,"Birds","South America","SSTA_b","C","adult","survival",3.7224902196106e-05,4,3,12,0,0
"Spheniscus magellanicus","10.1073/pnas.2209821120",2022,"Birds","South America","SSTA_b","C","adult","survival",4.82369117933827e-05,4,3,12,0,0
"Spheniscus magellanicus","10.1073/pnas.2209821120",2022,"Birds","South America","SSTA_b","C","adult","survival",4.32830799061468e-05,4,3,12,0,0
"Spheniscus magellanicus","10.1073/pnas.2209821120",2022,"Birds","South America","SSTA_b","C","adult","survival",4.83764540299309e-05,4,3,12,0,0
"Spheniscus magellanicus","10.1073/pnas.2209821120",2022,"Birds","South America","SSTA_b","C","adult","survival",3.93987208857857e-05,4,3,12,0,0
"Spheniscus magellanicus","10.1073/pnas.2209821120",2022,"Birds","South America","SSTA_b","C","adult","survival",3.20325065704657e-05,4,3,12,0,0
"Spheniscus magellanicus","10.1073/pnas.2209821120",2022,"Birds","South America","SSTA_b","C","adult","survival",3.11546542027384e-05,4,3,12,0,0
"Spheniscus magellanicus","10.1073/pnas.2209821120",2022,"Birds","South America","SSTA_b","C","adult","survival",4.0006188981277e-05,4,3,12,0,0
"Spheniscus magellanicus","10.1073/pnas.2209821120",2022,"Birds","South America","SSTA_b","C","adult","survival",3.96370130059224e-05,4,3,12,0,0
"Spheniscus magellanicus","10.1073/pnas.2209821120",2022,"Birds","South America","SSTA_b","C","adult","survival",3.81481880950494e-05,4,3,12,0,0
"Spheniscus magellanicus","10.1073/pnas.2209821120",2022,"Birds","South America","SSTA_b","C","adult","survival",3.19519431016789e-05,4,3,12,0,0
"Spheniscus magellanicus","10.1073/pnas.2209821120",2022,"Birds","South America","SSTA_b","C","adult","survival",2.67269478781216e-05,4,3,12,0,0
"Spheniscus magellanicus","10.1073/pnas.2209821120",2022,"Birds","South America","SSTA_b","C","adult","survival",2.35422762815468e-05,4,3,12,0,0
"Spheniscus magellanicus","10.1073/pnas.2209821120",2022,"Birds","South America","SSTA_b","C","adult","survival",4.09947921428297e-05,4,3,12,0,0
"Spheniscus magellanicus","10.1073/pnas.2209821120",2022,"Birds","South America","SSTA_b","C","adult","survival",3.95005118862654e-05,4,3,12,0,0
"Spheniscus magellanicus","10.1073/pnas.2209821120",2022,"Birds","South America","SSTA_b","C","adult","survival",3.33394396640249e-05,4,3,12,0,0
"Spheniscus magellanicus","10.1073/pnas.2209821120",2022,"Birds","South America","SSTA_b","C","adult","survival",3.69456529723361e-05,4,3,12,0,0
"Spheniscus magellanicus","10.1073/pnas.2209821120",2022,"Birds","South America","SSTA_b","C","adult","survival",3.63560621395512e-05,4,3,12,0,0
"Spheniscus magellanicus","10.1073/pnas.2209821120",2022,"Birds","South America","SSTA_b","C","adult","survival",4.18168235304368e-05,4,3,12,0,0
"Spheniscus magellanicus","10.1073/pnas.2209821120",2022,"Birds","South America","SSTA_b","C","adult","survival",5.2344935298703e-05,4,3,12,0,0
"Spheniscus magellanicus","10.1073/pnas.2209821120",2022,"Birds","South America","SSTA_b","C","adult","survival",4.87586889157952e-05,4,3,12,0,0
"Spheniscus magellanicus","10.1073/pnas.2209821120",2022,"Birds","South America","SSTA_b","C","adult","survival",4.50191943053591e-05,4,3,12,0,0
"Spheniscus magellanicus","10.1073/pnas.2209821120",2022,"Birds","South America","SSTA_b","C","adult","survival",4.79575635673391e-05,4,3,12,0,0
"Spheniscus magellanicus","10.1073/pnas.2209821120",2022,"Birds","South America","SSTA_b","C","adult","survival",4.12448235735551e-05,4,3,12,0,0
"Spheniscus magellanicus","10.1073/pnas.2209821120",2022,"Birds","South America","SSTA_b","C","adult","survival",5.10985793578633e-05,4,3,12,0,0
"Spheniscus magellanicus","10.1073/pnas.2209821120",2022,"Birds","South America","SSTA_b","C","adult","survival",5.22231518217766e-05,4,3,12,0,0
"Spheniscus magellanicus","10.1073/pnas.2209821120",2022,"Birds","South America","SSTA_b","C","adult","survival",4.85456028506077e-05,4,3,12,0,0
"Spheniscus magellanicus","10.1073/pnas.2209821120",2022,"Birds","South America","SSTA_b","C","adult","survival",5.58432284057167e-05,4,3,12,0,0
"Spheniscus magellanicus","10.1073/pnas.2209821120",2022,"Birds","South America","SSTA_b","C","adult","survival",6.62540304789078e-05,4,3,12,0,0
"Spheniscus magellanicus","10.1073/pnas.2209821120",2022,"Birds","South America","SSTA_b","C","adult","survival",4.5486409002126e-05,4,3,12,0,0
"Spheniscus magellanicus","10.1073/pnas.2209821120",2022,"Birds","South America","SSTA_b","C","adult","survival",4.03946528481126e-05,4,3,12,0,0
"Spheniscus magellanicus","10.1073/pnas.2209821120",2022,"Birds","South America","SSTA_b","C","adult","survival",3.81810277940909e-05,4,3,12,0,0
"Spheniscus magellanicus","10.1073/pnas.2209821120",2022,"Birds","South America","SSTA_b","C","adult","survival",3.45526884499858e-05,4,3,12,0,0
"Spheniscus magellanicus","10.1073/pnas.2209821120",2022,"Birds","South America","SSTA_b","C","adult","survival",4.50732541040105e-05,4,3,12,0,0
"Spheniscus magellanicus","10.1073/pnas.2209821120",2022,"Birds","South America","SSTA_b","C","adult","survival",4.12172407288953e-05,4,3,12,0,0
"Spheniscus magellanicus","10.1073/pnas.2209821120",2022,"Birds","South America","SSTA_b","C","adult","survival",3.33336630221715e-05,4,3,12,0,0
"Spheniscus magellanicus","10.1073/pnas.2209821120",2022,"Birds","South America","SSTA_b","C","adult","survival",2.70412626950421e-05,4,3,12,0,0
"Spheniscus magellanicus","10.1073/pnas.2209821120",2022,"Birds","South America","SSTA_b","C","adult","survival",2.31552953914091e-05,4,3,12,0,0
"Spheniscus magellanicus","10.1073/pnas.2209821120",2022,"Birds","South America","SSTA_b","C","adult","survival",4.44776790293367e-05,4,3,12,0,0
"Spheniscus magellanicus","10.1073/pnas.2209821120",2022,"Birds","South America","SSTA_b","C","adult","survival",3.65348630269685e-05,4,3,12,0,0
"Spheniscus magellanicus","10.1073/pnas.2209821120",2022,"Birds","South America","SSTA_b","C","adult","survival",4.33955290659525e-05,4,3,12,0,0
"Spheniscus magellanicus","10.1073/pnas.2209821120",2022,"Birds","South America","SSTA_b","C","adult","survival",4.08866904113804e-05,4,3,12,0,0
"Spheniscus magellanicus","10.1073/pnas.2209821120",2022,"Birds","South America","SSTA_b","C","adult","survival",3.44611685883155e-05,4,3,12,0,0
"Spheniscus magellanicus","10.1073/pnas.2209821120",2022,"Birds","South America","SSTA_b","C","adult","survival",3.49923126363546e-05,4,3,12,0,0
"Spheniscus magellanicus","10.1073/pnas.2209821120",2022,"Birds","South America","SSTA_b","C","adult","survival",4.1425959965166e-05,4,3,12,0,0
"Spheniscus magellanicus","10.1073/pnas.2209821120",2022,"Birds","South America","SSTA_b","C","adult","survival",4.4390188976369e-05,4,3,12,0,0
"Spheniscus magellanicus","10.1073/pnas.2209821120",2022,"Birds","South America","SSTA_b","C","adult","survival",4.29995361287483e-05,4,3,12,0,0
"Spheniscus magellanicus","10.1073/pnas.2209821120",2022,"Birds","South America","SSTA_b","C","adult","survival",3.55059348568885e-05,4,3,12,0,0
"Spheniscus magellanicus","10.1073/pnas.2209821120",2022,"Birds","South America","SSTA_b","C","adult","survival",3.89144153683522e-05,4,3,12,0,0
"Spheniscus magellanicus","10.1073/pnas.2209821120",2022,"Birds","South America","SSTA_b","C","adult","survival",3.71068675121859e-05,4,3,12,0,0
"Spheniscus magellanicus","10.1073/pnas.2209821120",2022,"Birds","South America","SSTA_b","C","adult","survival",3.13808564987053e-05,4,3,12,0,0
"Spheniscus magellanicus","10.1073/pnas.2209821120",2022,"Birds","South America","SSTA_b","C","adult","survival",3.8951485727296e-05,4,3,12,0,0
"Spheniscus magellanicus","10.1073/pnas.2209821120",2022,"Birds","South America","SSTA_b","C","adult","survival",4.45971778270826e-05,4,3,12,0,0
"Spheniscus magellanicus","10.1073/pnas.2209821120",2022,"Birds","South America","SSTA_b","C","adult","survival",3.93839743807524e-05,4,3,12,0,0
"Spheniscus magellanicus","10.1073/pnas.2209821120",2022,"Birds","South America","SSTA_b","C","adult","survival",5.06996002569548e-05,4,3,12,0,0
"Spheniscus magellanicus","10.1073/pnas.2209821120",2022,"Birds","South America","SSTA_b","C","adult","survival",5.71506784676055e-05,4,3,12,0,0
"Spheniscus magellanicus","10.1073/pnas.2209821120",2022,"Birds","South America","SSTA_b","C","adult","survival",5.39367049375682e-05,4,3,12,0,0
"Spheniscus magellanicus","10.1073/pnas.2209821120",2022,"Birds","South America","SSTA_b","C","adult","survival",3.84569599895179e-05,4,3,12,0,0
"Spheniscus magellanicus","10.1073/pnas.2209821120",2022,"Birds","South America","SSTA_b","C","adult","survival",4.66512220917258e-05,4,3,12,0,0
"Spheniscus magellanicus","10.1073/pnas.2209821120",2022,"Birds","South America","SSTA_b","C","adult","survival",4.60167771345339e-05,4,3,12,0,0
"Spheniscus magellanicus","10.1073/pnas.2209821120",2022,"Birds","South America","SSTA_b","C","adult","survival",3.19693624945578e-05,4,3,12,0,0
"Spheniscus magellanicus","10.1073/pnas.2209821120",2022,"Birds","South America","SSTA_b","C","adult","survival",3.65657798446174e-05,4,3,12,0,0
"Spheniscus magellanicus","10.1073/pnas.2209821120",2022,"Birds","South America","Rain","C","adult","fecundity",5.70203104208764e-06,4,3,12,0,0
"Spheniscus magellanicus","10.1073/pnas.2209821120",2022,"Birds","South America","Rain","C","adult","fecundity",8.71627946522117e-06,4,3,12,0,0
"Spheniscus magellanicus","10.1073/pnas.2209821120",2022,"Birds","South America","Rain","C","adult","fecundity",6.06311602580514e-06,4,3,12,0,0
"Spheniscus magellanicus","10.1073/pnas.2209821120",2022,"Birds","South America","Rain","C","adult","fecundity",3.05384938570992e-06,4,3,12,0,0
"Spheniscus magellanicus","10.1073/pnas.2209821120",2022,"Birds","South America","Rain","C","adult","fecundity",4.75356071340601e-08,4,3,12,0,0
"Spheniscus magellanicus","10.1073/pnas.2209821120",2022,"Birds","South America","Rain","C","adult","fecundity",2.00792479092885e-06,4,3,12,0,0
"Spheniscus magellanicus","10.1073/pnas.2209821120",2022,"Birds","South America","Rain","C","adult","fecundity",3.46725464606393e-06,4,3,12,0,0
"Spheniscus magellanicus","10.1073/pnas.2209821120",2022,"Birds","South America","Rain","C","adult","fecundity",6.02697903759921e-06,4,3,12,0,0
"Spheniscus magellanicus","10.1073/pnas.2209821120",2022,"Birds","South America","Rain","C","adult","fecundity",2.76543963833043e-09,4,3,12,0,0
"Spheniscus magellanicus","10.1073/pnas.2209821120",2022,"Birds","South America","Rain","C","adult","fecundity",6.13210396973283e-06,4,3,12,0,0
"Spheniscus magellanicus","10.1073/pnas.2209821120",2022,"Birds","South America","Rain","C","adult","fecundity",6.75570996022521e-06,4,3,12,0,0
"Spheniscus magellanicus","10.1073/pnas.2209821120",2022,"Birds","South America","Rain","C","adult","fecundity",1.43467345472637e-05,4,3,12,0,0
"Spheniscus magellanicus","10.1073/pnas.2209821120",2022,"Birds","South America","Rain","C","adult","fecundity",1.80121712204471e-05,4,3,12,0,0
"Spheniscus magellanicus","10.1073/pnas.2209821120",2022,"Birds","South America","Rain","C","adult","fecundity",1.87376811766902e-05,4,3,12,0,0
"Spheniscus magellanicus","10.1073/pnas.2209821120",2022,"Birds","South America","Rain","C","adult","fecundity",1.76137942781866e-05,4,3,12,0,0
"Spheniscus magellanicus","10.1073/pnas.2209821120",2022,"Birds","South America","Rain","C","adult","fecundity",2.74334982467838e-05,4,3,12,0,0
"Spheniscus magellanicus","10.1073/pnas.2209821120",2022,"Birds","South America","Rain","C","adult","fecundity",9.81910888434169e-06,4,3,12,0,0
"Spheniscus magellanicus","10.1073/pnas.2209821120",2022,"Birds","South America","Rain","C","adult","fecundity",8.35701200005492e-06,4,3,12,0,0
"Spheniscus magellanicus","10.1073/pnas.2209821120",2022,"Birds","South America","Rain","C","adult","fecundity",1.95727552787326e-05,4,3,12,0,0
"Spheniscus magellanicus","10.1073/pnas.2209821120",2022,"Birds","South America","Rain","C","adult","fecundity",1.4422173788391e-05,4,3,12,0,0
"Spheniscus magellanicus","10.1073/pnas.2209821120",2022,"Birds","South America","Rain","C","adult","fecundity",1.2077086344728e-05,4,3,12,0,0
"Spheniscus magellanicus","10.1073/pnas.2209821120",2022,"Birds","South America","Rain","C","adult","fecundity",1.18841975244133e-05,4,3,12,0,0
"Spheniscus magellanicus","10.1073/pnas.2209821120",2022,"Birds","South America","Rain","C","adult","fecundity",7.20801107794762e-06,4,3,12,0,0
"Spheniscus magellanicus","10.1073/pnas.2209821120",2022,"Birds","South America","Rain","C","adult","fecundity",4.42806872840386e-06,4,3,12,0,0
"Spheniscus magellanicus","10.1073/pnas.2209821120",2022,"Birds","South America","Rain","C","adult","fecundity",1.17732611431322e-05,4,3,12,0,0
"Spheniscus magellanicus","10.1073/pnas.2209821120",2022,"Birds","South America","Rain","C","adult","fecundity",4.19390938979883e-06,4,3,12,0,0
"Spheniscus magellanicus","10.1073/pnas.2209821120",2022,"Birds","South America","Rain","C","adult","fecundity",3.98251521205518e-06,4,3,12,0,0
"Spheniscus magellanicus","10.1073/pnas.2209821120",2022,"Birds","South America","Rain","C","adult","fecundity",2.47299280143019e-06,4,3,12,0,0
"Spheniscus magellanicus","10.1073/pnas.2209821120",2022,"Birds","South America","Rain","C","adult","fecundity",1.10658206349199e-05,4,3,12,0,0
"Spheniscus magellanicus","10.1073/pnas.2209821120",2022,"Birds","South America","Rain","C","adult","fecundity",1.52545640604183e-06,4,3,12,0,0
"Spheniscus magellanicus","10.1073/pnas.2209821120",2022,"Birds","South America","Rain","C","adult","fecundity",8.21415177172047e-06,4,3,12,0,0
"Spheniscus magellanicus","10.1073/pnas.2209821120",2022,"Birds","South America","Rain","C","adult","fecundity",3.87299425527017e-06,4,3,12,0,0
"Spheniscus magellanicus","10.1073/pnas.2209821120",2022,"Birds","South America","Rain","C","adult","fecundity",3.79325133353168e-06,4,3,12,0,0
"Spheniscus magellanicus","10.1073/pnas.2209821120",2022,"Birds","South America","Rain","C","adult","fecundity",3.00035149332791e-06,4,3,12,0,0
"Spheniscus magellanicus","10.1073/pnas.2209821120",2022,"Birds","South America","Rain","C","adult","fecundity",5.49850064143094e-06,4,3,12,0,0
"Spheniscus magellanicus","10.1073/pnas.2209821120",2022,"Birds","South America","Rain","C","adult","fecundity",1.63311944305088e-05,4,3,12,0,0
"Spheniscus magellanicus","10.1073/pnas.2209821120",2022,"Birds","South America","Rain","C","adult","fecundity",8.92637088844583e-06,4,3,12,0,0
"Spheniscus magellanicus","10.1073/pnas.2209821120",2022,"Birds","South America","Rain","C","adult","fecundity",5.92119062415333e-07,4,3,12,0,0
"Spheniscus magellanicus","10.1073/pnas.2209821120",2022,"Birds","South America","Rain","C","adult","fecundity",5.55459156174501e-08,4,3,12,0,0
"Spheniscus magellanicus","10.1073/pnas.2209821120",2022,"Birds","South America","Rain","C","adult","fecundity",2.26112853250893e-06,4,3,12,0,0
"Spheniscus magellanicus","10.1073/pnas.2209821120",2022,"Birds","South America","Rain","C","adult","fecundity",5.09011628564625e-06,4,3,12,0,0
"Spheniscus magellanicus","10.1073/pnas.2209821120",2022,"Birds","South America","Rain","C","adult","fecundity",1.14420515372443e-06,4,3,12,0,0
"Spheniscus magellanicus","10.1073/pnas.2209821120",2022,"Birds","South America","Rain","C","adult","fecundity",4.09527724662995e-06,4,3,12,0,0
"Spheniscus magellanicus","10.1073/pnas.2209821120",2022,"Birds","South America","Rain","C","adult","fecundity",2.60018757091722e-06,4,3,12,0,0
"Spheniscus magellanicus","10.1073/pnas.2209821120",2022,"Birds","South America","Rain","C","adult","fecundity",5.2850821496988e-08,4,3,12,0,0
"Spheniscus magellanicus","10.1073/pnas.2209821120",2022,"Birds","South America","Rain","C","adult","fecundity",1.00043123657584e-06,4,3,12,0,0
"Spheniscus magellanicus","10.1073/pnas.2209821120",2022,"Birds","South America","Rain","C","adult","fecundity",1.07260292466607e-05,4,3,12,0,0
"Spheniscus magellanicus","10.1073/pnas.2209821120",2022,"Birds","South America","Rain","C","adult","fecundity",1.46269697402051e-05,4,3,12,0,0
"Spheniscus magellanicus","10.1073/pnas.2209821120",2022,"Birds","South America","Rain","C","adult","fecundity",1.46645512102257e-05,4,3,12,0,0
"Spheniscus magellanicus","10.1073/pnas.2209821120",2022,"Birds","South America","Rain","C","adult","fecundity",1.74565015096941e-05,4,3,12,0,0
"Spheniscus magellanicus","10.1073/pnas.2209821120",2022,"Birds","South America","Rain","C","adult","fecundity",6.27797024960689e-06,4,3,12,0,0
"Spheniscus magellanicus","10.1073/pnas.2209821120",2022,"Birds","South America","Rain","C","adult","fecundity",1.18973035104911e-05,4,3,12,0,0
"Spheniscus magellanicus","10.1073/pnas.2209821120",2022,"Birds","South America","Rain","C","adult","fecundity",1.65852944581622e-05,4,3,12,0,0
"Spheniscus magellanicus","10.1073/pnas.2209821120",2022,"Birds","South America","Rain","C","adult","fecundity",1.37050791108645e-05,4,3,12,0,0
"Spheniscus magellanicus","10.1073/pnas.2209821120",2022,"Birds","South America","Rain","C","adult","fecundity",1.38455471672847e-05,4,3,12,0,0
"Spheniscus magellanicus","10.1073/pnas.2209821120",2022,"Birds","South America","Rain","C","adult","fecundity",1.22841005181562e-05,4,3,12,0,0
"Spheniscus magellanicus","10.1073/pnas.2209821120",2022,"Birds","South America","Rain","C","adult","fecundity",1.79708206015086e-06,4,3,12,0,0
"Spheniscus magellanicus","10.1073/pnas.2209821120",2022,"Birds","South America","Rain","C","adult","fecundity",6.41936600474279e-06,4,3,12,0,0
"Spheniscus magellanicus","10.1073/pnas.2209821120",2022,"Birds","South America","Rain","C","adult","fecundity",2.50580679881382e-06,4,3,12,0,0
"Spheniscus magellanicus","10.1073/pnas.2209821120",2022,"Birds","South America","Rain","C","adult","fecundity",3.60146327030073e-06,4,3,12,0,0
"Spheniscus magellanicus","10.1073/pnas.2209821120",2022,"Birds","South America","Rain","C","adult","fecundity",5.58628371704647e-06,4,3,12,0,0
"Spheniscus magellanicus","10.1073/pnas.2209821120",2022,"Birds","South America","Rain","C","adult","fecundity",1.20415930326172e-05,4,3,12,0,0
"Spheniscus magellanicus","10.1073/pnas.2209821120",2022,"Birds","South America","Rain","C","adult","fecundity",1.97410116169381e-05,4,3,12,0,0
"Spheniscus magellanicus","10.1073/pnas.2209821120",2022,"Birds","South America","Rain","C","adult","fecundity",1.22145716175982e-05,4,3,12,0,0
"Spheniscus magellanicus","10.1073/pnas.2209821120",2022,"Birds","South America","Rain","C","adult","fecundity",1.94792668943006e-05,4,3,12,0,0
"Spheniscus magellanicus","10.1073/pnas.2209821120",2022,"Birds","South America","Rain","C","adult","fecundity",1.85040592240952e-05,4,3,12,0,0
"Spheniscus magellanicus","10.1073/pnas.2209821120",2022,"Birds","South America","Rain","C","adult","fecundity",1.54391162544525e-05,4,3,12,0,0
"Spheniscus magellanicus","10.1073/pnas.2209821120",2022,"Birds","South America","Rain","C","adult","fecundity",2.08090936757388e-05,4,3,12,0,0
"Spheniscus magellanicus","10.1073/pnas.2209821120",2022,"Birds","South America","Rain","C","adult","fecundity",2.37780584143226e-05,4,3,12,0,0
"Spheniscus magellanicus","10.1073/pnas.2209821120",2022,"Birds","South America","Rain","C","adult","fecundity",2.64060017034811e-05,4,3,12,0,0
"Spheniscus magellanicus","10.1073/pnas.2209821120",2022,"Birds","South America","Rain","C","adult","fecundity",2.23994222991777e-05,4,3,12,0,0
"Spheniscus magellanicus","10.1073/pnas.2209821120",2022,"Birds","South America","Rain","C","adult","fecundity",2.61258793943965e-05,4,3,12,0,0
"Spheniscus magellanicus","10.1073/pnas.2209821120",2022,"Birds","South America","Rain","C","adult","fecundity",2.88801787005048e-05,4,3,12,0,0
"Spheniscus magellanicus","10.1073/pnas.2209821120",2022,"Birds","South America","Rain","C","adult","fecundity",2.69399167220976e-05,4,3,12,0,0
"Spheniscus magellanicus","10.1073/pnas.2209821120",2022,"Birds","South America","Rain","C","adult","fecundity",1.44330742277059e-05,4,3,12,0,0
"Spheniscus magellanicus","10.1073/pnas.2209821120",2022,"Birds","South America","Rain","C","adult","fecundity",1.68261937991182e-05,4,3,12,0,0
"Spheniscus magellanicus","10.1073/pnas.2209821120",2022,"Birds","South America","Rain","C","adult","fecundity",2.62418951839889e-05,4,3,12,0,0
"Spheniscus magellanicus","10.1073/pnas.2209821120",2022,"Birds","South America","Rain","C","adult","fecundity",1.98714277673165e-05,4,3,12,0,0
"Spheniscus magellanicus","10.1073/pnas.2209821120",2022,"Birds","South America","Rain","C","adult","fecundity",1.51272931961293e-05,4,3,12,0,0
"Spheniscus magellanicus","10.1073/pnas.2209821120",2022,"Birds","South America","Rain","C","adult","fecundity",1.446485751776e-05,4,3,12,0,0
"Spheniscus magellanicus","10.1073/pnas.2209821120",2022,"Birds","South America","Rain","C","adult","fecundity",1.49374652722243e-05,4,3,12,0,0
"Spheniscus magellanicus","10.1073/pnas.2209821120",2022,"Birds","South America","Rain","C","adult","fecundity",1.28028800000926e-05,4,3,12,0,0
"Spheniscus magellanicus","10.1073/pnas.2209821120",2022,"Birds","South America","Rain","C","adult","fecundity",8.65736977697441e-06,4,3,12,0,0
"Spheniscus magellanicus","10.1073/pnas.2209821120",2022,"Birds","South America","Rain","C","adult","fecundity",2.42817696044784e-06,4,3,12,0,0
"Spheniscus magellanicus","10.1073/pnas.2209821120",2022,"Birds","South America","Rain","C","adult","fecundity",1.09871492945829e-05,4,3,12,0,0
"Spheniscus magellanicus","10.1073/pnas.2209821120",2022,"Birds","South America","Rain","C","adult","fecundity",5.3080420345569e-07,4,3,12,0,0
"Spheniscus magellanicus","10.1073/pnas.2209821120",2022,"Birds","South America","Rain","C","adult","fecundity",3.7745313996017e-06,4,3,12,0,0
"Spheniscus magellanicus","10.1073/pnas.2209821120",2022,"Birds","South America","Rain","C","adult","fecundity",5.90947884533049e-06,4,3,12,0,0
"Spheniscus magellanicus","10.1073/pnas.2209821120",2022,"Birds","South America","Rain","C","adult","fecundity",2.14599842721919e-06,4,3,12,0,0
"Spheniscus magellanicus","10.1073/pnas.2209821120",2022,"Birds","South America","Rain","C","adult","fecundity",5.52913231840416e-06,4,3,12,0,0
"Spheniscus magellanicus","10.1073/pnas.2209821120",2022,"Birds","South America","Rain","C","adult","fecundity",5.48019565499546e-07,4,3,12,0,0
"Spheniscus magellanicus","10.1073/pnas.2209821120",2022,"Birds","South America","Rain","C","adult","fecundity",1.46201269196222e-06,4,3,12,0,0
"Spheniscus magellanicus","10.1073/pnas.2209821120",2022,"Birds","South America","Rain","C","adult","fecundity",1.04316269118888e-06,4,3,12,0,0
"Spheniscus magellanicus","10.1073/pnas.2209821120",2022,"Birds","South America","Rain","C","adult","fecundity",5.82668200378081e-06,4,3,12,0,0
"Spheniscus magellanicus","10.1073/pnas.2209821120",2022,"Birds","South America","Rain","C","adult","fecundity",7.77934573359971e-06,4,3,12,0,0
"Spheniscus magellanicus","10.1073/pnas.2209821120",2022,"Birds","South America","Rain","C","adult","fecundity",2.17690289499483e-06,4,3,12,0,0
"Spheniscus magellanicus","10.1073/pnas.2209821120",2022,"Birds","South America","Rain","C","adult","fecundity",1.88710915912496e-06,4,3,12,0,0
"Spheniscus magellanicus","10.1073/pnas.2209821120",2022,"Birds","South America","Rain","C","adult","fecundity",7.19232550901625e-06,4,3,12,0,0
"Spheniscus magellanicus","10.1073/pnas.2209821120",2022,"Birds","South America","Rain","C","adult","fecundity",7.40661122553449e-06,4,3,12,0,0
"Spheniscus magellanicus","10.1073/pnas.2209821120",2022,"Birds","South America","Rain","C","adult","fecundity",2.42644429751987e-06,4,3,12,0,0
"Spheniscus magellanicus","10.1073/pnas.2209821120",2022,"Birds","South America","SSTA_b","C","adult","fecundity",7.38289597052888e-05,4,3,12,0,0
"Spheniscus magellanicus","10.1073/pnas.2209821120",2022,"Birds","South America","SSTA_b","C","adult","fecundity",6.7186715956662e-05,4,3,12,0,0
"Spheniscus magellanicus","10.1073/pnas.2209821120",2022,"Birds","South America","SSTA_b","C","adult","fecundity",7.12207527231542e-05,4,3,12,0,0
"Spheniscus magellanicus","10.1073/pnas.2209821120",2022,"Birds","South America","SSTA_b","C","adult","fecundity",8.57624513078367e-05,4,3,12,0,0
"Spheniscus magellanicus","10.1073/pnas.2209821120",2022,"Birds","South America","SSTA_b","C","adult","fecundity",6.73059636642891e-05,4,3,12,0,0
"Spheniscus magellanicus","10.1073/pnas.2209821120",2022,"Birds","South America","SSTA_b","C","adult","fecundity",6.9095322989578e-05,4,3,12,0,0
"Spheniscus magellanicus","10.1073/pnas.2209821120",2022,"Birds","South America","SSTA_b","C","adult","fecundity",7.11243388264004e-05,4,3,12,0,0
"Spheniscus magellanicus","10.1073/pnas.2209821120",2022,"Birds","South America","SSTA_b","C","adult","fecundity",7.83552538873557e-05,4,3,12,0,0
"Spheniscus magellanicus","10.1073/pnas.2209821120",2022,"Birds","South America","SSTA_b","C","adult","fecundity",8.33459317179273e-05,4,3,12,0,0
"Spheniscus magellanicus","10.1073/pnas.2209821120",2022,"Birds","South America","SSTA_b","C","adult","fecundity",6.76527709100983e-05,4,3,12,0,0
"Spheniscus magellanicus","10.1073/pnas.2209821120",2022,"Birds","South America","SSTA_b","C","adult","fecundity",5.59166388748233e-05,4,3,12,0,0
"Spheniscus magellanicus","10.1073/pnas.2209821120",2022,"Birds","South America","SSTA_b","C","adult","fecundity",6.52112489013246e-05,4,3,12,0,0
"Spheniscus magellanicus","10.1073/pnas.2209821120",2022,"Birds","South America","SSTA_b","C","adult","fecundity",6.8880310719637e-05,4,3,12,0,0
"Spheniscus magellanicus","10.1073/pnas.2209821120",2022,"Birds","South America","SSTA_b","C","adult","fecundity",7.04883522309999e-05,4,3,12,0,0
"Spheniscus magellanicus","10.1073/pnas.2209821120",2022,"Birds","South America","SSTA_b","C","adult","fecundity",8.50948723034028e-05,4,3,12,0,0
"Spheniscus magellanicus","10.1073/pnas.2209821120",2022,"Birds","South America","SSTA_b","C","adult","fecundity",8.56610422406394e-05,4,3,12,0,0
"Spheniscus magellanicus","10.1073/pnas.2209821120",2022,"Birds","South America","SSTA_b","C","adult","fecundity",7.34610404821572e-05,4,3,12,0,0
"Spheniscus magellanicus","10.1073/pnas.2209821120",2022,"Birds","South America","SSTA_b","C","adult","fecundity",8.06095460888537e-05,4,3,12,0,0
"Spheniscus magellanicus","10.1073/pnas.2209821120",2022,"Birds","South America","SSTA_b","C","adult","fecundity",8.47039173932491e-05,4,3,12,0,0
"Spheniscus magellanicus","10.1073/pnas.2209821120",2022,"Birds","South America","SSTA_b","C","adult","fecundity",8.3718437800182e-05,4,3,12,0,0
"Spheniscus magellanicus","10.1073/pnas.2209821120",2022,"Birds","South America","SSTA_b","C","adult","fecundity",8.06630848551842e-05,4,3,12,0,0
"Spheniscus magellanicus","10.1073/pnas.2209821120",2022,"Birds","South America","SSTA_b","C","adult","fecundity",8.38366913955663e-05,4,3,12,0,0
"Spheniscus magellanicus","10.1073/pnas.2209821120",2022,"Birds","South America","SSTA_b","C","adult","fecundity",9.09573639178153e-05,4,3,12,0,0
"Spheniscus magellanicus","10.1073/pnas.2209821120",2022,"Birds","South America","SSTA_b","C","adult","fecundity",8.80868753311854e-05,4,3,12,0,0
"Spheniscus magellanicus","10.1073/pnas.2209821120",2022,"Birds","South America","SSTA_b","C","adult","fecundity",8.48687409664475e-05,4,3,12,0,0
"Spheniscus magellanicus","10.1073/pnas.2209821120",2022,"Birds","South America","SSTA_b","C","adult","fecundity",8.52576180803988e-05,4,3,12,0,0
"Spheniscus magellanicus","10.1073/pnas.2209821120",2022,"Birds","South America","SSTA_b","C","adult","fecundity",8.05149821848097e-05,4,3,12,0,0
"Spheniscus magellanicus","10.1073/pnas.2209821120",2022,"Birds","South America","SSTA_b","C","adult","fecundity",8.8152538230014e-05,4,3,12,0,0
"Spheniscus magellanicus","10.1073/pnas.2209821120",2022,"Birds","South America","SSTA_b","C","adult","fecundity",8.39773006353501e-05,4,3,12,0,0
"Spheniscus magellanicus","10.1073/pnas.2209821120",2022,"Birds","South America","SSTA_b","C","adult","fecundity",8.96263654015673e-05,4,3,12,0,0
"Spheniscus magellanicus","10.1073/pnas.2209821120",2022,"Birds","South America","SSTA_b","C","adult","fecundity",8.51593235907993e-05,4,3,12,0,0
"Spheniscus magellanicus","10.1073/pnas.2209821120",2022,"Birds","South America","SSTA_b","C","adult","fecundity",8.855931017915e-05,4,3,12,0,0
"Spheniscus magellanicus","10.1073/pnas.2209821120",2022,"Birds","South America","SSTA_b","C","adult","fecundity",0.000100882399252679,4,3,12,0,0
"Spheniscus magellanicus","10.1073/pnas.2209821120",2022,"Birds","South America","SSTA_b","C","adult","fecundity",0.000101126159359941,4,3,12,0,0
"Spheniscus magellanicus","10.1073/pnas.2209821120",2022,"Birds","South America","SSTA_b","C","adult","fecundity",9.73016524570178e-05,4,3,12,0,0
"Spheniscus magellanicus","10.1073/pnas.2209821120",2022,"Birds","South America","SSTA_b","C","adult","fecundity",9.57114004358772e-05,4,3,12,0,0
"Spheniscus magellanicus","10.1073/pnas.2209821120",2022,"Birds","South America","SSTA_b","C","adult","fecundity",9.86780660025009e-05,4,3,12,0,0
"Spheniscus magellanicus","10.1073/pnas.2209821120",2022,"Birds","South America","SSTA_b","C","adult","fecundity",9.71619375754425e-05,4,3,12,0,0
"Spheniscus magellanicus","10.1073/pnas.2209821120",2022,"Birds","South America","SSTA_b","C","adult","fecundity",0.000105348105762023,4,3,12,0,0
"Spheniscus magellanicus","10.1073/pnas.2209821120",2022,"Birds","South America","SSTA_b","C","adult","fecundity",0.000107980077868664,4,3,12,0,0
"Spheniscus magellanicus","10.1073/pnas.2209821120",2022,"Birds","South America","SSTA_b","C","adult","fecundity",9.07643179273286e-05,4,3,12,0,0
"Spheniscus magellanicus","10.1073/pnas.2209821120",2022,"Birds","South America","SSTA_b","C","adult","fecundity",9.32576945595559e-05,4,3,12,0,0
"Spheniscus magellanicus","10.1073/pnas.2209821120",2022,"Birds","South America","SSTA_b","C","adult","fecundity",0.000110818763766998,4,3,12,0,0
"Spheniscus magellanicus","10.1073/pnas.2209821120",2022,"Birds","South America","SSTA_b","C","adult","fecundity",0.000113827357606281,4,3,12,0,0
"Spheniscus magellanicus","10.1073/pnas.2209821120",2022,"Birds","South America","SSTA_b","C","adult","fecundity",0.000109956656896088,4,3,12,0,0
"Spheniscus magellanicus","10.1073/pnas.2209821120",2022,"Birds","South America","SSTA_b","C","adult","fecundity",0.000111727871168901,4,3,12,0,0
"Spheniscus magellanicus","10.1073/pnas.2209821120",2022,"Birds","South America","SSTA_b","C","adult","fecundity",0.000105714729273416,4,3,12,0,0
"Spheniscus magellanicus","10.1073/pnas.2209821120",2022,"Birds","South America","SSTA_b","C","adult","fecundity",0.00011433630343787,4,3,12,0,0
"Spheniscus magellanicus","10.1073/pnas.2209821120",2022,"Birds","South America","SSTA_b","C","adult","fecundity",0.000106045088807229,4,3,12,0,0
"Spheniscus magellanicus","10.1073/pnas.2209821120",2022,"Birds","South America","SSTA_b","C","adult","fecundity",0.000106627234142423,4,3,12,0,0
"Spheniscus magellanicus","10.1073/pnas.2209821120",2022,"Birds","South America","SSTA_b","C","adult","fecundity",0.000108101496202024,4,3,12,0,0
"Spheniscus magellanicus","10.1073/pnas.2209821120",2022,"Birds","South America","SSTA_b","C","adult","fecundity",0.000114075833868759,4,3,12,0,0
"Spheniscus magellanicus","10.1073/pnas.2209821120",2022,"Birds","South America","SSTA_b","C","adult","fecundity",0.000101717799318438,4,3,12,0,0
"Spheniscus magellanicus","10.1073/pnas.2209821120",2022,"Birds","South America","SSTA_b","C","adult","fecundity",0.000105460499404756,4,3,12,0,0
"Spheniscus magellanicus","10.1073/pnas.2209821120",2022,"Birds","South America","SSTA_b","C","adult","fecundity",0.000109798690584092,4,3,12,0,0
"Spheniscus magellanicus","10.1073/pnas.2209821120",2022,"Birds","South America","SSTA_b","C","adult","fecundity",0.000103536105703302,4,3,12,0,0
"Spheniscus magellanicus","10.1073/pnas.2209821120",2022,"Birds","South America","SSTA_b","C","adult","fecundity",0.000105607241560087,4,3,12,0,0
"Spheniscus magellanicus","10.1073/pnas.2209821120",2022,"Birds","South America","SSTA_b","C","adult","fecundity",9.03564116656257e-05,4,3,12,0,0
"Spheniscus magellanicus","10.1073/pnas.2209821120",2022,"Birds","South America","SSTA_b","C","adult","fecundity",9.49938286833119e-05,4,3,12,0,0
"Spheniscus magellanicus","10.1073/pnas.2209821120",2022,"Birds","South America","SSTA_b","C","adult","fecundity",0.000101053324204042,4,3,12,0,0
"Spheniscus magellanicus","10.1073/pnas.2209821120",2022,"Birds","South America","SSTA_b","C","adult","fecundity",9.58375098670493e-05,4,3,12,0,0
"Spheniscus magellanicus","10.1073/pnas.2209821120",2022,"Birds","South America","SSTA_b","C","adult","fecundity",8.56618287984174e-05,4,3,12,0,0
"Spheniscus magellanicus","10.1073/pnas.2209821120",2022,"Birds","South America","SSTA_b","C","adult","fecundity",9.35520142043173e-05,4,3,12,0,0
"Spheniscus magellanicus","10.1073/pnas.2209821120",2022,"Birds","South America","SSTA_b","C","adult","fecundity",9.64898224042552e-05,4,3,12,0,0
"Spheniscus magellanicus","10.1073/pnas.2209821120",2022,"Birds","South America","SSTA_b","C","adult","fecundity",9.61092482695348e-05,4,3,12,0,0
"Spheniscus magellanicus","10.1073/pnas.2209821120",2022,"Birds","South America","SSTA_b","C","adult","fecundity",0.000100916630952643,4,3,12,0,0
"Spheniscus magellanicus","10.1073/pnas.2209821120",2022,"Birds","South America","SSTA_b","C","adult","fecundity",9.47892825378982e-05,4,3,12,0,0
"Spheniscus magellanicus","10.1073/pnas.2209821120",2022,"Birds","South America","SSTA_b","C","adult","fecundity",9.46625715215065e-05,4,3,12,0,0
"Spheniscus magellanicus","10.1073/pnas.2209821120",2022,"Birds","South America","SSTA_b","C","adult","fecundity",8.57559391629362e-05,4,3,12,0,0
"Spheniscus magellanicus","10.1073/pnas.2209821120",2022,"Birds","South America","SSTA_b","C","adult","fecundity",9.19349720988588e-05,4,3,12,0,0
"Spheniscus magellanicus","10.1073/pnas.2209821120",2022,"Birds","South America","SSTA_b","C","adult","fecundity",8.59514783213221e-05,4,3,12,0,0
"Spheniscus magellanicus","10.1073/pnas.2209821120",2022,"Birds","South America","SSTA_b","C","adult","fecundity",9.3245439217359e-05,4,3,12,0,0
"Spheniscus magellanicus","10.1073/pnas.2209821120",2022,"Birds","South America","SSTA_b","C","adult","fecundity",9.55017400591133e-05,4,3,12,0,0
"Spheniscus magellanicus","10.1073/pnas.2209821120",2022,"Birds","South America","SSTA_b","C","adult","fecundity",8.95540095384439e-05,4,3,12,0,0
"Spheniscus magellanicus","10.1073/pnas.2209821120",2022,"Birds","South America","SSTA_b","C","adult","fecundity",8.60483552404226e-05,4,3,12,0,0
"Spheniscus magellanicus","10.1073/pnas.2209821120",2022,"Birds","South America","SSTA_b","C","adult","fecundity",7.00017889721886e-05,4,3,12,0,0
"Spheniscus magellanicus","10.1073/pnas.2209821120",2022,"Birds","South America","SSTA_b","C","adult","fecundity",7.51262383051211e-05,4,3,12,0,0
"Spheniscus magellanicus","10.1073/pnas.2209821120",2022,"Birds","South America","SSTA_b","C","adult","fecundity",8.27767585448418e-05,4,3,12,0,0
"Spheniscus magellanicus","10.1073/pnas.2209821120",2022,"Birds","South America","SSTA_b","C","adult","fecundity",7.88022961465141e-05,4,3,12,0,0
"Spheniscus magellanicus","10.1073/pnas.2209821120",2022,"Birds","South America","SSTA_b","C","adult","fecundity",8.13995237612834e-05,4,3,12,0,0
"Spheniscus magellanicus","10.1073/pnas.2209821120",2022,"Birds","South America","SSTA_b","C","adult","fecundity",8.80827597237447e-05,4,3,12,0,0
"Spheniscus magellanicus","10.1073/pnas.2209821120",2022,"Birds","South America","SSTA_b","C","adult","fecundity",9.2299959814974e-05,4,3,12,0,0
"Spheniscus magellanicus","10.1073/pnas.2209821120",2022,"Birds","South America","SSTA_b","C","adult","fecundity",8.5949839664666e-05,4,3,12,0,0
"Spheniscus magellanicus","10.1073/pnas.2209821120",2022,"Birds","South America","SSTA_b","C","adult","fecundity",7.96917509933327e-05,4,3,12,0,0
"Spheniscus magellanicus","10.1073/pnas.2209821120",2022,"Birds","South America","SSTA_b","C","adult","fecundity",9.02597305773243e-05,4,3,12,0,0
"Spheniscus magellanicus","10.1073/pnas.2209821120",2022,"Birds","South America","SSTA_b","C","adult","fecundity",7.09396006393492e-05,4,3,12,0,0
"Spheniscus magellanicus","10.1073/pnas.2209821120",2022,"Birds","South America","SSTA_b","C","adult","fecundity",7.1421758808016e-05,4,3,12,0,0
"Spheniscus magellanicus","10.1073/pnas.2209821120",2022,"Birds","South America","SSTA_b","C","adult","fecundity",7.45868043573532e-05,4,3,12,0,0
"Spheniscus magellanicus","10.1073/pnas.2209821120",2022,"Birds","South America","SSTA_b","C","adult","fecundity",7.63464613803299e-05,4,3,12,0,0
"Spheniscus magellanicus","10.1073/pnas.2209821120",2022,"Birds","South America","SSTA_b","C","adult","fecundity",7.52543783010919e-05,4,3,12,0,0
"Spheniscus magellanicus","10.1073/pnas.2209821120",2022,"Birds","South America","SSTA_b","C","adult","fecundity",7.4703936188547e-05,4,3,12,0,0
"Spheniscus magellanicus","10.1073/pnas.2209821120",2022,"Birds","South America","SSTA_b","C","adult","fecundity",7.24904618415438e-05,4,3,12,0,0
"Spheniscus magellanicus","10.1073/pnas.2209821120",2022,"Birds","South America","SSTA_b","C","adult","fecundity",8.2806751602375e-05,4,3,12,0,0
"Spheniscus magellanicus","10.1073/pnas.2209821120",2022,"Birds","South America","SSTA_b","C","adult","fecundity",8.33021966984866e-05,4,3,12,0,0
"Spheniscus magellanicus","10.1073/pnas.2209821120",2022,"Birds","South America","SSTA_b","C","adult","fecundity",8.78720362425948e-05,4,3,12,0,0
"Spheniscus magellanicus","10.1073/pnas.2209821120",2022,"Birds","South America","SSTA_b","C","adult","fecundity",8.61184617020184e-05,4,3,12,0,0
"Spheniscus magellanicus","10.1073/pnas.2209821120",2022,"Birds","South America","SSTA_b","C","adult","fecundity",9.62870898224745e-05,4,3,12,0,0
"Spheniscus magellanicus","10.1073/pnas.2209821120",2022,"Birds","South America","SSTA_b","C","adult","fecundity",9.31550214992086e-05,4,3,12,0,0
"Spheniscus magellanicus","10.1073/pnas.2209821120",2022,"Birds","South America","SSTA_b","C","adult","fecundity",8.81932171254902e-05,4,3,12,0,0
"Spheniscus magellanicus","10.1073/pnas.2209821120",2022,"Birds","South America","SSTA_b","C","adult","fecundity",9.65596761986307e-05,4,3,12,0,0
"Spheniscus magellanicus","10.1073/pnas.2209821120",2022,"Birds","South America","Temperature","C","adult","fecundity",0.000222287602325505,4,3,12,0,0
"Spheniscus magellanicus","10.1073/pnas.2209821120",2022,"Birds","South America","Temperature","C","adult","fecundity",0.000222625959640339,4,3,12,0,0
"Spheniscus magellanicus","10.1073/pnas.2209821120",2022,"Birds","South America","Temperature","C","adult","fecundity",0.000221551660665735,4,3,12,0,0
"Spheniscus magellanicus","10.1073/pnas.2209821120",2022,"Birds","South America","Temperature","C","adult","fecundity",0.000211118300628855,4,3,12,0,0
"Spheniscus magellanicus","10.1073/pnas.2209821120",2022,"Birds","South America","Temperature","C","adult","fecundity",0.000214376002510421,4,3,12,0,0
"Spheniscus magellanicus","10.1073/pnas.2209821120",2022,"Birds","South America","Temperature","C","adult","fecundity",0.000211252824393816,4,3,12,0,0
"Spheniscus magellanicus","10.1073/pnas.2209821120",2022,"Birds","South America","Temperature","C","adult","fecundity",0.000221157730551816,4,3,12,0,0
"Spheniscus magellanicus","10.1073/pnas.2209821120",2022,"Birds","South America","Temperature","C","adult","fecundity",0.00022280917902872,4,3,12,0,0
"Spheniscus magellanicus","10.1073/pnas.2209821120",2022,"Birds","South America","Temperature","C","adult","fecundity",0.000201790458421397,4,3,12,0,0
"Spheniscus magellanicus","10.1073/pnas.2209821120",2022,"Birds","South America","Temperature","C","adult","fecundity",0.000213774151389133,4,3,12,0,0
"Spheniscus magellanicus","10.1073/pnas.2209821120",2022,"Birds","South America","Temperature","C","adult","fecundity",0.000199087289517151,4,3,12,0,0
"Spheniscus magellanicus","10.1073/pnas.2209821120",2022,"Birds","South America","Temperature","C","adult","fecundity",0.000198829847116843,4,3,12,0,0
"Spheniscus magellanicus","10.1073/pnas.2209821120",2022,"Birds","South America","Temperature","C","adult","fecundity",0.000186937015980493,4,3,12,0,0
"Spheniscus magellanicus","10.1073/pnas.2209821120",2022,"Birds","South America","Temperature","C","adult","fecundity",0.000200001745699413,4,3,12,0,0
"Spheniscus magellanicus","10.1073/pnas.2209821120",2022,"Birds","South America","Temperature","C","adult","fecundity",0.000190627039732778,4,3,12,0,0
"Spheniscus magellanicus","10.1073/pnas.2209821120",2022,"Birds","South America","Temperature","C","adult","fecundity",0.000191388056811583,4,3,12,0,0
"Spheniscus magellanicus","10.1073/pnas.2209821120",2022,"Birds","South America","Temperature","C","adult","fecundity",0.000202847492822284,4,3,12,0,0
"Spheniscus magellanicus","10.1073/pnas.2209821120",2022,"Birds","South America","Temperature","C","adult","fecundity",0.00021630528435504,4,3,12,0,0
"Spheniscus magellanicus","10.1073/pnas.2209821120",2022,"Birds","South America","Temperature","C","adult","fecundity",0.000213892828395173,4,3,12,0,0
"Spheniscus magellanicus","10.1073/pnas.2209821120",2022,"Birds","South America","Temperature","C","adult","fecundity",0.000217317097643957,4,3,12,0,0
"Spheniscus magellanicus","10.1073/pnas.2209821120",2022,"Birds","South America","Temperature","C","adult","fecundity",0.000204991106691014,4,3,12,0,0
"Spheniscus magellanicus","10.1073/pnas.2209821120",2022,"Birds","South America","Temperature","C","adult","fecundity",0.000206935813134768,4,3,12,0,0
"Spheniscus magellanicus","10.1073/pnas.2209821120",2022,"Birds","South America","Temperature","C","adult","fecundity",0.000197097741963813,4,3,12,0,0
"Spheniscus magellanicus","10.1073/pnas.2209821120",2022,"Birds","South America","Temperature","C","adult","fecundity",0.000197210384353732,4,3,12,0,0
"Spheniscus magellanicus","10.1073/pnas.2209821120",2022,"Birds","South America","Temperature","C","adult","fecundity",0.00020792029082277,4,3,12,0,0
"Spheniscus magellanicus","10.1073/pnas.2209821120",2022,"Birds","South America","Temperature","C","adult","fecundity",0.000203931881360558,4,3,12,0,0
"Spheniscus magellanicus","10.1073/pnas.2209821120",2022,"Birds","South America","Temperature","C","adult","fecundity",0.000204355033865878,4,3,12,0,0
"Spheniscus magellanicus","10.1073/pnas.2209821120",2022,"Birds","South America","Temperature","C","adult","fecundity",0.000196139808424854,4,3,12,0,0
"Spheniscus magellanicus","10.1073/pnas.2209821120",2022,"Birds","South America","Temperature","C","adult","fecundity",0.000192628935632084,4,3,12,0,0
"Spheniscus magellanicus","10.1073/pnas.2209821120",2022,"Birds","South America","Temperature","C","adult","fecundity",0.000189804478405003,4,3,12,0,0
"Spheniscus magellanicus","10.1073/pnas.2209821120",2022,"Birds","South America","Temperature","C","adult","fecundity",0.000187354469230101,4,3,12,0,0
"Spheniscus magellanicus","10.1073/pnas.2209821120",2022,"Birds","South America","Temperature","C","adult","fecundity",0.000199941984946966,4,3,12,0,0
"Spheniscus magellanicus","10.1073/pnas.2209821120",2022,"Birds","South America","Temperature","C","adult","fecundity",0.000196044259197108,4,3,12,0,0
"Spheniscus magellanicus","10.1073/pnas.2209821120",2022,"Birds","South America","Temperature","C","adult","fecundity",0.000205131206075403,4,3,12,0,0
"Spheniscus magellanicus","10.1073/pnas.2209821120",2022,"Birds","South America","Temperature","C","adult","fecundity",0.00019232749973017,4,3,12,0,0
"Spheniscus magellanicus","10.1073/pnas.2209821120",2022,"Birds","South America","Temperature","C","adult","fecundity",0.000195506099371028,4,3,12,0,0
"Spheniscus magellanicus","10.1073/pnas.2209821120",2022,"Birds","South America","Temperature","C","adult","fecundity",0.000197659706387587,4,3,12,0,0
"Spheniscus magellanicus","10.1073/pnas.2209821120",2022,"Birds","South America","Temperature","C","adult","fecundity",0.000200549383113401,4,3,12,0,0
"Spheniscus magellanicus","10.1073/pnas.2209821120",2022,"Birds","South America","Temperature","C","adult","fecundity",0.000189813144794898,4,3,12,0,0
"Spheniscus magellanicus","10.1073/pnas.2209821120",2022,"Birds","South America","Temperature","C","adult","fecundity",0.000207833397650008,4,3,12,0,0
"Spheniscus magellanicus","10.1073/pnas.2209821120",2022,"Birds","South America","Temperature","C","adult","fecundity",0.000210193825185894,4,3,12,0,0
"Spheniscus magellanicus","10.1073/pnas.2209821120",2022,"Birds","South America","Temperature","C","adult","fecundity",0.000206946240397406,4,3,12,0,0
"Spheniscus magellanicus","10.1073/pnas.2209821120",2022,"Birds","South America","Temperature","C","adult","fecundity",0.000205157635165135,4,3,12,0,0
"Spheniscus magellanicus","10.1073/pnas.2209821120",2022,"Birds","South America","Temperature","C","adult","fecundity",0.000210415910835328,4,3,12,0,0
"Spheniscus magellanicus","10.1073/pnas.2209821120",2022,"Birds","South America","Temperature","C","adult","fecundity",0.00018545100017075,4,3,12,0,0
"Spheniscus magellanicus","10.1073/pnas.2209821120",2022,"Birds","South America","Temperature","C","adult","fecundity",0.00020469901983997,4,3,12,0,0
"Spheniscus magellanicus","10.1073/pnas.2209821120",2022,"Birds","South America","Temperature","C","adult","fecundity",0.000209796500650887,4,3,12,0,0
"Spheniscus magellanicus","10.1073/pnas.2209821120",2022,"Birds","South America","Temperature","C","adult","fecundity",0.000208060239239069,4,3,12,0,0
"Spheniscus magellanicus","10.1073/pnas.2209821120",2022,"Birds","South America","Temperature","C","adult","fecundity",0.000196644650509495,4,3,12,0,0
"Spheniscus magellanicus","10.1073/pnas.2209821120",2022,"Birds","South America","Temperature","C","adult","fecundity",0.000193829654117069,4,3,12,0,0
"Spheniscus magellanicus","10.1073/pnas.2209821120",2022,"Birds","South America","Temperature","C","adult","fecundity",0.000198709407548553,4,3,12,0,0
"Spheniscus magellanicus","10.1073/pnas.2209821120",2022,"Birds","South America","Temperature","C","adult","fecundity",0.000205720554924485,4,3,12,0,0
"Spheniscus magellanicus","10.1073/pnas.2209821120",2022,"Birds","South America","Temperature","C","adult","fecundity",0.00019871994479941,4,3,12,0,0
"Spheniscus magellanicus","10.1073/pnas.2209821120",2022,"Birds","South America","Temperature","C","adult","fecundity",0.000199129765945001,4,3,12,0,0
"Spheniscus magellanicus","10.1073/pnas.2209821120",2022,"Birds","South America","Temperature","C","adult","fecundity",0.000200957364296543,4,3,12,0,0
"Spheniscus magellanicus","10.1073/pnas.2209821120",2022,"Birds","South America","Temperature","C","adult","fecundity",0.00020174762845103,4,3,12,0,0
"Spheniscus magellanicus","10.1073/pnas.2209821120",2022,"Birds","South America","Temperature","C","adult","fecundity",0.000206877133343306,4,3,12,0,0
"Spheniscus magellanicus","10.1073/pnas.2209821120",2022,"Birds","South America","Temperature","C","adult","fecundity",0.000200253867079619,4,3,12,0,0
"Spheniscus magellanicus","10.1073/pnas.2209821120",2022,"Birds","South America","Temperature","C","adult","fecundity",0.000216423726125785,4,3,12,0,0
"Spheniscus magellanicus","10.1073/pnas.2209821120",2022,"Birds","South America","Temperature","C","adult","fecundity",0.000203130315305706,4,3,12,0,0
"Spheniscus magellanicus","10.1073/pnas.2209821120",2022,"Birds","South America","Temperature","C","adult","fecundity",0.000213562995942325,4,3,12,0,0
"Spheniscus magellanicus","10.1073/pnas.2209821120",2022,"Birds","South America","Temperature","C","adult","fecundity",0.000225976187434083,4,3,12,0,0
"Spheniscus magellanicus","10.1073/pnas.2209821120",2022,"Birds","South America","Temperature","C","adult","fecundity",0.000217635601222051,4,3,12,0,0
"Spheniscus magellanicus","10.1073/pnas.2209821120",2022,"Birds","South America","Temperature","C","adult","fecundity",0.000216433566733941,4,3,12,0,0
"Spheniscus magellanicus","10.1073/pnas.2209821120",2022,"Birds","South America","Temperature","C","adult","fecundity",0.000212350927834209,4,3,12,0,0
"Spheniscus magellanicus","10.1073/pnas.2209821120",2022,"Birds","South America","Temperature","C","adult","fecundity",0.000204769936623342,4,3,12,0,0
"Spheniscus magellanicus","10.1073/pnas.2209821120",2022,"Birds","South America","Temperature","C","adult","fecundity",0.000215966938282006,4,3,12,0,0
"Spheniscus magellanicus","10.1073/pnas.2209821120",2022,"Birds","South America","Temperature","C","adult","fecundity",0.000213222897074561,4,3,12,0,0
"Spheniscus magellanicus","10.1073/pnas.2209821120",2022,"Birds","South America","Temperature","C","adult","fecundity",0.000214815266793131,4,3,12,0,0
"Spheniscus magellanicus","10.1073/pnas.2209821120",2022,"Birds","South America","Temperature","C","adult","fecundity",0.000210227992960324,4,3,12,0,0
"Spheniscus magellanicus","10.1073/pnas.2209821120",2022,"Birds","South America","Temperature","C","adult","fecundity",0.000218528785075219,4,3,12,0,0
"Spheniscus magellanicus","10.1073/pnas.2209821120",2022,"Birds","South America","Temperature","C","adult","fecundity",0.000218547927578336,4,3,12,0,0
"Spheniscus magellanicus","10.1073/pnas.2209821120",2022,"Birds","South America","Temperature","C","adult","fecundity",0.000208957344051182,4,3,12,0,0
"Spheniscus magellanicus","10.1073/pnas.2209821120",2022,"Birds","South America","Temperature","C","adult","fecundity",0.000214216125534239,4,3,12,0,0
"Spheniscus magellanicus","10.1073/pnas.2209821120",2022,"Birds","South America","Temperature","C","adult","fecundity",0.000207117185502814,4,3,12,0,0
"Spheniscus magellanicus","10.1073/pnas.2209821120",2022,"Birds","South America","Temperature","C","adult","fecundity",0.000210103368316046,4,3,12,0,0
"Spheniscus magellanicus","10.1073/pnas.2209821120",2022,"Birds","South America","Temperature","C","adult","fecundity",0.000214624828170991,4,3,12,0,0
"Spheniscus magellanicus","10.1073/pnas.2209821120",2022,"Birds","South America","Temperature","C","adult","fecundity",0.000210335707635899,4,3,12,0,0
"Spheniscus magellanicus","10.1073/pnas.2209821120",2022,"Birds","South America","Temperature","C","adult","fecundity",0.000201157865636787,4,3,12,0,0
"Spheniscus magellanicus","10.1073/pnas.2209821120",2022,"Birds","South America","Temperature","C","adult","fecundity",0.000211686742123211,4,3,12,0,0
"Spheniscus magellanicus","10.1073/pnas.2209821120",2022,"Birds","South America","Temperature","C","adult","fecundity",0.000217226802495912,4,3,12,0,0
"Spheniscus magellanicus","10.1073/pnas.2209821120",2022,"Birds","South America","Temperature","C","adult","fecundity",0.000206668151382357,4,3,12,0,0
"Spheniscus magellanicus","10.1073/pnas.2209821120",2022,"Birds","South America","Temperature","C","adult","fecundity",0.000205265644964307,4,3,12,0,0
"Spheniscus magellanicus","10.1073/pnas.2209821120",2022,"Birds","South America","Temperature","C","adult","fecundity",0.000208046918589477,4,3,12,0,0
"Spheniscus magellanicus","10.1073/pnas.2209821120",2022,"Birds","South America","Temperature","C","adult","fecundity",0.000208159424656358,4,3,12,0,0
"Spheniscus magellanicus","10.1073/pnas.2209821120",2022,"Birds","South America","Temperature","C","adult","fecundity",0.000208484485658348,4,3,12,0,0
"Spheniscus magellanicus","10.1073/pnas.2209821120",2022,"Birds","South America","Temperature","C","adult","fecundity",0.000205268541581257,4,3,12,0,0
"Spheniscus magellanicus","10.1073/pnas.2209821120",2022,"Birds","South America","Temperature","C","adult","fecundity",0.000210441192623955,4,3,12,0,0
"Spheniscus magellanicus","10.1073/pnas.2209821120",2022,"Birds","South America","Temperature","C","adult","fecundity",0.000213239754508396,4,3,12,0,0
"Spheniscus magellanicus","10.1073/pnas.2209821120",2022,"Birds","South America","Temperature","C","adult","fecundity",0.000206678677550958,4,3,12,0,0
"Spheniscus magellanicus","10.1073/pnas.2209821120",2022,"Birds","South America","Temperature","C","adult","fecundity",0.000213239701024884,4,3,12,0,0
"Spheniscus magellanicus","10.1073/pnas.2209821120",2022,"Birds","South America","Temperature","C","adult","fecundity",0.000208917992281261,4,3,12,0,0
"Spheniscus magellanicus","10.1073/pnas.2209821120",2022,"Birds","South America","Temperature","C","adult","fecundity",0.000224438786594565,4,3,12,0,0
"Spheniscus magellanicus","10.1073/pnas.2209821120",2022,"Birds","South America","Temperature","C","adult","fecundity",0.000210813205530999,4,3,12,0,0
"Spheniscus magellanicus","10.1073/pnas.2209821120",2022,"Birds","South America","Temperature","C","adult","fecundity",0.00021889496602349,4,3,12,0,0
"Spheniscus magellanicus","10.1073/pnas.2209821120",2022,"Birds","South America","Temperature","C","adult","fecundity",0.000224094682107373,4,3,12,0,0
"Spheniscus magellanicus","10.1073/pnas.2209821120",2022,"Birds","South America","Temperature","C","adult","fecundity",0.000220705012886349,4,3,12,0,0
"Spheniscus magellanicus","10.1073/pnas.2209821120",2022,"Birds","South America","Temperature","C","adult","fecundity",0.000215154242931824,4,3,12,0,0
"Spheniscus magellanicus","10.1073/pnas.2209821120",2022,"Birds","South America","Temperature","C","adult","fecundity",0.000211297431033152,4,3,12,0,0
"Spheniscus magellanicus","10.1073/pnas.2209821120",2022,"Birds","South America","Temperature","C","adult","fecundity",0.000216573899516815,4,3,12,0,0
"Spheniscus magellanicus","10.1073/pnas.2209821120",2022,"Birds","South America","SSTA_b","C","juvenile","survival",0.00037290520657454,4,3,12,0,0
"Spheniscus magellanicus","10.1073/pnas.2209821120",2022,"Birds","South America","SSTA_b","C","juvenile","survival",0.000369447131994341,4,3,12,0,0
"Spheniscus magellanicus","10.1073/pnas.2209821120",2022,"Birds","South America","SSTA_b","C","juvenile","survival",0.000372747981137512,4,3,12,0,0
"Spheniscus magellanicus","10.1073/pnas.2209821120",2022,"Birds","South America","SSTA_b","C","juvenile","survival",0.000368419839974103,4,3,12,0,0
"Spheniscus magellanicus","10.1073/pnas.2209821120",2022,"Birds","South America","SSTA_b","C","juvenile","survival",0.000373154366310707,4,3,12,0,0
"Spheniscus magellanicus","10.1073/pnas.2209821120",2022,"Birds","South America","SSTA_b","C","juvenile","survival",0.000359427071308219,4,3,12,0,0
"Spheniscus magellanicus","10.1073/pnas.2209821120",2022,"Birds","South America","SSTA_b","C","juvenile","survival",0.000363267642374298,4,3,12,0,0
"Spheniscus magellanicus","10.1073/pnas.2209821120",2022,"Birds","South America","SSTA_b","C","juvenile","survival",0.000361690596613409,4,3,12,0,0
"Spheniscus magellanicus","10.1073/pnas.2209821120",2022,"Birds","South America","SSTA_b","C","juvenile","survival",0.00035736647049106,4,3,12,0,0
"Spheniscus magellanicus","10.1073/pnas.2209821120",2022,"Birds","South America","SSTA_b","C","juvenile","survival",0.000359228865391339,4,3,12,0,0
"Spheniscus magellanicus","10.1073/pnas.2209821120",2022,"Birds","South America","SSTA_b","C","juvenile","survival",0.000358551133764174,4,3,12,0,0
"Spheniscus magellanicus","10.1073/pnas.2209821120",2022,"Birds","South America","SSTA_b","C","juvenile","survival",0.000361317800557541,4,3,12,0,0
"Spheniscus magellanicus","10.1073/pnas.2209821120",2022,"Birds","South America","SSTA_b","C","juvenile","survival",0.000358722829692013,4,3,12,0,0
"Spheniscus magellanicus","10.1073/pnas.2209821120",2022,"Birds","South America","SSTA_b","C","juvenile","survival",0.000355275611181999,4,3,12,0,0
"Spheniscus magellanicus","10.1073/pnas.2209821120",2022,"Birds","South America","SSTA_b","C","juvenile","survival",0.00035806203360753,4,3,12,0,0
"Spheniscus magellanicus","10.1073/pnas.2209821120",2022,"Birds","South America","SSTA_b","C","juvenile","survival",0.000353413333990519,4,3,12,0,0
"Spheniscus magellanicus","10.1073/pnas.2209821120",2022,"Birds","South America","SSTA_b","C","juvenile","survival",0.000355275715854871,4,3,12,0,0
"Spheniscus magellanicus","10.1073/pnas.2209821120",2022,"Birds","South America","SSTA_b","C","juvenile","survival",0.000351579216229921,4,3,12,0,0
"Spheniscus magellanicus","10.1073/pnas.2209821120",2022,"Birds","South America","SSTA_b","C","juvenile","survival",0.000346327794678354,4,3,12,0,0
"Spheniscus magellanicus","10.1073/pnas.2209821120",2022,"Birds","South America","SSTA_b","C","juvenile","survival",0.000345032634440217,4,3,12,0,0
"Spheniscus magellanicus","10.1073/pnas.2209821120",2022,"Birds","South America","SSTA_b","C","juvenile","survival",0.000360094518123576,4,3,12,0,0
"Spheniscus magellanicus","10.1073/pnas.2209821120",2022,"Birds","South America","SSTA_b","C","juvenile","survival",0.000350069627611627,4,3,12,0,0
"Spheniscus magellanicus","10.1073/pnas.2209821120",2022,"Birds","South America","SSTA_b","C","juvenile","survival",0.000365396945025317,4,3,12,0,0
"Spheniscus magellanicus","10.1073/pnas.2209821120",2022,"Birds","South America","SSTA_b","C","juvenile","survival",0.000362993572913712,4,3,12,0,0
"Spheniscus magellanicus","10.1073/pnas.2209821120",2022,"Birds","South America","SSTA_b","C","juvenile","survival",0.000372469359178002,4,3,12,0,0
"Spheniscus magellanicus","10.1073/pnas.2209821120",2022,"Birds","South America","SSTA_b","C","juvenile","survival",0.000368273451199901,4,3,12,0,0
"Spheniscus magellanicus","10.1073/pnas.2209821120",2022,"Birds","South America","SSTA_b","C","juvenile","survival",0.000364969651654685,4,3,12,0,0
"Spheniscus magellanicus","10.1073/pnas.2209821120",2022,"Birds","South America","SSTA_b","C","juvenile","survival",0.00036696507044956,4,3,12,0,0
"Spheniscus magellanicus","10.1073/pnas.2209821120",2022,"Birds","South America","SSTA_b","C","juvenile","survival",0.000375472200352602,4,3,12,0,0
"Spheniscus magellanicus","10.1073/pnas.2209821120",2022,"Birds","South America","SSTA_b","C","juvenile","survival",0.000383645435499343,4,3,12,0,0
"Spheniscus magellanicus","10.1073/pnas.2209821120",2022,"Birds","South America","SSTA_b","C","juvenile","survival",0.00037187180178937,4,3,12,0,0
"Spheniscus magellanicus","10.1073/pnas.2209821120",2022,"Birds","South America","SSTA_b","C","juvenile","survival",0.000364772711878216,4,3,12,0,0
"Spheniscus magellanicus","10.1073/pnas.2209821120",2022,"Birds","South America","SSTA_b","C","juvenile","survival",0.000364344530066833,4,3,12,0,0
"Spheniscus magellanicus","10.1073/pnas.2209821120",2022,"Birds","South America","SSTA_b","C","juvenile","survival",0.000363106502648208,4,3,12,0,0
"Spheniscus magellanicus","10.1073/pnas.2209821120",2022,"Birds","South America","SSTA_b","C","juvenile","survival",0.000365787556406061,4,3,12,0,0
"Spheniscus magellanicus","10.1073/pnas.2209821120",2022,"Birds","South America","SSTA_b","C","juvenile","survival",0.000377195888824542,4,3,12,0,0
"Spheniscus magellanicus","10.1073/pnas.2209821120",2022,"Birds","South America","SSTA_b","C","juvenile","survival",0.000364049422931588,4,3,12,0,0
"Spheniscus magellanicus","10.1073/pnas.2209821120",2022,"Birds","South America","SSTA_b","C","juvenile","survival",0.000370029734862202,4,3,12,0,0
"Spheniscus magellanicus","10.1073/pnas.2209821120",2022,"Birds","South America","SSTA_b","C","juvenile","survival",0.000371925369057348,4,3,12,0,0
"Spheniscus magellanicus","10.1073/pnas.2209821120",2022,"Birds","South America","SSTA_b","C","juvenile","survival",0.000369567386845858,4,3,12,0,0
"Spheniscus magellanicus","10.1073/pnas.2209821120",2022,"Birds","South America","SSTA_b","C","juvenile","survival",0.000371125841242548,4,3,12,0,0
"Spheniscus magellanicus","10.1073/pnas.2209821120",2022,"Birds","South America","SSTA_b","C","juvenile","survival",0.000359965858901893,4,3,12,0,0
"Spheniscus magellanicus","10.1073/pnas.2209821120",2022,"Birds","South America","SSTA_b","C","juvenile","survival",0.00035836368485147,4,3,12,0,0
"Spheniscus magellanicus","10.1073/pnas.2209821120",2022,"Birds","South America","SSTA_b","C","juvenile","survival",0.000369303905939008,4,3,12,0,0
"Spheniscus magellanicus","10.1073/pnas.2209821120",2022,"Birds","South America","SSTA_b","C","juvenile","survival",0.000368897093450367,4,3,12,0,0
"Spheniscus magellanicus","10.1073/pnas.2209821120",2022,"Birds","South America","SSTA_b","C","juvenile","survival",0.000359851358445882,4,3,12,0,0
"Spheniscus magellanicus","10.1073/pnas.2209821120",2022,"Birds","South America","SSTA_b","C","juvenile","survival",0.00035892431372421,4,3,12,0,0
"Spheniscus magellanicus","10.1073/pnas.2209821120",2022,"Birds","South America","SSTA_b","C","juvenile","survival",0.000372249038077741,4,3,12,0,0
"Spheniscus magellanicus","10.1073/pnas.2209821120",2022,"Birds","South America","SSTA_b","C","juvenile","survival",0.000367828790842048,4,3,12,0,0
"Spheniscus magellanicus","10.1073/pnas.2209821120",2022,"Birds","South America","SSTA_b","C","juvenile","survival",0.000372744426645585,4,3,12,0,0
"Spheniscus magellanicus","10.1073/pnas.2209821120",2022,"Birds","South America","SSTA_b","C","juvenile","survival",0.000362046865803952,4,3,12,0,0
"Spheniscus magellanicus","10.1073/pnas.2209821120",2022,"Birds","South America","SSTA_b","C","juvenile","survival",0.000365534527514063,4,3,12,0,0
"Spheniscus magellanicus","10.1073/pnas.2209821120",2022,"Birds","South America","SSTA_b","C","juvenile","survival",0.000364240378458686,4,3,12,0,0
"Spheniscus magellanicus","10.1073/pnas.2209821120",2022,"Birds","South America","SSTA_b","C","juvenile","survival",0.000362462670745161,4,3,12,0,0
"Spheniscus magellanicus","10.1073/pnas.2209821120",2022,"Birds","South America","SSTA_b","C","juvenile","survival",0.000359554286886999,4,3,12,0,0
"Spheniscus magellanicus","10.1073/pnas.2209821120",2022,"Birds","South America","SSTA_b","C","juvenile","survival",0.000358763192731525,4,3,12,0,0
"Spheniscus magellanicus","10.1073/pnas.2209821120",2022,"Birds","South America","SSTA_b","C","juvenile","survival",0.000360957359440637,4,3,12,0,0
"Spheniscus magellanicus","10.1073/pnas.2209821120",2022,"Birds","South America","SSTA_b","C","juvenile","survival",0.000354249595298795,4,3,12,0,0
"Spheniscus magellanicus","10.1073/pnas.2209821120",2022,"Birds","South America","SSTA_b","C","juvenile","survival",0.000352885516079129,4,3,12,0,0
"Spheniscus magellanicus","10.1073/pnas.2209821120",2022,"Birds","South America","SSTA_b","C","juvenile","survival",0.000355999709795237,4,3,12,0,0
"Spheniscus magellanicus","10.1073/pnas.2209821120",2022,"Birds","South America","SSTA_b","C","juvenile","survival",0.000354932422266612,4,3,12,0,0
"Spheniscus magellanicus","10.1073/pnas.2209821120",2022,"Birds","South America","SSTA_b","C","juvenile","survival",0.000361805013906805,4,3,12,0,0
"Spheniscus magellanicus","10.1073/pnas.2209821120",2022,"Birds","South America","SSTA_b","C","juvenile","survival",0.000360454132123298,4,3,12,0,0
"Spheniscus magellanicus","10.1073/pnas.2209821120",2022,"Birds","South America","SSTA_b","C","juvenile","survival",0.00035094120315936,4,3,12,0,0
"Spheniscus magellanicus","10.1073/pnas.2209821120",2022,"Birds","South America","SSTA_b","C","juvenile","survival",0.000348329164352384,4,3,12,0,0
"Spheniscus magellanicus","10.1073/pnas.2209821120",2022,"Birds","South America","SSTA_b","C","juvenile","survival",0.000360328128052786,4,3,12,0,0
"Spheniscus magellanicus","10.1073/pnas.2209821120",2022,"Birds","South America","SSTA_b","C","juvenile","survival",0.000359783210370504,4,3,12,0,0
"Spheniscus magellanicus","10.1073/pnas.2209821120",2022,"Birds","South America","SSTA_b","C","juvenile","survival",0.000350597292677006,4,3,12,0,0
"Spheniscus magellanicus","10.1073/pnas.2209821120",2022,"Birds","South America","SSTA_b","C","juvenile","survival",0.000360706511068958,4,3,12,0,0
"Spheniscus magellanicus","10.1073/pnas.2209821120",2022,"Birds","South America","SSTA_b","C","juvenile","survival",0.000359636752538454,4,3,12,0,0
"Spheniscus magellanicus","10.1073/pnas.2209821120",2022,"Birds","South America","SSTA_b","C","juvenile","survival",0.000355860055610292,4,3,12,0,0
"Spheniscus magellanicus","10.1073/pnas.2209821120",2022,"Birds","South America","SSTA_b","C","juvenile","survival",0.000360416215382433,4,3,12,0,0
"Spheniscus magellanicus","10.1073/pnas.2209821120",2022,"Birds","South America","SSTA_b","C","juvenile","survival",0.000360056121315808,4,3,12,0,0
"Spheniscus magellanicus","10.1073/pnas.2209821120",2022,"Birds","South America","SSTA_b","C","juvenile","survival",0.000359523474496412,4,3,12,0,0
"Spheniscus magellanicus","10.1073/pnas.2209821120",2022,"Birds","South America","SSTA_b","C","juvenile","survival",0.000365042165429502,4,3,12,0,0
"Spheniscus magellanicus","10.1073/pnas.2209821120",2022,"Birds","South America","SSTA_b","C","juvenile","survival",0.000361109507574045,4,3,12,0,0
"Spheniscus magellanicus","10.1073/pnas.2209821120",2022,"Birds","South America","SSTA_b","C","juvenile","survival",0.000359131402405215,4,3,12,0,0
"Spheniscus magellanicus","10.1073/pnas.2209821120",2022,"Birds","South America","SSTA_b","C","juvenile","survival",0.000359607245111897,4,3,12,0,0
"Spheniscus magellanicus","10.1073/pnas.2209821120",2022,"Birds","South America","SSTA_b","C","juvenile","survival",0.000367076395086278,4,3,12,0,0
"Spheniscus magellanicus","10.1073/pnas.2209821120",2022,"Birds","South America","SSTA_b","C","juvenile","survival",0.000360395400372188,4,3,12,0,0
"Spheniscus magellanicus","10.1073/pnas.2209821120",2022,"Birds","South America","SSTA_b","C","juvenile","survival",0.000363153881603636,4,3,12,0,0
"Spheniscus magellanicus","10.1073/pnas.2209821120",2022,"Birds","South America","SSTA_b","C","juvenile","survival",0.000367446720349983,4,3,12,0,0
"Spheniscus magellanicus","10.1073/pnas.2209821120",2022,"Birds","South America","SSTA_b","C","juvenile","survival",0.000370245435509654,4,3,12,0,0
"Spheniscus magellanicus","10.1073/pnas.2209821120",2022,"Birds","South America","SSTA_b","C","juvenile","survival",0.000365088319692132,4,3,12,0,0
"Spheniscus magellanicus","10.1073/pnas.2209821120",2022,"Birds","South America","SSTA_b","C","juvenile","survival",0.000372674561935323,4,3,12,0,0
"Spheniscus magellanicus","10.1073/pnas.2209821120",2022,"Birds","South America","SSTA_b","C","juvenile","survival",0.000370365158858014,4,3,12,0,0
"Spheniscus magellanicus","10.1073/pnas.2209821120",2022,"Birds","South America","SSTA_b","C","juvenile","survival",0.000375878100246524,4,3,12,0,0
"Spheniscus magellanicus","10.1073/pnas.2209821120",2022,"Birds","South America","SSTA_b","C","juvenile","survival",0.000365803656979288,4,3,12,0,0
"Spheniscus magellanicus","10.1073/pnas.2209821120",2022,"Birds","South America","SSTA_b","C","juvenile","survival",0.000373036172346105,4,3,12,0,0
"Spheniscus magellanicus","10.1073/pnas.2209821120",2022,"Birds","South America","SSTA_b","C","juvenile","survival",0.000371968293641828,4,3,12,0,0
"Spheniscus magellanicus","10.1073/pnas.2209821120",2022,"Birds","South America","SSTA_b","C","juvenile","survival",0.000375572259164748,4,3,12,0,0
"Spheniscus magellanicus","10.1073/pnas.2209821120",2022,"Birds","South America","SSTA_b","C","juvenile","survival",0.000381329011196437,4,3,12,0,0
"Spheniscus magellanicus","10.1073/pnas.2209821120",2022,"Birds","South America","SSTA_b","C","juvenile","survival",0.000380201273756798,4,3,12,0,0
"Spheniscus magellanicus","10.1073/pnas.2209821120",2022,"Birds","South America","SSTA_b","C","juvenile","survival",0.000379343670070827,4,3,12,0,0
"Spheniscus magellanicus","10.1073/pnas.2209821120",2022,"Birds","South America","SSTA_b","C","juvenile","survival",0.000377736327998053,4,3,12,0,0
"Spheniscus magellanicus","10.1073/pnas.2209821120",2022,"Birds","South America","SSTA_b","C","juvenile","survival",0.000387756683632619,4,3,12,0,0
"Spheniscus magellanicus","10.1073/pnas.2209821120",2022,"Birds","South America","SSTA_b","C","juvenile","survival",0.000384976385904429,4,3,12,0,0
"Spheniscus magellanicus","10.1073/pnas.2209821120",2022,"Birds","South America","SSTA_b","C","juvenile","survival",0.000377633325248694,4,3,12,0,0
"Spheniscus magellanicus","10.1073/pnas.2209821120",2022,"Birds","South America","SSTA_b","C","juvenile","survival",0.000381903066783606,4,3,12,0,0
"Spheniscus magellanicus","10.1073/pnas.2209821120",2022,"Birds","South America","SSTA_b","C","juvenile","survival",0.00038371996859649,4,3,12,0,0
