"study.doi","year.of.publication","group","species","continent","driver","driver.type","stage.age","vital.rates","sens","cov","mat","n.vr","n.pam","dens","biotic_interactions","lambda.sim","study.length"
"10.1111/gcb.14773",2019,"Birds","Branta leucopsis","Europe","Temperature","C","adult","prop reproductive",0.000103110685205289,0,2,5,17,1,1,0,28
"10.1111/gcb.14773",2019,"Birds","Branta leucopsis","Europe","Rain","C","adult","prop reproductive",0.000320501911665829,0,2,5,17,1,1,0,28
"10.1111/gcb.14773",2019,"Birds","Branta leucopsis","Europe","Rain","C","adult","prop fledging",0.000506754330391268,0,2,5,17,1,1,0,28
"10.1111/gcb.14773",2019,"Birds","Branta leucopsis","Europe","Temperature","C","fledgling","survival",0.00553006930097743,0,2,5,17,1,1,0,28
"10.1111/gcb.14773",2019,"Birds","Branta leucopsis","Europe","Temperature","C","adult","survival",0.0540347618417671,0,2,5,17,1,1,0,28
"10.1111/gcb.14773",2019,"Birds","Branta leucopsis","Europe","Temperature","C","adult","prop reproductive",2.70607175958028e-07,0,2,5,17,1,1,0,28
"10.1111/gcb.14773",2019,"Birds","Branta leucopsis","Europe","Rain","C","adult","prop reproductive",2.3269927983353e-07,0,2,5,17,1,1,0,28
"10.1111/gcb.14773",2019,"Birds","Branta leucopsis","Europe","Rain","C","adult","prop fledging",8.27940358321476e-07,0,2,5,17,1,1,0,28
"10.1111/gcb.14773",2019,"Birds","Branta leucopsis","Europe","Temperature","C","fledgling","survival",0.000112910366380937,0,2,5,17,1,1,0,28
"10.1111/gcb.14773",2019,"Birds","Branta leucopsis","Europe","Temperature","C","adult","survival",0.000470861080801955,0,2,5,17,1,1,0,28
"10.1111/gcb.14773",2019,"Birds","Branta leucopsis","Europe","Temperature","C","adult","prop reproductive",4.58135424520844e-05,0,2,5,17,1,1,0,28
"10.1111/gcb.14773",2019,"Birds","Branta leucopsis","Europe","Rain","C","adult","prop reproductive",6.50497878943203e-05,0,2,5,17,1,1,0,28
"10.1111/gcb.14773",2019,"Birds","Branta leucopsis","Europe","Rain","C","adult","prop fledging",0.000143651676779806,0,2,5,17,1,1,0,28
"10.1111/gcb.14773",2019,"Birds","Branta leucopsis","Europe","Temperature","C","fledgling","survival",0.00088807999352711,0,2,5,17,1,1,0,28
"10.1111/gcb.14773",2019,"Birds","Branta leucopsis","Europe","Temperature","C","adult","survival",0.251926501514689,0,2,5,17,1,1,0,28
"10.1111/gcb.14773",2019,"Birds","Branta leucopsis","Europe","Temperature","C","adult","prop reproductive",1.69370371775214e-08,0,2,5,17,1,1,0,28
"10.1111/gcb.14773",2019,"Birds","Branta leucopsis","Europe","Rain","C","adult","prop reproductive",1.51900943896533e-08,0,2,5,17,1,1,0,28
"10.1111/gcb.14773",2019,"Birds","Branta leucopsis","Europe","Rain","C","adult","prop fledging",6.71606468167263e-08,0,2,5,17,1,1,0,28
"10.1111/gcb.14773",2019,"Birds","Branta leucopsis","Europe","Temperature","C","fledgling","survival",0.0396079561932916,0,2,5,17,1,1,0,28
"10.1111/gcb.14773",2019,"Birds","Branta leucopsis","Europe","Temperature","C","adult","survival",0.174817391999078,0,2,5,17,1,1,0,28
"10.1111/gcb.14773",2019,"Birds","Branta leucopsis","Europe","Temperature","C","adult","prop reproductive",0.000492991235539808,0,2,5,17,1,1,0,28
"10.1111/gcb.14773",2019,"Birds","Branta leucopsis","Europe","Rain","C","adult","prop reproductive",0.00214803705948669,0,2,5,17,1,1,0,28
"10.1111/gcb.14773",2019,"Birds","Branta leucopsis","Europe","Rain","C","adult","prop fledging",0.00522560188569701,0,2,5,17,1,1,0,28
"10.1111/gcb.14773",2019,"Birds","Branta leucopsis","Europe","Temperature","C","fledgling","survival",0.00451248710124201,0,2,5,17,1,1,0,28
"10.1111/gcb.14773",2019,"Birds","Branta leucopsis","Europe","Temperature","C","adult","survival",0.315571680241106,0,2,5,17,1,1,0,28
"10.1111/gcb.14773",2019,"Birds","Branta leucopsis","Europe","Temperature","C","adult","prop reproductive",0.00704865075007231,0,2,5,17,1,1,0,28
"10.1111/gcb.14773",2019,"Birds","Branta leucopsis","Europe","Rain","C","adult","prop reproductive",0.0624960503120614,0,2,5,17,1,1,0,28
"10.1111/gcb.14773",2019,"Birds","Branta leucopsis","Europe","Rain","C","adult","prop fledging",0.0924715203692764,0,2,5,17,1,1,0,28
"10.1111/gcb.14773",2019,"Birds","Branta leucopsis","Europe","Temperature","C","fledgling","survival",0.0567055479796299,0,2,5,17,1,1,0,28
"10.1111/gcb.14773",2019,"Birds","Branta leucopsis","Europe","Temperature","C","adult","survival",0.306355914084169,0,2,5,17,1,1,0,28
"10.1111/gcb.14773",2019,"Birds","Branta leucopsis","Europe","Temperature","C","adult","prop reproductive",0.00103783247526609,0,2,5,17,1,1,0,28
"10.1111/gcb.14773",2019,"Birds","Branta leucopsis","Europe","Rain","C","adult","prop reproductive",0.0207429666539651,0,2,5,17,1,1,0,28
"10.1111/gcb.14773",2019,"Birds","Branta leucopsis","Europe","Rain","C","adult","prop fledging",0.0333059196785694,0,2,5,17,1,1,0,28
"10.1111/gcb.14773",2019,"Birds","Branta leucopsis","Europe","Temperature","C","fledgling","survival",0.0570956214150416,0,2,5,17,1,1,0,28
"10.1111/gcb.14773",2019,"Birds","Branta leucopsis","Europe","Temperature","C","adult","survival",0.268117365456216,0,2,5,17,1,1,0,28
"10.1111/gcb.14773",2019,"Birds","Branta leucopsis","Europe","Temperature","C","adult","prop reproductive",0.000170471041932644,0,2,5,17,1,1,0,28
"10.1111/gcb.14773",2019,"Birds","Branta leucopsis","Europe","Rain","C","adult","prop reproductive",0.00199257364844243,0,2,5,17,1,1,0,28
"10.1111/gcb.14773",2019,"Birds","Branta leucopsis","Europe","Rain","C","adult","prop fledging",0.00264017829348673,0,2,5,17,1,1,0,28
"10.1111/gcb.14773",2019,"Birds","Branta leucopsis","Europe","Temperature","C","fledgling","survival",5.2907397482098e-07,0,2,5,17,1,1,0,28
"10.1111/gcb.14773",2019,"Birds","Branta leucopsis","Europe","Temperature","C","adult","survival",0.303153964975138,0,2,5,17,1,1,0,28
"10.1111/gcb.14773",2019,"Birds","Branta leucopsis","Europe","Temperature","C","adult","prop reproductive",0.0010993875146805,0,2,5,17,1,1,0,28
"10.1111/gcb.14773",2019,"Birds","Branta leucopsis","Europe","Rain","C","adult","prop reproductive",0.00720755973766208,0,2,5,17,1,1,0,28
"10.1111/gcb.14773",2019,"Birds","Branta leucopsis","Europe","Rain","C","adult","prop fledging",0.0155126948352952,0,2,5,17,1,1,0,28
"10.1111/gcb.14773",2019,"Birds","Branta leucopsis","Europe","Temperature","C","fledgling","survival",2.55723867883086e-06,0,2,5,17,1,1,0,28
"10.1111/gcb.14773",2019,"Birds","Branta leucopsis","Europe","Temperature","C","adult","survival",0.318356803846808,0,2,5,17,1,1,0,28
"10.1111/gcb.14773",2019,"Birds","Branta leucopsis","Europe","Temperature","C","adult","prop reproductive",0.0112494674222445,0,2,5,17,1,1,0,28
"10.1111/gcb.14773",2019,"Birds","Branta leucopsis","Europe","Rain","C","adult","prop reproductive",0.0588502227855548,0,2,5,17,1,1,0,28
"10.1111/gcb.14773",2019,"Birds","Branta leucopsis","Europe","Rain","C","adult","prop fledging",0.113845918430954,0,2,5,17,1,1,0,28
"10.1111/gcb.14773",2019,"Birds","Branta leucopsis","Europe","Temperature","C","fledgling","survival",0.0102744118900692,0,2,5,17,1,1,0,28
"10.1111/gcb.14773",2019,"Birds","Branta leucopsis","Europe","Temperature","C","adult","survival",0.323771999892844,0,2,5,17,1,1,0,28
"10.1111/gcb.14773",2019,"Birds","Branta leucopsis","Europe","Temperature","C","adult","prop reproductive",0.00264517496089503,0,2,5,17,1,1,0,28
"10.1111/gcb.14773",2019,"Birds","Branta leucopsis","Europe","Rain","C","adult","prop reproductive",0.0710668635627625,0,2,5,17,1,1,0,28
"10.1111/gcb.14773",2019,"Birds","Branta leucopsis","Europe","Rain","C","adult","prop fledging",0.0819050695591159,0,2,5,17,1,1,0,28
"10.1111/gcb.14773",2019,"Birds","Branta leucopsis","Europe","Temperature","C","fledgling","survival",0.0015245422498873,0,2,5,17,1,1,0,28
"10.1111/gcb.14773",2019,"Birds","Branta leucopsis","Europe","Temperature","C","adult","survival",0.035562068519961,0,2,5,17,1,1,0,28
"10.1111/gcb.14773",2019,"Birds","Branta leucopsis","Europe","Temperature","C","adult","prop reproductive",3.1946382076392e-05,0,2,5,17,1,1,0,28
"10.1111/gcb.14773",2019,"Birds","Branta leucopsis","Europe","Rain","C","adult","prop reproductive",3.80184124829276e-05,0,2,5,17,1,1,0,28
"10.1111/gcb.14773",2019,"Birds","Branta leucopsis","Europe","Rain","C","adult","prop fledging",9.49823111820315e-05,0,2,5,17,1,1,0,28
"10.1111/gcb.14773",2019,"Birds","Branta leucopsis","Europe","Temperature","C","fledgling","survival",0.00127783422043823,0,2,5,17,1,1,0,28
"10.1111/gcb.14773",2019,"Birds","Branta leucopsis","Europe","Temperature","C","adult","survival",0.249922705277671,0,2,5,17,1,1,0,28
"10.1111/gcb.14773",2019,"Birds","Branta leucopsis","Europe","Temperature","C","adult","prop reproductive",7.27158187653946e-06,0,2,5,17,1,1,0,28
"10.1111/gcb.14773",2019,"Birds","Branta leucopsis","Europe","Rain","C","adult","prop reproductive",2.33414291759808e-05,0,2,5,17,1,1,0,28
"10.1111/gcb.14773",2019,"Birds","Branta leucopsis","Europe","Rain","C","adult","prop fledging",3.80459728139689e-05,0,2,5,17,1,1,0,28
"10.1111/gcb.14773",2019,"Birds","Branta leucopsis","Europe","Temperature","C","fledgling","survival",4.16444346060671e-05,0,2,5,17,1,1,0,28
"10.1111/gcb.14773",2019,"Birds","Branta leucopsis","Europe","Temperature","C","adult","survival",0.305969170363948,0,2,5,17,1,1,0,28
"10.1111/gcb.14773",2019,"Birds","Branta leucopsis","Europe","Temperature","C","adult","prop reproductive",1.45031138928924e-07,0,2,5,17,1,1,0,28
"10.1111/gcb.14773",2019,"Birds","Branta leucopsis","Europe","Rain","C","adult","prop reproductive",3.58581771414132e-08,0,2,5,17,1,1,0,28
"10.1111/gcb.14773",2019,"Birds","Branta leucopsis","Europe","Rain","C","adult","prop fledging",2.82974890213074e-07,0,2,5,17,1,1,0,28
"10.1111/gcb.14773",2019,"Birds","Branta leucopsis","Europe","Temperature","C","fledgling","survival",6.44294961846342e-06,0,2,5,17,1,1,0,28
"10.1111/gcb.14773",2019,"Birds","Branta leucopsis","Europe","Temperature","C","adult","survival",0.249409044161452,0,2,5,17,1,1,0,28
"10.1111/gcb.14773",2019,"Birds","Branta leucopsis","Europe","Temperature","C","adult","prop reproductive",0.000455949448258636,0,2,5,17,1,1,0,28
"10.1111/gcb.14773",2019,"Birds","Branta leucopsis","Europe","Rain","C","adult","prop reproductive",0.0613910337573688,0,2,5,17,1,1,0,28
"10.1111/gcb.14773",2019,"Birds","Branta leucopsis","Europe","Rain","C","adult","prop fledging",0.0616299841941659,0,2,5,17,1,1,0,28
"10.1111/gcb.14773",2019,"Birds","Branta leucopsis","Europe","Temperature","C","fledgling","survival",0.0477341906493683,0,2,5,17,1,1,0,28
"10.1111/gcb.14773",2019,"Birds","Branta leucopsis","Europe","Temperature","C","adult","survival",0.282627562744889,0,2,5,17,1,1,0,28
"10.1111/gcb.14773",2019,"Birds","Branta leucopsis","Europe","Temperature","C","adult","prop reproductive",5.14092487738319e-05,0,2,5,17,1,1,0,28
"10.1111/gcb.14773",2019,"Birds","Branta leucopsis","Europe","Rain","C","adult","prop reproductive",0.000163225580470993,0,2,5,17,1,1,0,28
"10.1111/gcb.14773",2019,"Birds","Branta leucopsis","Europe","Rain","C","adult","prop fledging",0.000261785204933218,0,2,5,17,1,1,0,28
"10.1111/gcb.14773",2019,"Birds","Branta leucopsis","Europe","Temperature","C","fledgling","survival",0.000319852038517173,0,2,5,17,1,1,0,28
"10.1111/gcb.14773",2019,"Birds","Branta leucopsis","Europe","Temperature","C","adult","survival",0.234985458081656,0,2,5,17,1,1,0,28
"10.1111/gcb.14773",2019,"Birds","Branta leucopsis","Europe","Temperature","C","adult","prop reproductive",3.19230554213781e-06,0,2,5,17,1,1,0,28
"10.1111/gcb.14773",2019,"Birds","Branta leucopsis","Europe","Rain","C","adult","prop reproductive",4.9294588160531e-06,0,2,5,17,1,1,0,28
"10.1111/gcb.14773",2019,"Birds","Branta leucopsis","Europe","Rain","C","adult","prop fledging",1.11570056657061e-05,0,2,5,17,1,1,0,28
"10.1111/gcb.14773",2019,"Birds","Branta leucopsis","Europe","Temperature","C","fledgling","survival",0.00412894082657083,0,2,5,17,1,1,0,28
"10.1111/gcb.14773",2019,"Birds","Branta leucopsis","Europe","Temperature","C","adult","survival",0.249319254614716,0,2,5,17,1,1,0,28
"10.1111/gcb.14773",2019,"Birds","Branta leucopsis","Europe","Temperature","C","adult","prop reproductive",0.00130338120569725,0,2,5,17,1,1,0,28
"10.1111/gcb.14773",2019,"Birds","Branta leucopsis","Europe","Rain","C","adult","prop reproductive",0.0886051773170923,0,2,5,17,1,1,0,28
"10.1111/gcb.14773",2019,"Birds","Branta leucopsis","Europe","Rain","C","adult","prop fledging",0.0858072873112455,0,2,5,17,1,1,0,28
"10.1111/gcb.14773",2019,"Birds","Branta leucopsis","Europe","Temperature","C","fledgling","survival",0.087023597301481,0,2,5,17,1,1,0,28
"10.1111/gcb.14773",2019,"Birds","Branta leucopsis","Europe","Temperature","C","adult","survival",0.336419085823393,0,2,5,17,1,1,0,28
"10.1111/gcb.14773",2019,"Birds","Branta leucopsis","Europe","Temperature","C","adult","prop reproductive",0.000655006194323838,0,2,5,17,1,1,0,28
"10.1111/gcb.14773",2019,"Birds","Branta leucopsis","Europe","Rain","C","adult","prop reproductive",0.00128639063464484,0,2,5,17,1,1,0,28
"10.1111/gcb.14773",2019,"Birds","Branta leucopsis","Europe","Rain","C","adult","prop fledging",0.00313036483524608,0,2,5,17,1,1,0,28
"10.1111/gcb.14773",2019,"Birds","Branta leucopsis","Europe","Temperature","C","fledgling","survival",0.00525397047236634,0,2,5,17,1,1,0,28
"10.1111/gcb.14773",2019,"Birds","Branta leucopsis","Europe","Temperature","C","adult","survival",0.255318514279981,0,2,5,17,1,1,0,28
"10.1111/gcb.14773",2019,"Birds","Branta leucopsis","Europe","Temperature","C","adult","prop reproductive",0.0193969937911625,0,2,5,17,1,1,0,28
"10.1111/gcb.14773",2019,"Birds","Branta leucopsis","Europe","Rain","C","adult","prop reproductive",0.0773825859353911,0,2,5,17,1,1,0,28
"10.1111/gcb.14773",2019,"Birds","Branta leucopsis","Europe","Rain","C","adult","prop fledging",0.10539628568879,0,2,5,17,1,1,0,28
"10.1111/gcb.14773",2019,"Birds","Branta leucopsis","Europe","Temperature","C","fledgling","survival",0.0685748287267847,0,2,5,17,1,1,0,28
"10.1111/gcb.14773",2019,"Birds","Branta leucopsis","Europe","Temperature","C","adult","survival",0.305390026669613,0,2,5,17,1,1,0,28
"10.1111/gcb.14773",2019,"Birds","Branta leucopsis","Europe","Temperature","C","adult","prop reproductive",0.00678172368186034,0,2,5,17,1,1,0,28
"10.1111/gcb.14773",2019,"Birds","Branta leucopsis","Europe","Rain","C","adult","prop reproductive",0.0631392357155582,0,2,5,17,1,1,0,28
"10.1111/gcb.14773",2019,"Birds","Branta leucopsis","Europe","Rain","C","adult","prop fledging",0.0856157274644428,0,2,5,17,1,1,0,28
"10.1111/gcb.14773",2019,"Birds","Branta leucopsis","Europe","Temperature","C","fledgling","survival",0.0572605991550862,0,2,5,17,1,1,0,28
"10.1111/gcb.14773",2019,"Birds","Branta leucopsis","Europe","Temperature","C","adult","survival",8.66211929065335e-05,0,2,5,17,1,1,0,28
"10.1111/gcb.14773",2019,"Birds","Branta leucopsis","Europe","Temperature","C","adult","prop reproductive",0.00967786838610564,0,2,5,17,1,1,0,28
"10.1111/gcb.14773",2019,"Birds","Branta leucopsis","Europe","Rain","C","adult","prop reproductive",0.0636819030949017,0,2,5,17,1,1,0,28
"10.1111/gcb.14773",2019,"Birds","Branta leucopsis","Europe","Rain","C","adult","prop fledging",0.120883474052353,0,2,5,17,1,1,0,28
"10.1111/gcb.14773",2019,"Birds","Branta leucopsis","Europe","Temperature","C","fledgling","survival",0.0767850778838199,0,2,5,17,1,1,0,28
"10.1111/gcb.14773",2019,"Birds","Branta leucopsis","Europe","Temperature","C","adult","survival",0.326202435693731,0,2,5,17,1,1,0,28
"10.1111/gcb.14773",2019,"Birds","Branta leucopsis","Europe","Temperature","C","adult","prop reproductive",2.83386521871113e-06,0,2,5,17,1,1,0,28
"10.1111/gcb.14773",2019,"Birds","Branta leucopsis","Europe","Rain","C","adult","prop reproductive",1.58829845128705e-06,0,2,5,17,1,1,0,28
"10.1111/gcb.14773",2019,"Birds","Branta leucopsis","Europe","Rain","C","adult","prop fledging",6.18013622038108e-06,0,2,5,17,1,1,0,28
"10.1111/gcb.14773",2019,"Birds","Branta leucopsis","Europe","Temperature","C","fledgling","survival",4.8986394718726e-05,0,2,5,17,1,1,0,28
"10.1111/gcb.14773",2019,"Birds","Branta leucopsis","Europe","Temperature","C","adult","survival",0.249393701242332,0,2,5,17,1,1,0,28
"10.1111/gcb.14773",2019,"Birds","Branta leucopsis","Europe","Temperature","C","adult","prop reproductive",0.0010917069974929,0,2,5,17,1,1,0,28
"10.1111/gcb.14773",2019,"Birds","Branta leucopsis","Europe","Rain","C","adult","prop reproductive",0.0124006801223447,0,2,5,17,1,1,0,28
"10.1111/gcb.14773",2019,"Birds","Branta leucopsis","Europe","Rain","C","adult","prop fledging",0.0190638918587303,0,2,5,17,1,1,0,28
"10.1111/gcb.14773",2019,"Birds","Branta leucopsis","Europe","Temperature","C","fledgling","survival",0.0178636791706065,0,2,5,17,1,1,0,28
"10.1111/gcb.14773",2019,"Birds","Branta leucopsis","Europe","Temperature","C","adult","survival",0.162230445162023,0,2,5,17,1,1,0,28
"10.1111/gcb.14773",2019,"Birds","Branta leucopsis","Europe","Temperature","C","adult","prop reproductive",1.31602882749821e-05,0,2,5,17,1,1,0,28
"10.1111/gcb.14773",2019,"Birds","Branta leucopsis","Europe","Rain","C","adult","prop reproductive",2.98130285503079e-05,0,2,5,17,1,1,0,28
"10.1111/gcb.14773",2019,"Birds","Branta leucopsis","Europe","Rain","C","adult","prop fledging",7.57613373235898e-05,0,2,5,17,1,1,0,28
"10.1111/gcb.14773",2019,"Birds","Branta leucopsis","Europe","Temperature","C","fledgling","survival",1.87211662163887e-07,0,2,5,17,1,1,0,28
"10.1111/gcb.14773",2019,"Birds","Branta leucopsis","Europe","Temperature","C","adult","survival",0.327470074652592,0,2,5,17,1,1,0,28
"10.1111/gcb.14773",2019,"Birds","Branta leucopsis","Europe","Temperature","C","adult","prop reproductive",0.0108669879799475,0,2,5,17,1,1,0,28
"10.1111/gcb.14773",2019,"Birds","Branta leucopsis","Europe","Rain","C","adult","prop reproductive",0.0515101455558012,0,2,5,17,1,1,0,28
"10.1111/gcb.14773",2019,"Birds","Branta leucopsis","Europe","Rain","C","adult","prop fledging",0.0676568556738331,0,2,5,17,1,1,0,28
"10.1111/gcb.14773",2019,"Birds","Branta leucopsis","Europe","Temperature","C","fledgling","survival",0.0676475380866987,0,2,5,17,1,1,0,28
"10.1111/gcb.14773",2019,"Birds","Branta leucopsis","Europe","Temperature","C","adult","survival",0.307405513218425,0,2,5,17,1,1,0,28
"10.1111/gcb.14773",2019,"Birds","Branta leucopsis","Europe","Temperature","C","adult","prop reproductive",1.12686704422484e-05,0,2,5,17,1,1,0,28
"10.1111/gcb.14773",2019,"Birds","Branta leucopsis","Europe","Rain","C","adult","prop reproductive",0.00237055753632698,0,2,5,17,1,1,0,28
"10.1111/gcb.14773",2019,"Birds","Branta leucopsis","Europe","Rain","C","adult","prop fledging",0.00455242017751257,0,2,5,17,1,1,0,28
"10.1111/gcb.14773",2019,"Birds","Branta leucopsis","Europe","Temperature","C","fledgling","survival",0.00360258716746157,0,2,5,17,1,1,0,28
"10.1111/gcb.14773",2019,"Birds","Branta leucopsis","Europe","Temperature","C","adult","survival",0.31878926051499,0,2,5,17,1,1,0,28
"10.1111/gcb.14773",2019,"Birds","Branta leucopsis","Europe","Temperature","C","adult","prop reproductive",1.16321773388722e-05,0,2,5,17,1,1,0,28
"10.1111/gcb.14773",2019,"Birds","Branta leucopsis","Europe","Rain","C","adult","prop reproductive",4.83948772628345e-05,0,2,5,17,1,1,0,28
"10.1111/gcb.14773",2019,"Birds","Branta leucopsis","Europe","Rain","C","adult","prop fledging",8.79589290508477e-05,0,2,5,17,1,1,0,28
"10.1111/gcb.14773",2019,"Birds","Branta leucopsis","Europe","Temperature","C","fledgling","survival",3.21448884736678e-08,0,2,5,17,1,1,0,28
"10.1111/gcb.14773",2019,"Birds","Branta leucopsis","Europe","Temperature","C","adult","survival",0.0136319669003518,0,2,5,17,1,1,0,28
"10.1111/gcb.14773",2019,"Birds","Branta leucopsis","Europe","Temperature","C","adult","prop reproductive",1.4149390974721e-06,0,2,5,17,1,1,0,28
"10.1111/gcb.14773",2019,"Birds","Branta leucopsis","Europe","Rain","C","adult","prop reproductive",3.37240442743773e-06,0,2,5,17,1,1,0,28
"10.1111/gcb.14773",2019,"Birds","Branta leucopsis","Europe","Rain","C","adult","prop fledging",5.38359327557279e-06,0,2,5,17,1,1,0,28
"10.1111/gcb.14773",2019,"Birds","Branta leucopsis","Europe","Temperature","C","fledgling","survival",0.0184789835973328,0,2,5,17,1,1,0,28
"10.1111/gcb.14773",2019,"Birds","Branta leucopsis","Europe","Temperature","C","adult","survival",0.0370421191408873,0,2,5,17,1,1,0,28
"10.1111/gcb.14773",2019,"Birds","Branta leucopsis","Europe","Temperature","C","adult","prop reproductive",0.00381499722219169,0,2,5,17,1,1,0,28
"10.1111/gcb.14773",2019,"Birds","Branta leucopsis","Europe","Rain","C","adult","prop reproductive",0.0791617064571538,0,2,5,17,1,1,0,28
"10.1111/gcb.14773",2019,"Birds","Branta leucopsis","Europe","Rain","C","adult","prop fledging",0.104378763760221,0,2,5,17,1,1,0,28
"10.1111/gcb.14773",2019,"Birds","Branta leucopsis","Europe","Temperature","C","fledgling","survival",1.61255485521837e-05,0,2,5,17,1,1,0,28
"10.1111/gcb.14773",2019,"Birds","Branta leucopsis","Europe","Temperature","C","adult","survival",0.28366962614814,0,2,5,17,1,1,0,28
"10.1111/gcb.14773",2019,"Birds","Branta leucopsis","Europe","Temperature","C","adult","prop reproductive",6.73743997904022e-05,0,2,5,17,1,1,0,28
"10.1111/gcb.14773",2019,"Birds","Branta leucopsis","Europe","Rain","C","adult","prop reproductive",0.000448178843560822,0,2,5,17,1,1,0,28
"10.1111/gcb.14773",2019,"Birds","Branta leucopsis","Europe","Rain","C","adult","prop fledging",0.00102788091516815,0,2,5,17,1,1,0,28
"10.1111/gcb.14773",2019,"Birds","Branta leucopsis","Europe","Temperature","C","fledgling","survival",0.0133861392884017,0,2,5,17,1,1,0,28
"10.1111/gcb.14773",2019,"Birds","Branta leucopsis","Europe","Temperature","C","adult","survival",0.00217724273219226,0,2,5,17,1,1,0,28
"10.1111/gcb.14773",2019,"Birds","Branta leucopsis","Europe","Temperature","C","adult","prop reproductive",0.0137802173080219,0,2,5,17,1,1,0,28
"10.1111/gcb.14773",2019,"Birds","Branta leucopsis","Europe","Rain","C","adult","prop reproductive",0.0396303339821528,0,2,5,17,1,1,0,28
"10.1111/gcb.14773",2019,"Birds","Branta leucopsis","Europe","Rain","C","adult","prop fledging",0.0737037735999322,0,2,5,17,1,1,0,28
"10.1111/gcb.14773",2019,"Birds","Branta leucopsis","Europe","Temperature","C","fledgling","survival",0.0628969239159858,0,2,5,17,1,1,0,28
"10.1111/gcb.14773",2019,"Birds","Branta leucopsis","Europe","Temperature","C","adult","survival",0.326318057039454,0,2,5,17,1,1,0,28
"10.1111/gcb.14773",2019,"Birds","Branta leucopsis","Europe","Temperature","C","adult","prop reproductive",4.03113272488609e-05,0,2,5,17,1,1,0,28
"10.1111/gcb.14773",2019,"Birds","Branta leucopsis","Europe","Rain","C","adult","prop reproductive",0.000460602144743575,0,2,5,17,1,1,0,28
"10.1111/gcb.14773",2019,"Birds","Branta leucopsis","Europe","Rain","C","adult","prop fledging",0.000724703896121292,0,2,5,17,1,1,0,28
"10.1111/gcb.14773",2019,"Birds","Branta leucopsis","Europe","Temperature","C","fledgling","survival",0.0661455695428244,0,2,5,17,1,1,0,28
"10.1111/gcb.14773",2019,"Birds","Branta leucopsis","Europe","Temperature","C","adult","survival",0.246698207989905,0,2,5,17,1,1,0,28
"10.1111/gcb.14773",2019,"Birds","Branta leucopsis","Europe","Temperature","C","adult","prop reproductive",8.37950292810265e-11,0,2,5,17,1,1,0,28
"10.1111/gcb.14773",2019,"Birds","Branta leucopsis","Europe","Rain","C","adult","prop reproductive",4.46713055308887e-11,0,2,5,17,1,1,0,28
"10.1111/gcb.14773",2019,"Birds","Branta leucopsis","Europe","Rain","C","adult","prop fledging",2.4420260636459e-10,0,2,5,17,1,1,0,28
"10.1111/gcb.14773",2019,"Birds","Branta leucopsis","Europe","Temperature","C","fledgling","survival",2.54123211311877e-05,0,2,5,17,1,1,0,28
"10.1111/gcb.14773",2019,"Birds","Branta leucopsis","Europe","Temperature","C","adult","survival",0.247001809845187,0,2,5,17,1,1,0,28
"10.1111/gcb.14773",2019,"Birds","Branta leucopsis","Europe","Temperature","C","adult","prop reproductive",0.00371666521447988,0,2,5,17,1,1,0,28
"10.1111/gcb.14773",2019,"Birds","Branta leucopsis","Europe","Rain","C","adult","prop reproductive",0.0697333652492446,0,2,5,17,1,1,0,28
"10.1111/gcb.14773",2019,"Birds","Branta leucopsis","Europe","Rain","C","adult","prop fledging",0.0872286505867125,0,2,5,17,1,1,0,28
"10.1111/gcb.14773",2019,"Birds","Branta leucopsis","Europe","Temperature","C","fledgling","survival",0.0745767440213715,0,2,5,17,1,1,0,28
"10.1111/gcb.14773",2019,"Birds","Branta leucopsis","Europe","Temperature","C","adult","survival",0.328230978683043,0,2,5,17,1,1,0,28
"10.1111/gcb.14773",2019,"Birds","Branta leucopsis","Europe","Temperature","C","adult","prop reproductive",0.00201467735058746,0,2,5,17,1,1,0,28
"10.1111/gcb.14773",2019,"Birds","Branta leucopsis","Europe","Rain","C","adult","prop reproductive",0.0178384111331659,0,2,5,17,1,1,0,28
"10.1111/gcb.14773",2019,"Birds","Branta leucopsis","Europe","Rain","C","adult","prop fledging",0.0324792857875636,0,2,5,17,1,1,0,28
"10.1111/gcb.14773",2019,"Birds","Branta leucopsis","Europe","Temperature","C","fledgling","survival",0.0379458476487904,0,2,5,17,1,1,0,28
"10.1111/gcb.14773",2019,"Birds","Branta leucopsis","Europe","Temperature","C","adult","survival",0.27259176966111,0,2,5,17,1,1,0,28
"10.1111/gcb.14773",2019,"Birds","Branta leucopsis","Europe","Temperature","C","adult","prop reproductive",0.00966201365926671,0,2,5,17,1,1,0,28
"10.1111/gcb.14773",2019,"Birds","Branta leucopsis","Europe","Rain","C","adult","prop reproductive",0.0277647329939467,0,2,5,17,1,1,0,28
"10.1111/gcb.14773",2019,"Birds","Branta leucopsis","Europe","Rain","C","adult","prop fledging",0.05379935479925,0,2,5,17,1,1,0,28
"10.1111/gcb.14773",2019,"Birds","Branta leucopsis","Europe","Temperature","C","fledgling","survival",0.0536770582093318,0,2,5,17,1,1,0,28
"10.1111/gcb.14773",2019,"Birds","Branta leucopsis","Europe","Temperature","C","adult","survival",0.315296597466427,0,2,5,17,1,1,0,28
"10.1111/gcb.14773",2019,"Birds","Branta leucopsis","Europe","Temperature","C","adult","prop reproductive",7.23830152238559e-05,0,2,5,17,1,1,0,28
"10.1111/gcb.14773",2019,"Birds","Branta leucopsis","Europe","Rain","C","adult","prop reproductive",0.000251564975377902,0,2,5,17,1,1,0,28
"10.1111/gcb.14773",2019,"Birds","Branta leucopsis","Europe","Rain","C","adult","prop fledging",0.00035040977779482,0,2,5,17,1,1,0,28
"10.1111/gcb.14773",2019,"Birds","Branta leucopsis","Europe","Temperature","C","fledgling","survival",0.000435944806361394,0,2,5,17,1,1,0,28
"10.1111/gcb.14773",2019,"Birds","Branta leucopsis","Europe","Temperature","C","adult","survival",0.316542657556971,0,2,5,17,1,1,0,28
"10.1111/gcb.14773",2019,"Birds","Branta leucopsis","Europe","Temperature","C","adult","prop reproductive",0.000727546697187993,0,2,5,17,1,1,0,28
"10.1111/gcb.14773",2019,"Birds","Branta leucopsis","Europe","Rain","C","adult","prop reproductive",0.0223216898453237,0,2,5,17,1,1,0,28
"10.1111/gcb.14773",2019,"Birds","Branta leucopsis","Europe","Rain","C","adult","prop fledging",0.0304049467564773,0,2,5,17,1,1,0,28
"10.1111/gcb.14773",2019,"Birds","Branta leucopsis","Europe","Temperature","C","fledgling","survival",0.0403749908868986,0,2,5,17,1,1,0,28
"10.1111/gcb.14773",2019,"Birds","Branta leucopsis","Europe","Temperature","C","adult","survival",0.328437762965217,0,2,5,17,1,1,0,28
"10.1111/gcb.14773",2019,"Birds","Branta leucopsis","Europe","Temperature","C","adult","prop reproductive",3.33611713459532e-07,0,2,5,17,1,1,0,28
"10.1111/gcb.14773",2019,"Birds","Branta leucopsis","Europe","Rain","C","adult","prop reproductive",4.29231302696242e-06,0,2,5,17,1,1,0,28
"10.1111/gcb.14773",2019,"Birds","Branta leucopsis","Europe","Rain","C","adult","prop fledging",6.43572611328564e-06,0,2,5,17,1,1,0,28
"10.1111/gcb.14773",2019,"Birds","Branta leucopsis","Europe","Temperature","C","fledgling","survival",5.7228181392783e-06,0,2,5,17,1,1,0,28
"10.1111/gcb.14773",2019,"Birds","Branta leucopsis","Europe","Temperature","C","adult","survival",0.0307113939723387,0,2,5,17,1,1,0,28
"10.1111/gcb.14773",2019,"Birds","Branta leucopsis","Europe","Temperature","C","adult","prop reproductive",0.00267931139795422,0,2,5,17,1,1,0,28
"10.1111/gcb.14773",2019,"Birds","Branta leucopsis","Europe","Rain","C","adult","prop reproductive",0.0777629351500965,0,2,5,17,1,1,0,28
"10.1111/gcb.14773",2019,"Birds","Branta leucopsis","Europe","Rain","C","adult","prop fledging",0.113300796890658,0,2,5,17,1,1,0,28
"10.1111/gcb.14773",2019,"Birds","Branta leucopsis","Europe","Temperature","C","fledgling","survival",0.00590600269648756,0,2,5,17,1,1,0,28
"10.1111/gcb.14773",2019,"Birds","Branta leucopsis","Europe","Temperature","C","adult","survival",0.315926332268019,0,2,5,17,1,1,0,28
"10.1111/gcb.14773",2019,"Birds","Branta leucopsis","Europe","Temperature","C","adult","prop reproductive",0.0319505691526308,0,2,5,17,1,1,0,28
"10.1111/gcb.14773",2019,"Birds","Branta leucopsis","Europe","Rain","C","adult","prop reproductive",0.0752841083687099,0,2,5,17,1,1,0,28
"10.1111/gcb.14773",2019,"Birds","Branta leucopsis","Europe","Rain","C","adult","prop fledging",0.117194520958482,0,2,5,17,1,1,0,28
"10.1111/gcb.14773",2019,"Birds","Branta leucopsis","Europe","Temperature","C","fledgling","survival",9.68108107588871e-06,0,2,5,17,1,1,0,28
"10.1111/gcb.14773",2019,"Birds","Branta leucopsis","Europe","Temperature","C","adult","survival",0.329761097140032,0,2,5,17,1,1,0,28
"10.1111/gcb.14773",2019,"Birds","Branta leucopsis","Europe","Temperature","C","adult","prop reproductive",0.00045496211283584,0,2,5,17,1,1,0,28
"10.1111/gcb.14773",2019,"Birds","Branta leucopsis","Europe","Rain","C","adult","prop reproductive",0.00548480063899093,0,2,5,17,1,1,0,28
"10.1111/gcb.14773",2019,"Birds","Branta leucopsis","Europe","Rain","C","adult","prop fledging",0.00798902206137931,0,2,5,17,1,1,0,28
"10.1111/gcb.14773",2019,"Birds","Branta leucopsis","Europe","Temperature","C","fledgling","survival",0.00835945724152818,0,2,5,17,1,1,0,28
"10.1111/gcb.14773",2019,"Birds","Branta leucopsis","Europe","Temperature","C","adult","survival",0.0276244451766985,0,2,5,17,1,1,0,28
"10.1111/gcb.14773",2019,"Birds","Branta leucopsis","Europe","Temperature","C","adult","prop reproductive",0.000623060474032002,0,2,5,17,1,1,0,28
"10.1111/gcb.14773",2019,"Birds","Branta leucopsis","Europe","Rain","C","adult","prop reproductive",0.0020797786826606,0,2,5,17,1,1,0,28
"10.1111/gcb.14773",2019,"Birds","Branta leucopsis","Europe","Rain","C","adult","prop fledging",0.00337027883740412,0,2,5,17,1,1,0,28
"10.1111/gcb.14773",2019,"Birds","Branta leucopsis","Europe","Temperature","C","fledgling","survival",0.0297431977401696,0,2,5,17,1,1,0,28
"10.1111/gcb.14773",2019,"Birds","Branta leucopsis","Europe","Temperature","C","adult","survival",0.0902005902465267,0,2,5,17,1,1,0,28
"10.1111/gcb.14773",2019,"Birds","Branta leucopsis","Europe","Temperature","C","adult","prop reproductive",0.0118386016230655,0,2,5,17,1,1,0,28
"10.1111/gcb.14773",2019,"Birds","Branta leucopsis","Europe","Rain","C","adult","prop reproductive",0.0712055967931506,0,2,5,17,1,1,0,28
"10.1111/gcb.14773",2019,"Birds","Branta leucopsis","Europe","Rain","C","adult","prop fledging",0.103030277076492,0,2,5,17,1,1,0,28
"10.1111/gcb.14773",2019,"Birds","Branta leucopsis","Europe","Temperature","C","fledgling","survival",0.0700493554364466,0,2,5,17,1,1,0,28
"10.1111/gcb.14773",2019,"Birds","Branta leucopsis","Europe","Temperature","C","adult","survival",3.15788887256676e-05,0,2,5,17,1,1,0,28
"10.1111/gcb.14773",2019,"Birds","Branta leucopsis","Europe","Temperature","C","adult","prop reproductive",1.16919821411784e-06,0,2,5,17,1,1,0,28
"10.1111/gcb.14773",2019,"Birds","Branta leucopsis","Europe","Rain","C","adult","prop reproductive",4.16650316614956e-06,0,2,5,17,1,1,0,28
"10.1111/gcb.14773",2019,"Birds","Branta leucopsis","Europe","Rain","C","adult","prop fledging",7.49289816862489e-06,0,2,5,17,1,1,0,28
"10.1111/gcb.14773",2019,"Birds","Branta leucopsis","Europe","Temperature","C","fledgling","survival",7.24330420667118e-06,0,2,5,17,1,1,0,28
"10.1111/gcb.14773",2019,"Birds","Branta leucopsis","Europe","Temperature","C","adult","survival",0.00827593442055417,0,2,5,17,1,1,0,28
"10.1111/gcb.14773",2019,"Birds","Branta leucopsis","Europe","Temperature","C","adult","prop reproductive",7.01569722183462e-05,0,2,5,17,1,1,0,28
"10.1111/gcb.14773",2019,"Birds","Branta leucopsis","Europe","Rain","C","adult","prop reproductive",0.000333855333167591,0,2,5,17,1,1,0,28
"10.1111/gcb.14773",2019,"Birds","Branta leucopsis","Europe","Rain","C","adult","prop fledging",0.000536518721783697,0,2,5,17,1,1,0,28
"10.1111/gcb.14773",2019,"Birds","Branta leucopsis","Europe","Temperature","C","fledgling","survival",0.0743619991556035,0,2,5,17,1,1,0,28
"10.1111/gcb.14773",2019,"Birds","Branta leucopsis","Europe","Temperature","C","adult","survival",0.24971217412605,0,2,5,17,1,1,0,28
"10.1111/gcb.14773",2019,"Birds","Branta leucopsis","Europe","Temperature","C","adult","prop reproductive",7.67939647793853e-07,0,2,5,17,1,1,0,28
"10.1111/gcb.14773",2019,"Birds","Branta leucopsis","Europe","Rain","C","adult","prop reproductive",1.72652140820487e-06,0,2,5,17,1,1,0,28
"10.1111/gcb.14773",2019,"Birds","Branta leucopsis","Europe","Rain","C","adult","prop fledging",4.01519336264627e-06,0,2,5,17,1,1,0,28
"10.1111/gcb.14773",2019,"Birds","Branta leucopsis","Europe","Temperature","C","fledgling","survival",2.69007390791921e-05,0,2,5,17,1,1,0,28
"10.1111/gcb.14773",2019,"Birds","Branta leucopsis","Europe","Temperature","C","adult","survival",0.00838566950520748,0,2,5,17,1,1,0,28
"10.1111/gcb.14773",2019,"Birds","Branta leucopsis","Europe","Temperature","C","adult","prop reproductive",0.00886931913273308,0,2,5,17,1,1,0,28
"10.1111/gcb.14773",2019,"Birds","Branta leucopsis","Europe","Rain","C","adult","prop reproductive",0.0577271139478066,0,2,5,17,1,1,0,28
"10.1111/gcb.14773",2019,"Birds","Branta leucopsis","Europe","Rain","C","adult","prop fledging",0.0927201367804055,0,2,5,17,1,1,0,28
"10.1111/gcb.14773",2019,"Birds","Branta leucopsis","Europe","Temperature","C","fledgling","survival",0.0750970008080318,0,2,5,17,1,1,0,28
"10.1111/gcb.14773",2019,"Birds","Branta leucopsis","Europe","Temperature","C","adult","survival",0.312545160072317,0,2,5,17,1,1,0,28
"10.1111/gcb.14773",2019,"Birds","Branta leucopsis","Europe","Temperature","C","adult","prop reproductive",2.25521465170943e-09,0,2,5,17,1,1,0,28
"10.1111/gcb.14773",2019,"Birds","Branta leucopsis","Europe","Rain","C","adult","prop reproductive",2.20756528741391e-09,0,2,5,17,1,1,0,28
"10.1111/gcb.14773",2019,"Birds","Branta leucopsis","Europe","Rain","C","adult","prop fledging",6.95578004576271e-09,0,2,5,17,1,1,0,28
"10.1111/gcb.14773",2019,"Birds","Branta leucopsis","Europe","Temperature","C","fledgling","survival",6.23202807584336e-08,0,2,5,17,1,1,0,28
"10.1111/gcb.14773",2019,"Birds","Branta leucopsis","Europe","Temperature","C","adult","survival",0.249387564933573,0,2,5,17,1,1,0,28
"10.1111/gcb.14773",2019,"Birds","Branta leucopsis","Europe","Temperature","C","adult","prop reproductive",0.000151370182110957,0,2,5,17,1,1,0,28
"10.1111/gcb.14773",2019,"Birds","Branta leucopsis","Europe","Rain","C","adult","prop reproductive",0.000304291761471035,0,2,5,17,1,1,0,28
"10.1111/gcb.14773",2019,"Birds","Branta leucopsis","Europe","Rain","C","adult","prop fledging",0.000822112070105234,0,2,5,17,1,1,0,28
"10.1111/gcb.14773",2019,"Birds","Branta leucopsis","Europe","Temperature","C","fledgling","survival",0.0315548876836052,0,2,5,17,1,1,0,28
"10.1111/gcb.14773",2019,"Birds","Branta leucopsis","Europe","Temperature","C","adult","survival",0.248505073795476,0,2,5,17,1,1,0,28
"10.1111/gcb.14773",2019,"Birds","Branta leucopsis","Europe","Temperature","C","adult","prop reproductive",0.0202337545198751,0,2,5,17,1,1,0,28
"10.1111/gcb.14773",2019,"Birds","Branta leucopsis","Europe","Rain","C","adult","prop reproductive",0.0687456758349656,0,2,5,17,1,1,0,28
"10.1111/gcb.14773",2019,"Birds","Branta leucopsis","Europe","Rain","C","adult","prop fledging",0.0767978876184213,0,2,5,17,1,1,0,28
"10.1111/gcb.14773",2019,"Birds","Branta leucopsis","Europe","Temperature","C","fledgling","survival",0.00751773967652108,0,2,5,17,1,1,0,28
"10.1111/gcb.14773",2019,"Birds","Branta leucopsis","Europe","Temperature","C","adult","survival",0.308006420167492,0,2,5,17,1,1,0,28
"10.1111/gcb.14773",2019,"Birds","Branta leucopsis","Europe","Temperature","C","adult","prop reproductive",0.0011588820490504,0,2,5,17,1,1,0,28
"10.1111/gcb.14773",2019,"Birds","Branta leucopsis","Europe","Rain","C","adult","prop reproductive",0.00371555441081965,0,2,5,17,1,1,0,28
"10.1111/gcb.14773",2019,"Birds","Branta leucopsis","Europe","Rain","C","adult","prop fledging",0.00771247612904121,0,2,5,17,1,1,0,28
"10.1111/gcb.14773",2019,"Birds","Branta leucopsis","Europe","Temperature","C","fledgling","survival",0.0116623415375471,0,2,5,17,1,1,0,28
"10.1111/gcb.14773",2019,"Birds","Branta leucopsis","Europe","Temperature","C","adult","survival",0.271130616400571,0,2,5,17,1,1,0,28
"10.1111/gcb.14773",2019,"Birds","Branta leucopsis","Europe","Temperature","C","adult","prop reproductive",0.0035681485971436,0,2,5,17,1,1,0,28
"10.1111/gcb.14773",2019,"Birds","Branta leucopsis","Europe","Rain","C","adult","prop reproductive",0.00839627629792055,0,2,5,17,1,1,0,28
"10.1111/gcb.14773",2019,"Birds","Branta leucopsis","Europe","Rain","C","adult","prop fledging",0.0152272090225398,0,2,5,17,1,1,0,28
"10.1111/gcb.14773",2019,"Birds","Branta leucopsis","Europe","Temperature","C","fledgling","survival",0.0216972547559991,0,2,5,17,1,1,0,28
"10.1111/gcb.14773",2019,"Birds","Branta leucopsis","Europe","Temperature","C","adult","survival",0.289748339766165,0,2,5,17,1,1,0,28
"10.1111/gcb.14773",2019,"Birds","Branta leucopsis","Europe","Temperature","C","adult","prop reproductive",0.00305854601282066,0,2,5,17,1,1,0,28
"10.1111/gcb.14773",2019,"Birds","Branta leucopsis","Europe","Rain","C","adult","prop reproductive",0.0293146666412915,0,2,5,17,1,1,0,28
"10.1111/gcb.14773",2019,"Birds","Branta leucopsis","Europe","Rain","C","adult","prop fledging",0.067541399392098,0,2,5,17,1,1,0,28
"10.1111/gcb.14773",2019,"Birds","Branta leucopsis","Europe","Temperature","C","fledgling","survival",0.0288481870758741,0,2,5,17,1,1,0,28
"10.1111/gcb.14773",2019,"Birds","Branta leucopsis","Europe","Temperature","C","adult","survival",0.21522455193345,0,2,5,17,1,1,0,28
"10.1111/gcb.14773",2019,"Birds","Branta leucopsis","Europe","Temperature","C","adult","prop reproductive",0.00431961053410904,0,2,5,17,1,1,0,28
"10.1111/gcb.14773",2019,"Birds","Branta leucopsis","Europe","Rain","C","adult","prop reproductive",0.0618645381923115,0,2,5,17,1,1,0,28
"10.1111/gcb.14773",2019,"Birds","Branta leucopsis","Europe","Rain","C","adult","prop fledging",0.110726445106642,0,2,5,17,1,1,0,28
"10.1111/gcb.14773",2019,"Birds","Branta leucopsis","Europe","Temperature","C","fledgling","survival",0.00826370368568721,0,2,5,17,1,1,0,28
"10.1111/gcb.14773",2019,"Birds","Branta leucopsis","Europe","Temperature","C","adult","survival",0.321655164217411,0,2,5,17,1,1,0,28
"10.1111/gcb.14773",2019,"Birds","Branta leucopsis","Europe","Temperature","C","adult","prop reproductive",0.00746955702343196,0,2,5,17,1,1,0,28
"10.1111/gcb.14773",2019,"Birds","Branta leucopsis","Europe","Rain","C","adult","prop reproductive",0.0781277715893144,0,2,5,17,1,1,0,28
"10.1111/gcb.14773",2019,"Birds","Branta leucopsis","Europe","Rain","C","adult","prop fledging",0.10748288222903,0,2,5,17,1,1,0,28
"10.1111/gcb.14773",2019,"Birds","Branta leucopsis","Europe","Temperature","C","fledgling","survival",2.30810082547574e-11,0,2,5,17,1,1,0,28
"10.1111/gcb.14773",2019,"Birds","Branta leucopsis","Europe","Temperature","C","adult","survival",0.318638732936324,0,2,5,17,1,1,0,28
"10.1111/gcb.14773",2019,"Birds","Branta leucopsis","Europe","Temperature","C","adult","prop reproductive",0.00327776476454332,0,2,5,17,1,1,0,28
"10.1111/gcb.14773",2019,"Birds","Branta leucopsis","Europe","Rain","C","adult","prop reproductive",0.0514868649824947,0,2,5,17,1,1,0,28
"10.1111/gcb.14773",2019,"Birds","Branta leucopsis","Europe","Rain","C","adult","prop fledging",0.0868033877839905,0,2,5,17,1,1,0,28
"10.1111/gcb.14773",2019,"Birds","Branta leucopsis","Europe","Temperature","C","fledgling","survival",0.0678163777116883,0,2,5,17,1,1,0,28
"10.1111/gcb.14773",2019,"Birds","Branta leucopsis","Europe","Temperature","C","adult","survival",0.231408304232411,0,2,5,17,1,1,0,28
"10.1111/gcb.14773",2019,"Birds","Branta leucopsis","Europe","Temperature","C","adult","prop reproductive",1.31814596351909e-06,0,2,5,17,1,1,0,28
"10.1111/gcb.14773",2019,"Birds","Branta leucopsis","Europe","Rain","C","adult","prop reproductive",0.000526493236442218,0,2,5,17,1,1,0,28
"10.1111/gcb.14773",2019,"Birds","Branta leucopsis","Europe","Rain","C","adult","prop fledging",0.000898165731303769,0,2,5,17,1,1,0,28
"10.1111/gcb.14773",2019,"Birds","Branta leucopsis","Europe","Temperature","C","fledgling","survival",0.000718978560109353,0,2,5,17,1,1,0,28
"10.1111/gcb.14773",2019,"Birds","Branta leucopsis","Europe","Temperature","C","adult","survival",0.311209470175585,0,2,5,17,1,1,0,28
"10.1111/gcb.14773",2019,"Birds","Branta leucopsis","Europe","Temperature","C","adult","prop reproductive",0.00186782482010525,0,2,5,17,1,1,0,28
"10.1111/gcb.14773",2019,"Birds","Branta leucopsis","Europe","Rain","C","adult","prop reproductive",0.00561431445016488,0,2,5,17,1,1,0,28
"10.1111/gcb.14773",2019,"Birds","Branta leucopsis","Europe","Rain","C","adult","prop fledging",0.0113706992827397,0,2,5,17,1,1,0,28
"10.1111/gcb.14773",2019,"Birds","Branta leucopsis","Europe","Temperature","C","fledgling","survival",0.0521708163920954,0,2,5,17,1,1,0,28
"10.1111/gcb.14773",2019,"Birds","Branta leucopsis","Europe","Temperature","C","adult","survival",0.256874642400153,0,2,5,17,1,1,0,28
"10.1111/gcb.14773",2019,"Birds","Branta leucopsis","Europe","Temperature","C","adult","prop reproductive",0.000300748126113506,0,2,5,17,1,1,0,28
"10.1111/gcb.14773",2019,"Birds","Branta leucopsis","Europe","Rain","C","adult","prop reproductive",0.0027129282085132,0,2,5,17,1,1,0,28
"10.1111/gcb.14773",2019,"Birds","Branta leucopsis","Europe","Rain","C","adult","prop fledging",0.0053682473602544,0,2,5,17,1,1,0,28
"10.1111/gcb.14773",2019,"Birds","Branta leucopsis","Europe","Temperature","C","fledgling","survival",0.000743426403230436,0,2,5,17,1,1,0,28
"10.1111/gcb.14773",2019,"Birds","Branta leucopsis","Europe","Temperature","C","adult","survival",0.140041702625416,0,2,5,17,1,1,0,28
"10.1111/gcb.14773",2019,"Birds","Branta leucopsis","Europe","Temperature","C","adult","prop reproductive",5.9648874028691e-05,0,2,5,17,1,1,0,28
"10.1111/gcb.14773",2019,"Birds","Branta leucopsis","Europe","Rain","C","adult","prop reproductive",0.000375925327196909,0,2,5,17,1,1,0,28
"10.1111/gcb.14773",2019,"Birds","Branta leucopsis","Europe","Rain","C","adult","prop fledging",0.000600229130973768,0,2,5,17,1,1,0,28
"10.1111/gcb.14773",2019,"Birds","Branta leucopsis","Europe","Temperature","C","fledgling","survival",0.0640543531991686,0,2,5,17,1,1,0,28
"10.1111/gcb.14773",2019,"Birds","Branta leucopsis","Europe","Temperature","C","adult","survival",0.194821661469678,0,2,5,17,1,1,0,28
"10.1111/gcb.14773",2019,"Birds","Branta leucopsis","Europe","Temperature","C","adult","prop reproductive",1.12212558568786e-06,0,2,5,17,1,1,0,28
"10.1111/gcb.14773",2019,"Birds","Branta leucopsis","Europe","Rain","C","adult","prop reproductive",1.59168383801158e-05,0,2,5,17,1,1,0,28
"10.1111/gcb.14773",2019,"Birds","Branta leucopsis","Europe","Rain","C","adult","prop fledging",3.03595707729712e-05,0,2,5,17,1,1,0,28
"10.1111/gcb.14773",2019,"Birds","Branta leucopsis","Europe","Temperature","C","fledgling","survival",0.0574263690737958,0,2,5,17,1,1,0,28
"10.1111/gcb.14773",2019,"Birds","Branta leucopsis","Europe","Temperature","C","adult","survival",0.129611378664692,0,2,5,17,1,1,0,28
"10.1111/gcb.14773",2019,"Birds","Branta leucopsis","Europe","Temperature","C","adult","prop reproductive",2.37760802348954e-05,0,2,5,17,1,1,0,28
"10.1111/gcb.14773",2019,"Birds","Branta leucopsis","Europe","Rain","C","adult","prop reproductive",0.00179118420071371,0,2,5,17,1,1,0,28
"10.1111/gcb.14773",2019,"Birds","Branta leucopsis","Europe","Rain","C","adult","prop fledging",0.00135794349898796,0,2,5,17,1,1,0,28
"10.1111/gcb.14773",2019,"Birds","Branta leucopsis","Europe","Temperature","C","fledgling","survival",0.00515931041351436,0,2,5,17,1,1,0,28
"10.1111/gcb.14773",2019,"Birds","Branta leucopsis","Europe","Temperature","C","adult","survival",0.141099456517841,0,2,5,17,1,1,0,28
"10.1111/gcb.14773",2019,"Birds","Branta leucopsis","Europe","Temperature","C","adult","prop reproductive",2.49056987530544e-05,0,2,5,17,1,1,0,28
"10.1111/gcb.14773",2019,"Birds","Branta leucopsis","Europe","Rain","C","adult","prop reproductive",0.000921779341075598,0,2,5,17,1,1,0,28
"10.1111/gcb.14773",2019,"Birds","Branta leucopsis","Europe","Rain","C","adult","prop fledging",0.000939042673731605,0,2,5,17,1,1,0,28
"10.1111/gcb.14773",2019,"Birds","Branta leucopsis","Europe","Temperature","C","fledgling","survival",2.26008527222902e-09,0,2,5,17,1,1,0,28
"10.1111/gcb.14773",2019,"Birds","Branta leucopsis","Europe","Temperature","C","adult","survival",0.00111315725711785,0,2,5,17,1,1,0,28
"10.1111/gcb.14773",2019,"Birds","Branta leucopsis","Europe","Temperature","C","adult","prop reproductive",0.0204105802269736,0,2,5,17,1,1,0,28
"10.1111/gcb.14773",2019,"Birds","Branta leucopsis","Europe","Rain","C","adult","prop reproductive",0.0764178575085195,0,2,5,17,1,1,0,28
"10.1111/gcb.14773",2019,"Birds","Branta leucopsis","Europe","Rain","C","adult","prop fledging",0.0964118055773637,0,2,5,17,1,1,0,28
"10.1111/gcb.14773",2019,"Birds","Branta leucopsis","Europe","Temperature","C","fledgling","survival",0.078673843017551,0,2,5,17,1,1,0,28
"10.1111/gcb.14773",2019,"Birds","Branta leucopsis","Europe","Temperature","C","adult","survival",0.32601478066437,0,2,5,17,1,1,0,28
"10.1111/gcb.14773",2019,"Birds","Branta leucopsis","Europe","Temperature","C","adult","prop reproductive",0.000601878829959772,0,2,5,17,1,1,0,28
"10.1111/gcb.14773",2019,"Birds","Branta leucopsis","Europe","Rain","C","adult","prop reproductive",0.00161218394490783,0,2,5,17,1,1,0,28
"10.1111/gcb.14773",2019,"Birds","Branta leucopsis","Europe","Rain","C","adult","prop fledging",0.00254853513176179,0,2,5,17,1,1,0,28
"10.1111/gcb.14773",2019,"Birds","Branta leucopsis","Europe","Temperature","C","fledgling","survival",0.0672216439271423,0,2,5,17,1,1,0,28
"10.1111/gcb.14773",2019,"Birds","Branta leucopsis","Europe","Temperature","C","adult","survival",0.2512644342332,0,2,5,17,1,1,0,28
"10.1111/gcb.14773",2019,"Birds","Branta leucopsis","Europe","Temperature","C","adult","prop reproductive",0.000204745860317604,0,2,5,17,1,1,0,28
"10.1111/gcb.14773",2019,"Birds","Branta leucopsis","Europe","Rain","C","adult","prop reproductive",0.00209877791100683,0,2,5,17,1,1,0,28
"10.1111/gcb.14773",2019,"Birds","Branta leucopsis","Europe","Rain","C","adult","prop fledging",0.00433930675364916,0,2,5,17,1,1,0,28
"10.1111/gcb.14773",2019,"Birds","Branta leucopsis","Europe","Temperature","C","fledgling","survival",0.0627084752624651,0,2,5,17,1,1,0,28
"10.1111/gcb.14773",2019,"Birds","Branta leucopsis","Europe","Temperature","C","adult","survival",0.00540802022611065,0,2,5,17,1,1,0,28
"10.1111/gcb.14773",2019,"Birds","Branta leucopsis","Europe","Temperature","C","adult","prop reproductive",0.01140250617862,0,2,5,17,1,1,0,28
"10.1111/gcb.14773",2019,"Birds","Branta leucopsis","Europe","Rain","C","adult","prop reproductive",0.0500476053016222,0,2,5,17,1,1,0,28
"10.1111/gcb.14773",2019,"Birds","Branta leucopsis","Europe","Rain","C","adult","prop fledging",0.0901810780290453,0,2,5,17,1,1,0,28
"10.1111/gcb.14773",2019,"Birds","Branta leucopsis","Europe","Temperature","C","fledgling","survival",0.064973916445578,0,2,5,17,1,1,0,28
"10.1111/gcb.14773",2019,"Birds","Branta leucopsis","Europe","Temperature","C","adult","survival",0.313515438457851,0,2,5,17,1,1,0,28
"10.1111/gcb.14773",2019,"Birds","Branta leucopsis","Europe","Temperature","C","adult","prop reproductive",0.00919555286204212,0,2,5,17,1,1,0,28
"10.1111/gcb.14773",2019,"Birds","Branta leucopsis","Europe","Rain","C","adult","prop reproductive",0.0650873953359785,0,2,5,17,1,1,0,28
"10.1111/gcb.14773",2019,"Birds","Branta leucopsis","Europe","Rain","C","adult","prop fledging",0.0801762932135177,0,2,5,17,1,1,0,28
"10.1111/gcb.14773",2019,"Birds","Branta leucopsis","Europe","Temperature","C","fledgling","survival",0.0656319914662348,0,2,5,17,1,1,0,28
"10.1111/gcb.14773",2019,"Birds","Branta leucopsis","Europe","Temperature","C","adult","survival",0.321129974261404,0,2,5,17,1,1,0,28
"10.1111/gcb.14773",2019,"Birds","Branta leucopsis","Europe","Temperature","C","adult","prop reproductive",0.00496763123369864,0,2,5,17,1,1,0,28
"10.1111/gcb.14773",2019,"Birds","Branta leucopsis","Europe","Rain","C","adult","prop reproductive",0.0698672439798724,0,2,5,17,1,1,0,28
"10.1111/gcb.14773",2019,"Birds","Branta leucopsis","Europe","Rain","C","adult","prop fledging",0.107144025958423,0,2,5,17,1,1,0,28
"10.1111/gcb.14773",2019,"Birds","Branta leucopsis","Europe","Temperature","C","fledgling","survival",6.53270023597539e-05,0,2,5,17,1,1,0,28
"10.1111/gcb.14773",2019,"Birds","Branta leucopsis","Europe","Temperature","C","adult","survival",0.0461977808506995,0,2,5,17,1,1,0,28
"10.1111/gcb.14773",2019,"Birds","Branta leucopsis","Europe","Temperature","C","adult","prop reproductive",0.000201045340864064,0,2,5,17,1,1,0,28
"10.1111/gcb.14773",2019,"Birds","Branta leucopsis","Europe","Rain","C","adult","prop reproductive",0.0520114320762521,0,2,5,17,1,1,0,28
"10.1111/gcb.14773",2019,"Birds","Branta leucopsis","Europe","Rain","C","adult","prop fledging",0.0966342523535557,0,2,5,17,1,1,0,28
"10.1111/gcb.14773",2019,"Birds","Branta leucopsis","Europe","Temperature","C","fledgling","survival",0.0600074368787003,0,2,5,17,1,1,0,28
"10.1111/gcb.14773",2019,"Birds","Branta leucopsis","Europe","Temperature","C","adult","survival",0.000547416803394106,0,2,5,17,1,1,0,28
"10.1111/gcb.14773",2019,"Birds","Branta leucopsis","Europe","Temperature","C","adult","prop reproductive",0.00327203058259406,0,2,5,17,1,1,0,28
"10.1111/gcb.14773",2019,"Birds","Branta leucopsis","Europe","Rain","C","adult","prop reproductive",0.0390623381064074,0,2,5,17,1,1,0,28
"10.1111/gcb.14773",2019,"Birds","Branta leucopsis","Europe","Rain","C","adult","prop fledging",0.0618332853424671,0,2,5,17,1,1,0,28
"10.1111/gcb.14773",2019,"Birds","Branta leucopsis","Europe","Temperature","C","fledgling","survival",0.0130799082927668,0,2,5,17,1,1,0,28
"10.1111/gcb.14773",2019,"Birds","Branta leucopsis","Europe","Temperature","C","adult","survival",0.323875032385227,0,2,5,17,1,1,0,28
"10.1111/gcb.14773",2019,"Birds","Branta leucopsis","Europe","Temperature","C","adult","prop reproductive",0.000401061623291109,0,2,5,17,1,1,0,28
"10.1111/gcb.14773",2019,"Birds","Branta leucopsis","Europe","Rain","C","adult","prop reproductive",0.00201464089696027,0,2,5,17,1,1,0,28
"10.1111/gcb.14773",2019,"Birds","Branta leucopsis","Europe","Rain","C","adult","prop fledging",0.00308059572427766,0,2,5,17,1,1,0,28
"10.1111/gcb.14773",2019,"Birds","Branta leucopsis","Europe","Temperature","C","fledgling","survival",0.00506175266639297,0,2,5,17,1,1,0,28
"10.1111/gcb.14773",2019,"Birds","Branta leucopsis","Europe","Temperature","C","adult","survival",0.25143676670603,0,2,5,17,1,1,0,28
"10.1111/gcb.14773",2019,"Birds","Branta leucopsis","Europe","Temperature","C","adult","prop reproductive",2.64654798392919e-06,0,2,5,17,1,1,0,28
"10.1111/gcb.14773",2019,"Birds","Branta leucopsis","Europe","Rain","C","adult","prop reproductive",1.25202003464857e-05,0,2,5,17,1,1,0,28
"10.1111/gcb.14773",2019,"Birds","Branta leucopsis","Europe","Rain","C","adult","prop fledging",2.34598336728761e-05,0,2,5,17,1,1,0,28
"10.1111/gcb.14773",2019,"Birds","Branta leucopsis","Europe","Temperature","C","fledgling","survival",0.0786808375353601,0,2,5,17,1,1,0,28
"10.1111/gcb.14773",2019,"Birds","Branta leucopsis","Europe","Temperature","C","adult","survival",0.249386576524235,0,2,5,17,1,1,0,28
"10.1111/gcb.14773",2019,"Birds","Branta leucopsis","Europe","Temperature","C","adult","prop reproductive",0.00724632481544649,0,2,5,17,1,1,0,28
"10.1111/gcb.14773",2019,"Birds","Branta leucopsis","Europe","Rain","C","adult","prop reproductive",0.0334316000008543,0,2,5,17,1,1,0,28
"10.1111/gcb.14773",2019,"Birds","Branta leucopsis","Europe","Rain","C","adult","prop fledging",0.0625044948165723,0,2,5,17,1,1,0,28
"10.1111/gcb.14773",2019,"Birds","Branta leucopsis","Europe","Temperature","C","fledgling","survival",0.0567609608386701,0,2,5,17,1,1,0,28
"10.1111/gcb.14773",2019,"Birds","Branta leucopsis","Europe","Temperature","C","adult","survival",0.290755314683706,0,2,5,17,1,1,0,28
"10.1111/gcb.14773",2019,"Birds","Branta leucopsis","Europe","Temperature","C","adult","prop reproductive",8.52208411078746e-05,0,2,5,17,1,1,0,28
"10.1111/gcb.14773",2019,"Birds","Branta leucopsis","Europe","Rain","C","adult","prop reproductive",0.000200512046967423,0,2,5,17,1,1,0,28
"10.1111/gcb.14773",2019,"Birds","Branta leucopsis","Europe","Rain","C","adult","prop fledging",0.000468340190194374,0,2,5,17,1,1,0,28
"10.1111/gcb.14773",2019,"Birds","Branta leucopsis","Europe","Temperature","C","fledgling","survival",0.000456672501715029,0,2,5,17,1,1,0,28
"10.1111/gcb.14773",2019,"Birds","Branta leucopsis","Europe","Temperature","C","adult","survival",0.312802816169698,0,2,5,17,1,1,0,28
"10.1111/gcb.14773",2019,"Birds","Branta leucopsis","Europe","Temperature","C","adult","prop reproductive",3.49317265393613e-08,0,2,5,17,1,1,0,28
"10.1111/gcb.14773",2019,"Birds","Branta leucopsis","Europe","Rain","C","adult","prop reproductive",3.37403763302056e-08,0,2,5,17,1,1,0,28
"10.1111/gcb.14773",2019,"Birds","Branta leucopsis","Europe","Rain","C","adult","prop fledging",1.3709507672079e-07,0,2,5,17,1,1,0,28
"10.1111/gcb.14773",2019,"Birds","Branta leucopsis","Europe","Temperature","C","fledgling","survival",0.0411144782167743,0,2,5,17,1,1,0,28
"10.1111/gcb.14773",2019,"Birds","Branta leucopsis","Europe","Temperature","C","adult","survival",0.239239377255252,0,2,5,17,1,1,0,28
"10.1111/gcb.14773",2019,"Birds","Branta leucopsis","Europe","Temperature","C","adult","prop reproductive",0.00338249675299795,0,2,5,17,1,1,0,28
"10.1111/gcb.14773",2019,"Birds","Branta leucopsis","Europe","Rain","C","adult","prop reproductive",0.0607662441136709,0,2,5,17,1,1,0,28
"10.1111/gcb.14773",2019,"Birds","Branta leucopsis","Europe","Rain","C","adult","prop fledging",0.113127837697626,0,2,5,17,1,1,0,28
"10.1111/gcb.14773",2019,"Birds","Branta leucopsis","Europe","Temperature","C","fledgling","survival",0.0679943601987049,0,2,5,17,1,1,0,28
"10.1111/gcb.14773",2019,"Birds","Branta leucopsis","Europe","Temperature","C","adult","survival",0.2416463173083,0,2,5,17,1,1,0,28
"10.1111/gcb.14773",2019,"Birds","Branta leucopsis","Europe","Temperature","C","adult","prop reproductive",0.000916002329399224,0,2,5,17,1,1,0,28
"10.1111/gcb.14773",2019,"Birds","Branta leucopsis","Europe","Rain","C","adult","prop reproductive",0.0193173123029367,0,2,5,17,1,1,0,28
"10.1111/gcb.14773",2019,"Birds","Branta leucopsis","Europe","Rain","C","adult","prop fledging",0.0208785077764259,0,2,5,17,1,1,0,28
"10.1111/gcb.14773",2019,"Birds","Branta leucopsis","Europe","Temperature","C","fledgling","survival",0.0215861942806758,0,2,5,17,1,1,0,28
"10.1111/gcb.14773",2019,"Birds","Branta leucopsis","Europe","Temperature","C","adult","survival",0.313387073469081,0,2,5,17,1,1,0,28
"10.1111/gcb.14773",2019,"Birds","Branta leucopsis","Europe","Temperature","C","adult","prop reproductive",1.73777208418717e-05,0,2,5,17,1,1,0,28
"10.1111/gcb.14773",2019,"Birds","Branta leucopsis","Europe","Rain","C","adult","prop reproductive",0.000187686906702355,0,2,5,17,1,1,0,28
"10.1111/gcb.14773",2019,"Birds","Branta leucopsis","Europe","Rain","C","adult","prop fledging",0.00025233027928566,0,2,5,17,1,1,0,28
"10.1111/gcb.14773",2019,"Birds","Branta leucopsis","Europe","Temperature","C","fledgling","survival",4.26036471037772e-13,0,2,5,17,1,1,0,28
"10.1111/gcb.14773",2019,"Birds","Branta leucopsis","Europe","Temperature","C","adult","survival",0.329131447275215,0,2,5,17,1,1,0,28
"10.1111/gcb.14773",2019,"Birds","Branta leucopsis","Europe","Temperature","C","adult","prop reproductive",0.00367610876963738,0,2,5,17,1,1,0,28
"10.1111/gcb.14773",2019,"Birds","Branta leucopsis","Europe","Rain","C","adult","prop reproductive",0.0229133817008055,0,2,5,17,1,1,0,28
"10.1111/gcb.14773",2019,"Birds","Branta leucopsis","Europe","Rain","C","adult","prop fledging",0.0391394257988586,0,2,5,17,1,1,0,28
"10.1111/gcb.14773",2019,"Birds","Branta leucopsis","Europe","Temperature","C","fledgling","survival",0.024739730944737,0,2,5,17,1,1,0,28
"10.1111/gcb.14773",2019,"Birds","Branta leucopsis","Europe","Temperature","C","adult","survival",0.312599571208317,0,2,5,17,1,1,0,28
"10.1111/gcb.14773",2019,"Birds","Branta leucopsis","Europe","Temperature","C","adult","prop reproductive",0.00241588860440185,0,2,5,17,1,1,0,28
"10.1111/gcb.14773",2019,"Birds","Branta leucopsis","Europe","Rain","C","adult","prop reproductive",0.0134356746955443,0,2,5,17,1,1,0,28
"10.1111/gcb.14773",2019,"Birds","Branta leucopsis","Europe","Rain","C","adult","prop fledging",0.0293977239103802,0,2,5,17,1,1,0,28
"10.1111/gcb.14773",2019,"Birds","Branta leucopsis","Europe","Temperature","C","fledgling","survival",0.0144195684586532,0,2,5,17,1,1,0,28
"10.1111/gcb.14773",2019,"Birds","Branta leucopsis","Europe","Temperature","C","adult","survival",0.315554371571365,0,2,5,17,1,1,0,28
"10.1111/gcb.14773",2019,"Birds","Branta leucopsis","Europe","Temperature","C","adult","prop reproductive",0.010357703791793,0,2,5,17,1,1,0,28
"10.1111/gcb.14773",2019,"Birds","Branta leucopsis","Europe","Rain","C","adult","prop reproductive",0.0845137778096101,0,2,5,17,1,1,0,28
"10.1111/gcb.14773",2019,"Birds","Branta leucopsis","Europe","Rain","C","adult","prop fledging",0.0962410293051019,0,2,5,17,1,1,0,28
"10.1111/gcb.14773",2019,"Birds","Branta leucopsis","Europe","Temperature","C","fledgling","survival",0.00121448163487305,0,2,5,17,1,1,0,28
"10.1111/gcb.14773",2019,"Birds","Branta leucopsis","Europe","Temperature","C","adult","survival",6.52803795040935e-05,0,2,5,17,1,1,0,28
"10.1111/gcb.14773",2019,"Birds","Branta leucopsis","Europe","Temperature","C","adult","prop reproductive",0.00291513577602269,0,2,5,17,1,1,0,28
"10.1111/gcb.14773",2019,"Birds","Branta leucopsis","Europe","Rain","C","adult","prop reproductive",0.0210689043210241,0,2,5,17,1,1,0,28
"10.1111/gcb.14773",2019,"Birds","Branta leucopsis","Europe","Rain","C","adult","prop fledging",0.0262513319638852,0,2,5,17,1,1,0,28
"10.1111/gcb.14773",2019,"Birds","Branta leucopsis","Europe","Temperature","C","fledgling","survival",0.0278364905247822,0,2,5,17,1,1,0,28
"10.1111/gcb.14773",2019,"Birds","Branta leucopsis","Europe","Temperature","C","adult","survival",0.315433826083454,0,2,5,17,1,1,0,28
"10.1111/gcb.14773",2019,"Birds","Branta leucopsis","Europe","Temperature","C","adult","prop reproductive",0.000245119390533907,0,2,5,17,1,1,0,28
"10.1111/gcb.14773",2019,"Birds","Branta leucopsis","Europe","Rain","C","adult","prop reproductive",0.000944482129612207,0,2,5,17,1,1,0,28
"10.1111/gcb.14773",2019,"Birds","Branta leucopsis","Europe","Rain","C","adult","prop fledging",0.00201763217349156,0,2,5,17,1,1,0,28
"10.1111/gcb.14773",2019,"Birds","Branta leucopsis","Europe","Temperature","C","fledgling","survival",0.00423910849643027,0,2,5,17,1,1,0,28
"10.1111/gcb.14773",2019,"Birds","Branta leucopsis","Europe","Temperature","C","adult","survival",0.0217427813501452,0,2,5,17,1,1,0,28
"10.1111/gcb.14773",2019,"Birds","Branta leucopsis","Europe","Temperature","C","adult","prop reproductive",0.00332772319071057,0,2,5,17,1,1,0,28
"10.1111/gcb.14773",2019,"Birds","Branta leucopsis","Europe","Rain","C","adult","prop reproductive",0.0413008654215305,0,2,5,17,1,1,0,28
"10.1111/gcb.14773",2019,"Birds","Branta leucopsis","Europe","Rain","C","adult","prop fledging",0.0482448693863892,0,2,5,17,1,1,0,28
"10.1111/gcb.14773",2019,"Birds","Branta leucopsis","Europe","Temperature","C","fledgling","survival",0.00218581367815436,0,2,5,17,1,1,0,28
"10.1111/gcb.14773",2019,"Birds","Branta leucopsis","Europe","Temperature","C","adult","survival",0.318297219249215,0,2,5,17,1,1,0,28
"10.1111/gcb.14773",2019,"Birds","Branta leucopsis","Europe","Temperature","C","adult","prop reproductive",0.000504457725544953,0,2,5,17,1,1,0,28
"10.1111/gcb.14773",2019,"Birds","Branta leucopsis","Europe","Rain","C","adult","prop reproductive",0.0571782021087445,0,2,5,17,1,1,0,28
"10.1111/gcb.14773",2019,"Birds","Branta leucopsis","Europe","Rain","C","adult","prop fledging",0.0981826851573009,0,2,5,17,1,1,0,28
"10.1111/gcb.14773",2019,"Birds","Branta leucopsis","Europe","Temperature","C","fledgling","survival",0.0649723501967733,0,2,5,17,1,1,0,28
"10.1111/gcb.14773",2019,"Birds","Branta leucopsis","Europe","Temperature","C","adult","survival",0.00233925345419838,0,2,5,17,1,1,0,28
"10.1111/gcb.14773",2019,"Birds","Branta leucopsis","Europe","Temperature","C","adult","prop reproductive",0.000225547510079233,0,2,5,17,1,1,0,28
"10.1111/gcb.14773",2019,"Birds","Branta leucopsis","Europe","Rain","C","adult","prop reproductive",0.00538609739903733,0,2,5,17,1,1,0,28
"10.1111/gcb.14773",2019,"Birds","Branta leucopsis","Europe","Rain","C","adult","prop fledging",0.00723212550978631,0,2,5,17,1,1,0,28
"10.1111/gcb.14773",2019,"Birds","Branta leucopsis","Europe","Temperature","C","fledgling","survival",0.0078319361321622,0,2,5,17,1,1,0,28
"10.1111/gcb.14773",2019,"Birds","Branta leucopsis","Europe","Temperature","C","adult","survival",0.00121210812968492,0,2,5,17,1,1,0,28
"10.1111/gcb.14773",2019,"Birds","Branta leucopsis","Europe","Temperature","C","adult","prop reproductive",0.000900292206386412,0,2,5,17,1,1,0,28
"10.1111/gcb.14773",2019,"Birds","Branta leucopsis","Europe","Rain","C","adult","prop reproductive",0.00666122095567434,0,2,5,17,1,1,0,28
"10.1111/gcb.14773",2019,"Birds","Branta leucopsis","Europe","Rain","C","adult","prop fledging",0.0132656680713103,0,2,5,17,1,1,0,28
"10.1111/gcb.14773",2019,"Birds","Branta leucopsis","Europe","Temperature","C","fledgling","survival",0.0258261602427731,0,2,5,17,1,1,0,28
"10.1111/gcb.14773",2019,"Birds","Branta leucopsis","Europe","Temperature","C","adult","survival",0.276812346317023,0,2,5,17,1,1,0,28
"10.1111/gcb.14773",2019,"Birds","Branta leucopsis","Europe","Temperature","C","adult","prop reproductive",0.00528462593836241,0,2,5,17,1,1,0,28
"10.1111/gcb.14773",2019,"Birds","Branta leucopsis","Europe","Rain","C","adult","prop reproductive",0.0571296102454936,0,2,5,17,1,1,0,28
"10.1111/gcb.14773",2019,"Birds","Branta leucopsis","Europe","Rain","C","adult","prop fledging",0.065543783884089,0,2,5,17,1,1,0,28
"10.1111/gcb.14773",2019,"Birds","Branta leucopsis","Europe","Temperature","C","fledgling","survival",0.0152256492373188,0,2,5,17,1,1,0,28
"10.1111/gcb.14773",2019,"Birds","Branta leucopsis","Europe","Temperature","C","adult","survival",0.316820176576418,0,2,5,17,1,1,0,28
"10.1111/gcb.14773",2019,"Birds","Branta leucopsis","Europe","Temperature","C","adult","prop reproductive",0.000285721949686433,0,2,5,17,1,1,0,28
"10.1111/gcb.14773",2019,"Birds","Branta leucopsis","Europe","Rain","C","adult","prop reproductive",0.0663287509131715,0,2,5,17,1,1,0,28
"10.1111/gcb.14773",2019,"Birds","Branta leucopsis","Europe","Rain","C","adult","prop fledging",0.0733464103043127,0,2,5,17,1,1,0,28
"10.1111/gcb.14773",2019,"Birds","Branta leucopsis","Europe","Temperature","C","fledgling","survival",0.060723649975254,0,2,5,17,1,1,0,28
"10.1111/gcb.14773",2019,"Birds","Branta leucopsis","Europe","Temperature","C","adult","survival",0.0154971134491833,0,2,5,17,1,1,0,28
"10.1111/gcb.14773",2019,"Birds","Branta leucopsis","Europe","Temperature","C","adult","prop reproductive",0.00115168097495737,0,2,5,17,1,1,0,28
"10.1111/gcb.14773",2019,"Birds","Branta leucopsis","Europe","Rain","C","adult","prop reproductive",0.0601661783029975,0,2,5,17,1,1,0,28
"10.1111/gcb.14773",2019,"Birds","Branta leucopsis","Europe","Rain","C","adult","prop fledging",0.068849726565265,0,2,5,17,1,1,0,28
"10.1111/gcb.14773",2019,"Birds","Branta leucopsis","Europe","Temperature","C","fledgling","survival",0.0677394417037574,0,2,5,17,1,1,0,28
"10.1111/gcb.14773",2019,"Birds","Branta leucopsis","Europe","Temperature","C","adult","survival",0.0120910594402587,0,2,5,17,1,1,0,28
"10.1111/gcb.14773",2019,"Birds","Branta leucopsis","Europe","Temperature","C","adult","prop reproductive",4.93911165379954e-05,0,2,5,17,1,1,0,28
"10.1111/gcb.14773",2019,"Birds","Branta leucopsis","Europe","Rain","C","adult","prop reproductive",9.53022226054307e-05,0,2,5,17,1,1,0,28
"10.1111/gcb.14773",2019,"Birds","Branta leucopsis","Europe","Rain","C","adult","prop fledging",0.000202052901428447,0,2,5,17,1,1,0,28
"10.1111/gcb.14773",2019,"Birds","Branta leucopsis","Europe","Temperature","C","fledgling","survival",6.05173579119655e-05,0,2,5,17,1,1,0,28
"10.1111/gcb.14773",2019,"Birds","Branta leucopsis","Europe","Temperature","C","adult","survival",4.64631314458316e-05,0,2,5,17,1,1,0,28
"10.1111/gcb.14773",2019,"Birds","Branta leucopsis","Europe","Temperature","C","adult","prop reproductive",1.3229386821159e-05,0,2,5,17,1,1,0,28
"10.1111/gcb.14773",2019,"Birds","Branta leucopsis","Europe","Rain","C","adult","prop reproductive",1.70809286709559e-05,0,2,5,17,1,1,0,28
"10.1111/gcb.14773",2019,"Birds","Branta leucopsis","Europe","Rain","C","adult","prop fledging",2.88847679452143e-05,0,2,5,17,1,1,0,28
"10.1111/gcb.14773",2019,"Birds","Branta leucopsis","Europe","Temperature","C","fledgling","survival",0.00305556188097513,0,2,5,17,1,1,0,28
"10.1111/gcb.14773",2019,"Birds","Branta leucopsis","Europe","Temperature","C","adult","survival",0.074854816319837,0,2,5,17,1,1,0,28
"10.1111/gcb.14773",2019,"Birds","Branta leucopsis","Europe","Temperature","C","adult","prop reproductive",0.00169847044725333,0,2,5,17,1,1,0,28
"10.1111/gcb.14773",2019,"Birds","Branta leucopsis","Europe","Rain","C","adult","prop reproductive",0.0621293889399128,0,2,5,17,1,1,0,28
"10.1111/gcb.14773",2019,"Birds","Branta leucopsis","Europe","Rain","C","adult","prop fledging",0.104131218091172,0,2,5,17,1,1,0,28
"10.1111/gcb.14773",2019,"Birds","Branta leucopsis","Europe","Temperature","C","fledgling","survival",0.0794307713384196,0,2,5,17,1,1,0,28
"10.1111/gcb.14773",2019,"Birds","Branta leucopsis","Europe","Temperature","C","adult","survival",0.290380484039205,0,2,5,17,1,1,0,28
"10.1111/gcb.14773",2019,"Birds","Branta leucopsis","Europe","Temperature","C","adult","prop reproductive",0.0072390293579086,0,2,5,17,1,1,0,28
"10.1111/gcb.14773",2019,"Birds","Branta leucopsis","Europe","Rain","C","adult","prop reproductive",0.0267055569519565,0,2,5,17,1,1,0,28
"10.1111/gcb.14773",2019,"Birds","Branta leucopsis","Europe","Rain","C","adult","prop fledging",0.0408396307004845,0,2,5,17,1,1,0,28
"10.1111/gcb.14773",2019,"Birds","Branta leucopsis","Europe","Temperature","C","fledgling","survival",0.0452855895610411,0,2,5,17,1,1,0,28
"10.1111/gcb.14773",2019,"Birds","Branta leucopsis","Europe","Temperature","C","adult","survival",0.306007315246549,0,2,5,17,1,1,0,28
"10.1111/gcb.14773",2019,"Birds","Branta leucopsis","Europe","Temperature","C","adult","prop reproductive",0.00399767212691827,0,2,5,17,1,1,0,28
"10.1111/gcb.14773",2019,"Birds","Branta leucopsis","Europe","Rain","C","adult","prop reproductive",0.0480112900281031,0,2,5,17,1,1,0,28
"10.1111/gcb.14773",2019,"Birds","Branta leucopsis","Europe","Rain","C","adult","prop fledging",0.0584349940465834,0,2,5,17,1,1,0,28
"10.1111/gcb.14773",2019,"Birds","Branta leucopsis","Europe","Temperature","C","fledgling","survival",0.0433873965262254,0,2,5,17,1,1,0,28
"10.1111/gcb.14773",2019,"Birds","Branta leucopsis","Europe","Temperature","C","adult","survival",0.305796874219137,0,2,5,17,1,1,0,28
"10.1111/gcb.14773",2019,"Birds","Branta leucopsis","Europe","Temperature","C","adult","prop reproductive",2.3943731903563e-07,0,2,5,17,1,1,0,28
"10.1111/gcb.14773",2019,"Birds","Branta leucopsis","Europe","Rain","C","adult","prop reproductive",2.26979611417778e-07,0,2,5,17,1,1,0,28
"10.1111/gcb.14773",2019,"Birds","Branta leucopsis","Europe","Rain","C","adult","prop fledging",9.45003789016024e-07,0,2,5,17,1,1,0,28
"10.1111/gcb.14773",2019,"Birds","Branta leucopsis","Europe","Temperature","C","fledgling","survival",3.03889181311436e-05,0,2,5,17,1,1,0,28
"10.1111/gcb.14773",2019,"Birds","Branta leucopsis","Europe","Temperature","C","adult","survival",0.0972940477851911,0,2,5,17,1,1,0,28
"10.1111/gcb.14773",2019,"Birds","Branta leucopsis","Europe","Temperature","C","adult","prop reproductive",0.00614565441348199,0,2,5,17,1,1,0,28
"10.1111/gcb.14773",2019,"Birds","Branta leucopsis","Europe","Rain","C","adult","prop reproductive",0.0522144773298193,0,2,5,17,1,1,0,28
"10.1111/gcb.14773",2019,"Birds","Branta leucopsis","Europe","Rain","C","adult","prop fledging",0.0656201819879734,0,2,5,17,1,1,0,28
"10.1111/gcb.14773",2019,"Birds","Branta leucopsis","Europe","Temperature","C","fledgling","survival",0.0533433667654674,0,2,5,17,1,1,0,28
"10.1111/gcb.14773",2019,"Birds","Branta leucopsis","Europe","Temperature","C","adult","survival",0.315006863094787,0,2,5,17,1,1,0,28
