"study.doi","year.of.publication","group","species","continent","driver","driver.type","stage.age","vital.rates","sens.no.cov","sens.cov"
"10.1111/1365-2656.12888","2018","Mammals","Rhabdomys pumilio","Africa","temperature","C","all","all",0.00790215099039993,0.0130801219495352
"10.1111/1365-2656.12888","2018","Mammals","Rhabdomys pumilio","Africa","temperature","C","all","all",0.011737664142318,0.00235233414092512
"10.1111/1365-2656.12888","2018","Mammals","Rhabdomys pumilio","Africa","temperature","C","all","all",0.0386235731216252,0.0175320129256446
"10.1111/1365-2656.12888","2018","Mammals","Rhabdomys pumilio","Africa","temperature","C","all","all",0.0356327262157242,0.00982808947035016
"10.1111/1365-2656.12888","2018","Mammals","Rhabdomys pumilio","Africa","temperature","C","all","all",0.0292828858685087,0.0136852202106669
"10.1111/1365-2656.12888","2018","Mammals","Rhabdomys pumilio","Africa","temperature","C","all","all",0.0303296080668113,0.0214197411765309
"10.1111/1365-2656.12888","2018","Mammals","Rhabdomys pumilio","Africa","temperature","C","all","all",0.0153180261569174,0.0336544737477067
"10.1111/1365-2656.12888","2018","Mammals","Rhabdomys pumilio","Africa","temperature","C","all","all",0.0443277233380492,0.025009965578678
"10.1111/1365-2656.12888","2018","Mammals","Rhabdomys pumilio","Africa","temperature","C","all","all",0.0469302403803419,0.00858916558612667
"10.1111/1365-2656.12888","2018","Mammals","Rhabdomys pumilio","Africa","temperature","C","all","all",0.0211109320659609,0.0133646840798117
"10.1111/1365-2656.12888","2018","Mammals","Rhabdomys pumilio","Africa","temperature","C","all","all",0.0277816605543561,0.0022885917384996
"10.1111/1365-2656.12888","2018","Mammals","Rhabdomys pumilio","Africa","temperature","C","all","all",0.0471197453061355,0.00811352263462921
"10.1111/1365-2656.12888","2018","Mammals","Rhabdomys pumilio","Africa","temperature","C","all","all",0.0264409844549538,0.0192056857336132
"10.1111/1365-2656.12888","2018","Mammals","Rhabdomys pumilio","Africa","temperature","C","all","all",0.0531601992398711,0.00952371123278726
"10.1111/1365-2656.12888","2018","Mammals","Rhabdomys pumilio","Africa","temperature","C","all","all",0.0451203780025361,0.0145260197268043
"10.1111/1365-2656.12888","2018","Mammals","Rhabdomys pumilio","Africa","temperature","C","all","all",0.0321585502015219,0.00231103383291829
"10.1111/1365-2656.12888","2018","Mammals","Rhabdomys pumilio","Africa","temperature","C","all","all",0.00834755925692789,0.0221324512374719
"10.1111/1365-2656.12888","2018","Mammals","Rhabdomys pumilio","Africa","temperature","C","all","all",0.0361108183283766,0.00863315746959638
"10.1111/1365-2656.12888","2018","Mammals","Rhabdomys pumilio","Africa","temperature","C","all","all",0.0472165622999043,0.0353511988208201
"10.1111/1365-2656.12888","2018","Mammals","Rhabdomys pumilio","Africa","temperature","C","all","all",0.0628120519014578,0.0387067930522099
"10.1111/1365-2656.12888","2018","Mammals","Rhabdomys pumilio","Africa","temperature","C","all","all",0.0423823016420988,0.0260063929113422
"10.1111/1365-2656.12888","2018","Mammals","Rhabdomys pumilio","Africa","temperature","C","all","all",0.00489456693380646,0.0222501776188681
"10.1111/1365-2656.12888","2018","Mammals","Rhabdomys pumilio","Africa","temperature","C","all","all",0.0434717735456615,0.0172912094881786
"10.1111/1365-2656.12888","2018","Mammals","Rhabdomys pumilio","Africa","temperature","C","all","all",0.0432193646238403,0.0191909276818985
"10.1111/1365-2656.12888","2018","Mammals","Rhabdomys pumilio","Africa","temperature","C","all","all",0.0159508565585689,0.00186565627900996
"10.1111/1365-2656.12888","2018","Mammals","Rhabdomys pumilio","Africa","temperature","C","all","all",0.00405838926007782,0.00631956581638691
"10.1111/1365-2656.12888","2018","Mammals","Rhabdomys pumilio","Africa","temperature","C","all","all",0.0568916974966036,0.0280945677048735
"10.1111/1365-2656.12888","2018","Mammals","Rhabdomys pumilio","Africa","temperature","C","all","all",0.0652829393960038,0.0400201501397904
"10.1111/1365-2656.12888","2018","Mammals","Rhabdomys pumilio","Africa","temperature","C","all","all",0.0492480517977419,0.0109422295544501
"10.1111/1365-2656.12888","2018","Mammals","Rhabdomys pumilio","Africa","temperature","C","all","all",0.0289763249997245,0.00943816131232854
"10.1111/1365-2656.12888","2018","Mammals","Rhabdomys pumilio","Africa","temperature","C","all","all",0.0493364039503405,0.0184296662026598
"10.1111/1365-2656.12888","2018","Mammals","Rhabdomys pumilio","Africa","temperature","C","all","all",0.0583984975535894,0.00894711264059186
"10.1111/1365-2656.12888","2018","Mammals","Rhabdomys pumilio","Africa","temperature","C","all","all",0.0269021659894028,0.00999687709303505
"10.1111/1365-2656.12888","2018","Mammals","Rhabdomys pumilio","Africa","temperature","C","all","all",0.0359824459346416,0.0139388428605838
"10.1111/1365-2656.12888","2018","Mammals","Rhabdomys pumilio","Africa","temperature","C","all","all",0.0598081740432348,0.00934878248687967
"10.1111/1365-2656.12888","2018","Mammals","Rhabdomys pumilio","Africa","temperature","C","all","all",0.0497309373909909,0.0291306831164148
"10.1111/1365-2656.12888","2018","Mammals","Rhabdomys pumilio","Africa","temperature","C","all","all",0.0446444232929188,0.00730690022638712
"10.1111/1365-2656.12888","2018","Mammals","Rhabdomys pumilio","Africa","temperature","C","all","all",0.0269663202702054,0.0110406902238439
"10.1111/1365-2656.12888","2018","Mammals","Rhabdomys pumilio","Africa","temperature","C","all","all",0.0359460241129766,0.0195496892113388
"10.1111/1365-2656.12888","2018","Mammals","Rhabdomys pumilio","Africa","temperature","C","all","all",0.0262601219533678,0.00513968290728563
"10.1111/1365-2656.12888","2018","Mammals","Rhabdomys pumilio","Africa","temperature","C","all","all",0.0428649209496357,0.0289887577167115
"10.1111/1365-2656.12888","2018","Mammals","Rhabdomys pumilio","Africa","temperature","C","all","all",0.0437343853426061,0.000901969465099181
"10.1111/1365-2656.12888","2018","Mammals","Rhabdomys pumilio","Africa","temperature","C","all","all",0.00616481985116825,0.00277245046832817
"10.1111/1365-2656.12888","2018","Mammals","Rhabdomys pumilio","Africa","temperature","C","all","all",0.0355398968423568,0.00629354856828041
"10.1111/1365-2656.12888","2018","Mammals","Rhabdomys pumilio","Africa","temperature","C","all","all",0.0113340504382256,0.020567453853859
"10.1111/1365-2656.12888","2018","Mammals","Rhabdomys pumilio","Africa","temperature","C","all","all",0.0330619610173864,0.00096832954714457
"10.1111/1365-2656.12888","2018","Mammals","Rhabdomys pumilio","Africa","temperature","C","all","all",0.049253064980096,0.00356058812874855
"10.1111/1365-2656.12888","2018","Mammals","Rhabdomys pumilio","Africa","temperature","C","all","all",0.0250870829578195,0.0172452139241171
"10.1111/1365-2656.12888","2018","Mammals","Rhabdomys pumilio","Africa","temperature","C","all","all",0.0306594733480336,0.00825174808550247
"10.1111/1365-2656.12888","2018","Mammals","Rhabdomys pumilio","Africa","temperature","C","all","all",0.0324454808385244,0.0243813377467725
"10.1111/1365-2656.12888","2018","Mammals","Rhabdomys pumilio","Africa","temperature","C","all","all",0.0354094651963581,0.000933317687627561
"10.1111/1365-2656.12888","2018","Mammals","Rhabdomys pumilio","Africa","temperature","C","all","all",0.0609089467937036,0.0376529866641799
"10.1111/1365-2656.12888","2018","Mammals","Rhabdomys pumilio","Africa","temperature","C","all","all",0.0282437807738147,0.00192957755618247
"10.1111/1365-2656.12888","2018","Mammals","Rhabdomys pumilio","Africa","temperature","C","all","all",0.0311614182939668,0.00418703578866871
"10.1111/1365-2656.12888","2018","Mammals","Rhabdomys pumilio","Africa","temperature","C","all","all",0.0741774950642831,0.0296986030486876
"10.1111/1365-2656.12888","2018","Mammals","Rhabdomys pumilio","Africa","temperature","C","all","all",0.0532148189020737,0.0224163243913366
"10.1111/1365-2656.12888","2018","Mammals","Rhabdomys pumilio","Africa","temperature","C","all","all",0.049583574021849,0.023678248091445
"10.1111/1365-2656.12888","2018","Mammals","Rhabdomys pumilio","Africa","temperature","C","all","all",0.0444828335090321,0.00379146728513169
"10.1111/1365-2656.12888","2018","Mammals","Rhabdomys pumilio","Africa","temperature","C","all","all",0.0584182142157194,0.0139227176557252
"10.1111/1365-2656.12888","2018","Mammals","Rhabdomys pumilio","Africa","temperature","C","all","all",0.0271564527363979,0.0126514149502496
"10.1111/1365-2656.12888","2018","Mammals","Rhabdomys pumilio","Africa","temperature","C","all","all",0.0732338749026338,0.0477296361707297
"10.1111/1365-2656.12888","2018","Mammals","Rhabdomys pumilio","Africa","temperature","C","all","all",0.043583445589555,0.0135732652869442
"10.1111/1365-2656.12888","2018","Mammals","Rhabdomys pumilio","Africa","temperature","C","all","all",0.0564199025278147,0.0383014819283664
"10.1111/1365-2656.12888","2018","Mammals","Rhabdomys pumilio","Africa","temperature","C","all","all",0.0473636831354659,0.00585783170727595
"10.1111/1365-2656.12888","2018","Mammals","Rhabdomys pumilio","Africa","temperature","C","all","all",0.0364061311488099,0.00896161211604507
"10.1111/1365-2656.12888","2018","Mammals","Rhabdomys pumilio","Africa","temperature","C","all","all",0.0416440960578684,0.0149362065955443
"10.1111/1365-2656.12888","2018","Mammals","Rhabdomys pumilio","Africa","temperature","C","all","all",0.0315237549405427,0.00422474500307949
"10.1111/1365-2656.12888","2018","Mammals","Rhabdomys pumilio","Africa","temperature","C","all","all",0.0463831024896216,0.028218459432111
"10.1111/1365-2656.12888","2018","Mammals","Rhabdomys pumilio","Africa","temperature","C","all","all",0.0536856455871082,0.0199610587425465
"10.1111/1365-2656.12888","2018","Mammals","Rhabdomys pumilio","Africa","temperature","C","all","all",0.0634662318251332,0.0204462898850098
"10.1111/1365-2656.12888","2018","Mammals","Rhabdomys pumilio","Africa","temperature","C","all","all",0.0366032461464585,0.0245527813059082
"10.1111/1365-2656.12888","2018","Mammals","Rhabdomys pumilio","Africa","temperature","C","all","all",0.0390908077790341,0.00504005740407343
"10.1111/1365-2656.12888","2018","Mammals","Rhabdomys pumilio","Africa","temperature","C","all","all",0.0408019327837163,0.00636876663902257
"10.1111/1365-2656.12888","2018","Mammals","Rhabdomys pumilio","Africa","temperature","C","all","all",0.0302983959991428,0.0152436306183382
"10.1111/1365-2656.12888","2018","Mammals","Rhabdomys pumilio","Africa","temperature","C","all","all",0.0622598181251962,0.0401556355863767
"10.1111/1365-2656.12888","2018","Mammals","Rhabdomys pumilio","Africa","temperature","C","all","all",0.0369124217359068,0.0204468193265211
"10.1111/1365-2656.12888","2018","Mammals","Rhabdomys pumilio","Africa","temperature","C","all","all",0.0300454509351018,0.0140532447414132
"10.1111/1365-2656.12888","2018","Mammals","Rhabdomys pumilio","Africa","temperature","C","all","all",0.00620162362926341,0.00694522625413028
"10.1111/1365-2656.12888","2018","Mammals","Rhabdomys pumilio","Africa","temperature","C","all","all",0.0236634704408032,0.00386395359403621
"10.1111/1365-2656.12888","2018","Mammals","Rhabdomys pumilio","Africa","temperature","C","all","all",0.0659478544450635,0.0376996737632909
"10.1111/1365-2656.12888","2018","Mammals","Rhabdomys pumilio","Africa","temperature","C","all","all",0.049605458624692,0.0298477132678802
"10.1111/1365-2656.12888","2018","Mammals","Rhabdomys pumilio","Africa","temperature","C","all","all",0.0405566775464971,0.0258569259726102
"10.1111/1365-2656.12888","2018","Mammals","Rhabdomys pumilio","Africa","temperature","C","all","all",0.0130455042968163,0.00983065915905309
"10.1111/1365-2656.12888","2018","Mammals","Rhabdomys pumilio","Africa","temperature","C","all","all",0.0394886251607076,0.0112759253612136
"10.1111/1365-2656.12888","2018","Mammals","Rhabdomys pumilio","Africa","temperature","C","all","all",0.0635219150566931,0.0283266184396467
"10.1111/1365-2656.12888","2018","Mammals","Rhabdomys pumilio","Africa","temperature","C","all","all",0.0581898645980365,0.0270198346570864
"10.1111/1365-2656.12888","2018","Mammals","Rhabdomys pumilio","Africa","temperature","C","all","all",0.0442845499038239,0.00245217289173871
"10.1111/1365-2656.12888","2018","Mammals","Rhabdomys pumilio","Africa","temperature","C","all","all",0.0488425620299815,0.00889617644830763
"10.1111/1365-2656.12888","2018","Mammals","Rhabdomys pumilio","Africa","temperature","C","all","all",0.0540766079601909,0.0108970328950939
"10.1111/1365-2656.12888","2018","Mammals","Rhabdomys pumilio","Africa","temperature","C","all","all",0.041670863305931,0.0240523650847189
"10.1111/1365-2656.12888","2018","Mammals","Rhabdomys pumilio","Africa","temperature","C","all","all",0.0342652268737004,0.0220347055443376
"10.1111/1365-2656.12888","2018","Mammals","Rhabdomys pumilio","Africa","temperature","C","all","all",0.027202213456549,0.00887297846748958
"10.1111/1365-2656.12888","2018","Mammals","Rhabdomys pumilio","Africa","temperature","C","all","all",0.00957645166555652,0.00558418686357145
"10.1111/1365-2656.12888","2018","Mammals","Rhabdomys pumilio","Africa","temperature","C","all","all",0.0635215599952442,0.0443676586589078
"10.1111/1365-2656.12888","2018","Mammals","Rhabdomys pumilio","Africa","temperature","C","all","all",0.0345253255198884,0.0155990541362371
"10.1111/1365-2656.12888","2018","Mammals","Rhabdomys pumilio","Africa","temperature","C","all","all",0.0505234272965279,0.0240614631095792
"10.1111/1365-2656.12888","2018","Mammals","Rhabdomys pumilio","Africa","temperature","C","all","all",0.0675039793162424,0.0344003371894711
"10.1111/1365-2656.12888","2018","Mammals","Rhabdomys pumilio","Africa","temperature","C","all","all",0.0561761280495297,0.0275680112150191
"10.1111/1365-2656.12888","2018","Mammals","Rhabdomys pumilio","Africa","temperature","C","all","all",0.0233531481341626,0.0410628647525123
"10.1111/1365-2656.12888","2018","Mammals","Rhabdomys pumilio","Africa","temperature","C","all","all",0.0365612185767872,0.0203857354801675
"10.1111/1365-2656.12888","2018","Mammals","Rhabdomys pumilio","Africa","food availability","B","all","all",0.0046246765163998,0.00935397929671556
"10.1111/1365-2656.12888","2018","Mammals","Rhabdomys pumilio","Africa","food availability","B","all","all",0.00410302437005837,0.0151332983136741
"10.1111/1365-2656.12888","2018","Mammals","Rhabdomys pumilio","Africa","food availability","B","all","all",0.041705880369959,0.0191170117723878
"10.1111/1365-2656.12888","2018","Mammals","Rhabdomys pumilio","Africa","food availability","B","all","all",0.0407733400930446,0.0157065346958612
"10.1111/1365-2656.12888","2018","Mammals","Rhabdomys pumilio","Africa","food availability","B","all","all",0.00886023296878374,0.0186957489704762
"10.1111/1365-2656.12888","2018","Mammals","Rhabdomys pumilio","Africa","food availability","B","all","all",0.00351436190836551,0.0368375305150057
"10.1111/1365-2656.12888","2018","Mammals","Rhabdomys pumilio","Africa","food availability","B","all","all",0.0166205438356588,0.0422264840562626
"10.1111/1365-2656.12888","2018","Mammals","Rhabdomys pumilio","Africa","food availability","B","all","all",0.0185475537858262,0.187343587975371
"10.1111/1365-2656.12888","2018","Mammals","Rhabdomys pumilio","Africa","food availability","B","all","all",0.00636394148792954,0.00230748050496768
"10.1111/1365-2656.12888","2018","Mammals","Rhabdomys pumilio","Africa","food availability","B","all","all",0.0240915784328829,0.015746230113946
"10.1111/1365-2656.12888","2018","Mammals","Rhabdomys pumilio","Africa","food availability","B","all","all",0.00468188732038983,0.0619453129164134
"10.1111/1365-2656.12888","2018","Mammals","Rhabdomys pumilio","Africa","food availability","B","all","all",0.0185068651502232,0.0667801927691889
"10.1111/1365-2656.12888","2018","Mammals","Rhabdomys pumilio","Africa","food availability","B","all","all",0.00481489646408905,0.0211310714522607
"10.1111/1365-2656.12888","2018","Mammals","Rhabdomys pumilio","Africa","food availability","B","all","all",0.0629884023328314,0.0644414463215828
"10.1111/1365-2656.12888","2018","Mammals","Rhabdomys pumilio","Africa","food availability","B","all","all",0.0330585307264984,0.0250292834973869
"10.1111/1365-2656.12888","2018","Mammals","Rhabdomys pumilio","Africa","food availability","B","all","all",0.0243256051511053,0.0581630786872869
"10.1111/1365-2656.12888","2018","Mammals","Rhabdomys pumilio","Africa","food availability","B","all","all",0.0144382775885393,0.00467571664688441
"10.1111/1365-2656.12888","2018","Mammals","Rhabdomys pumilio","Africa","food availability","B","all","all",0.023734223209099,0.0778630325835731
"10.1111/1365-2656.12888","2018","Mammals","Rhabdomys pumilio","Africa","food availability","B","all","all",0.0278189837912614,0.0267716617261409
"10.1111/1365-2656.12888","2018","Mammals","Rhabdomys pumilio","Africa","food availability","B","all","all",0.0114634874813926,0.107611741430087
"10.1111/1365-2656.12888","2018","Mammals","Rhabdomys pumilio","Africa","food availability","B","all","all",0.00123463463641543,0.00197965231547351
"10.1111/1365-2656.12888","2018","Mammals","Rhabdomys pumilio","Africa","food availability","B","all","all",0.0202962336846947,0.0749725630406814
"10.1111/1365-2656.12888","2018","Mammals","Rhabdomys pumilio","Africa","food availability","B","all","all",0.0183740398079359,0.037567757974148
"10.1111/1365-2656.12888","2018","Mammals","Rhabdomys pumilio","Africa","food availability","B","all","all",0.0638759912774022,0.15245806703843
"10.1111/1365-2656.12888","2018","Mammals","Rhabdomys pumilio","Africa","food availability","B","all","all",0.00616311478793237,0.0267796157071557
"10.1111/1365-2656.12888","2018","Mammals","Rhabdomys pumilio","Africa","food availability","B","all","all",0.0253974525129541,0.0512577599615935
"10.1111/1365-2656.12888","2018","Mammals","Rhabdomys pumilio","Africa","food availability","B","all","all",0.00469848981928358,0.00222704873376283
"10.1111/1365-2656.12888","2018","Mammals","Rhabdomys pumilio","Africa","food availability","B","all","all",0.0387033208042276,0.0265600773793869
"10.1111/1365-2656.12888","2018","Mammals","Rhabdomys pumilio","Africa","food availability","B","all","all",0.0243805945357259,0.0108687297766206
"10.1111/1365-2656.12888","2018","Mammals","Rhabdomys pumilio","Africa","food availability","B","all","all",0.0140707135435412,0.0477889037705579
"10.1111/1365-2656.12888","2018","Mammals","Rhabdomys pumilio","Africa","food availability","B","all","all",0.0221613959678073,0.124214446008596
"10.1111/1365-2656.12888","2018","Mammals","Rhabdomys pumilio","Africa","food availability","B","all","all",0.0511257415387212,0.0822725809864931
"10.1111/1365-2656.12888","2018","Mammals","Rhabdomys pumilio","Africa","food availability","B","all","all",0.0105395291978406,0.0358419160674727
"10.1111/1365-2656.12888","2018","Mammals","Rhabdomys pumilio","Africa","food availability","B","all","all",0.0475542341062682,0.0361736239719214
"10.1111/1365-2656.12888","2018","Mammals","Rhabdomys pumilio","Africa","food availability","B","all","all",0.00357123028194289,0.0298594435464192
"10.1111/1365-2656.12888","2018","Mammals","Rhabdomys pumilio","Africa","food availability","B","all","all",0.0281481022623123,0.0444900303410394
"10.1111/1365-2656.12888","2018","Mammals","Rhabdomys pumilio","Africa","food availability","B","all","all",0.0299901231083996,0.0760295469430111
"10.1111/1365-2656.12888","2018","Mammals","Rhabdomys pumilio","Africa","food availability","B","all","all",0.0266517284534595,0.0295604318969657
"10.1111/1365-2656.12888","2018","Mammals","Rhabdomys pumilio","Africa","food availability","B","all","all",0.0201300408095981,0.0255891055172766
"10.1111/1365-2656.12888","2018","Mammals","Rhabdomys pumilio","Africa","food availability","B","all","all",0.00746789884692278,0.0238421848611058
"10.1111/1365-2656.12888","2018","Mammals","Rhabdomys pumilio","Africa","food availability","B","all","all",0.0278099672010906,0.015391161095005
"10.1111/1365-2656.12888","2018","Mammals","Rhabdomys pumilio","Africa","food availability","B","all","all",0.0170703859372073,0.0671873872740725
"10.1111/1365-2656.12888","2018","Mammals","Rhabdomys pumilio","Africa","food availability","B","all","all",0.0142598877920864,0.0316322851500929
"10.1111/1365-2656.12888","2018","Mammals","Rhabdomys pumilio","Africa","food availability","B","all","all",0.0149680076419579,0.0023609676452548
"10.1111/1365-2656.12888","2018","Mammals","Rhabdomys pumilio","Africa","food availability","B","all","all",0.0435211481062737,0.00224959196980417
"10.1111/1365-2656.12888","2018","Mammals","Rhabdomys pumilio","Africa","food availability","B","all","all",0.0389701458470413,0.0560233770935104
"10.1111/1365-2656.12888","2018","Mammals","Rhabdomys pumilio","Africa","food availability","B","all","all",0.00876133927600252,0.0105566633685109
"10.1111/1365-2656.12888","2018","Mammals","Rhabdomys pumilio","Africa","food availability","B","all","all",0.0580957418679001,0.0620786282750579
"10.1111/1365-2656.12888","2018","Mammals","Rhabdomys pumilio","Africa","food availability","B","all","all",0.0405668511416316,0.0231466143313286
"10.1111/1365-2656.12888","2018","Mammals","Rhabdomys pumilio","Africa","food availability","B","all","all",0.0210212025490739,0.0429077985951952
"10.1111/1365-2656.12888","2018","Mammals","Rhabdomys pumilio","Africa","food availability","B","all","all",0.0146577452208991,0.0425302259988165
"10.1111/1365-2656.12888","2018","Mammals","Rhabdomys pumilio","Africa","food availability","B","all","all",0.0122497655222872,0.0555020012441366
"10.1111/1365-2656.12888","2018","Mammals","Rhabdomys pumilio","Africa","food availability","B","all","all",0.0199241485677372,0.0947340302267412
"10.1111/1365-2656.12888","2018","Mammals","Rhabdomys pumilio","Africa","food availability","B","all","all",0.0274244289080528,0.0554961530361659
"10.1111/1365-2656.12888","2018","Mammals","Rhabdomys pumilio","Africa","food availability","B","all","all",0.0139109258702021,0.111338226336131
"10.1111/1365-2656.12888","2018","Mammals","Rhabdomys pumilio","Africa","food availability","B","all","all",0.00826444753152239,0.00253793301606047
"10.1111/1365-2656.12888","2018","Mammals","Rhabdomys pumilio","Africa","food availability","B","all","all",0.002346368490936,0.0256936497639027
"10.1111/1365-2656.12888","2018","Mammals","Rhabdomys pumilio","Africa","food availability","B","all","all",0.0254609991682271,0.0702556653970588
"10.1111/1365-2656.12888","2018","Mammals","Rhabdomys pumilio","Africa","food availability","B","all","all",0.027719657537944,0.0546816702276393
"10.1111/1365-2656.12888","2018","Mammals","Rhabdomys pumilio","Africa","food availability","B","all","all",0.022533917820618,9.64931619093432e-05
"10.1111/1365-2656.12888","2018","Mammals","Rhabdomys pumilio","Africa","food availability","B","all","all",0.00963687608773128,0.00187142675384728
"10.1111/1365-2656.12888","2018","Mammals","Rhabdomys pumilio","Africa","food availability","B","all","all",0.00949841765578353,0.0401996404023091
"10.1111/1365-2656.12888","2018","Mammals","Rhabdomys pumilio","Africa","food availability","B","all","all",0.0249913941989158,0.059561745269382
"10.1111/1365-2656.12888","2018","Mammals","Rhabdomys pumilio","Africa","food availability","B","all","all",0.0260044616956805,0.118039735330163
"10.1111/1365-2656.12888","2018","Mammals","Rhabdomys pumilio","Africa","food availability","B","all","all",0.0210256387536095,0.00180501756539555
"10.1111/1365-2656.12888","2018","Mammals","Rhabdomys pumilio","Africa","food availability","B","all","all",0.0215357465353697,0.0149287478653752
"10.1111/1365-2656.12888","2018","Mammals","Rhabdomys pumilio","Africa","food availability","B","all","all",0.0526443187924277,0.0875526498288834
"10.1111/1365-2656.12888","2018","Mammals","Rhabdomys pumilio","Africa","food availability","B","all","all",0.0155248085180371,0.00862359149453235
"10.1111/1365-2656.12888","2018","Mammals","Rhabdomys pumilio","Africa","food availability","B","all","all",0.0437749648275545,0.0458771753505939
"10.1111/1365-2656.12888","2018","Mammals","Rhabdomys pumilio","Africa","food availability","B","all","all",0.0476140239488209,0.02384499427321
"10.1111/1365-2656.12888","2018","Mammals","Rhabdomys pumilio","Africa","food availability","B","all","all",0.0191789382420623,0.0252588079129035
"10.1111/1365-2656.12888","2018","Mammals","Rhabdomys pumilio","Africa","food availability","B","all","all",0.0516971510210503,0.143900753912766
"10.1111/1365-2656.12888","2018","Mammals","Rhabdomys pumilio","Africa","food availability","B","all","all",0.00544290255858666,0.0104310978233677
"10.1111/1365-2656.12888","2018","Mammals","Rhabdomys pumilio","Africa","food availability","B","all","all",0.0480825785155625,0.0226988461677716
"10.1111/1365-2656.12888","2018","Mammals","Rhabdomys pumilio","Africa","food availability","B","all","all",0.0618675541580152,0.0323643334423161
"10.1111/1365-2656.12888","2018","Mammals","Rhabdomys pumilio","Africa","food availability","B","all","all",0.0422983812613015,0.0113666799597123
"10.1111/1365-2656.12888","2018","Mammals","Rhabdomys pumilio","Africa","food availability","B","all","all",0.0111492277955701,0.0521913355492083
"10.1111/1365-2656.12888","2018","Mammals","Rhabdomys pumilio","Africa","food availability","B","all","all",0.0196219647868563,0.0194427458707673
"10.1111/1365-2656.12888","2018","Mammals","Rhabdomys pumilio","Africa","food availability","B","all","all",0.0393738426731979,0.0053355883427114
"10.1111/1365-2656.12888","2018","Mammals","Rhabdomys pumilio","Africa","food availability","B","all","all",0.0490939839532328,0.0216530268234265
"10.1111/1365-2656.12888","2018","Mammals","Rhabdomys pumilio","Africa","food availability","B","all","all",0.0401877517873188,0.0961723867763733
"10.1111/1365-2656.12888","2018","Mammals","Rhabdomys pumilio","Africa","food availability","B","all","all",0.0160418789767459,0.0137171141000245
"10.1111/1365-2656.12888","2018","Mammals","Rhabdomys pumilio","Africa","food availability","B","all","all",0.0359590164780122,0.0329336016956972
"10.1111/1365-2656.12888","2018","Mammals","Rhabdomys pumilio","Africa","food availability","B","all","all",0.0107813228421516,0.0935489163461803
"10.1111/1365-2656.12888","2018","Mammals","Rhabdomys pumilio","Africa","food availability","B","all","all",0.027821771683759,0.0249525276311988
"10.1111/1365-2656.12888","2018","Mammals","Rhabdomys pumilio","Africa","food availability","B","all","all",0.0514439599006929,0.145459413795049
"10.1111/1365-2656.12888","2018","Mammals","Rhabdomys pumilio","Africa","food availability","B","all","all",0.00619309401182892,0.0679277307575057
"10.1111/1365-2656.12888","2018","Mammals","Rhabdomys pumilio","Africa","food availability","B","all","all",0.0153575995105028,0.0913602384531665
"10.1111/1365-2656.12888","2018","Mammals","Rhabdomys pumilio","Africa","food availability","B","all","all",0.00961654769457923,0.0128419948672827
"10.1111/1365-2656.12888","2018","Mammals","Rhabdomys pumilio","Africa","food availability","B","all","all",0.0439606573360305,0.0263635877789739
"10.1111/1365-2656.12888","2018","Mammals","Rhabdomys pumilio","Africa","food availability","B","all","all",0.0635629013101723,0.0187765995174565
"10.1111/1365-2656.12888","2018","Mammals","Rhabdomys pumilio","Africa","food availability","B","all","all",0.0127745521896134,0.00337816951036799
"10.1111/1365-2656.12888","2018","Mammals","Rhabdomys pumilio","Africa","food availability","B","all","all",0.0444123227944824,0.00898364740745848
"10.1111/1365-2656.12888","2018","Mammals","Rhabdomys pumilio","Africa","food availability","B","all","all",0.0233386856782542,0.0138057835714429
"10.1111/1365-2656.12888","2018","Mammals","Rhabdomys pumilio","Africa","food availability","B","all","all",0.0291311220885316,0.0645625242098978
"10.1111/1365-2656.12888","2018","Mammals","Rhabdomys pumilio","Africa","food availability","B","all","all",0.0177918303961979,0.0412286038881381
"10.1111/1365-2656.12888","2018","Mammals","Rhabdomys pumilio","Africa","food availability","B","all","all",0.0418984656906461,0.0372635176058849
"10.1111/1365-2656.12888","2018","Mammals","Rhabdomys pumilio","Africa","food availability","B","all","all",0.0276048704817359,0.0051518365875949
"10.1111/1365-2656.12888","2018","Mammals","Rhabdomys pumilio","Africa","food availability","B","all","all",0.00124324626832141,0.00775004271709136
"10.1111/1365-2656.12888","2018","Mammals","Rhabdomys pumilio","Africa","food availability","B","all","all",0.00739747035674738,0.0131769509522871
"10.1111/1365-2656.12888","2018","Mammals","Rhabdomys pumilio","Africa","density","D","all","all",0.025645944865933,0.028750829658283
"10.1111/1365-2656.12888","2018","Mammals","Rhabdomys pumilio","Africa","density","D","all","all",0.0495240084891654,0.0358102243453395
"10.1111/1365-2656.12888","2018","Mammals","Rhabdomys pumilio","Africa","density","D","all","all",0.0402808598779947,0.0354079047234482
"10.1111/1365-2656.12888","2018","Mammals","Rhabdomys pumilio","Africa","density","D","all","all",0.0204256366173418,0.0188136715377965
"10.1111/1365-2656.12888","2018","Mammals","Rhabdomys pumilio","Africa","density","D","all","all",0.043032387778266,0.0488560895926368
"10.1111/1365-2656.12888","2018","Mammals","Rhabdomys pumilio","Africa","density","D","all","all",0.0432961551197761,0.0437265725906828
"10.1111/1365-2656.12888","2018","Mammals","Rhabdomys pumilio","Africa","density","D","all","all",0.0574522520185972,0.0370643649599747
"10.1111/1365-2656.12888","2018","Mammals","Rhabdomys pumilio","Africa","density","D","all","all",0.0413266670364988,0.0472660572769131
"10.1111/1365-2656.12888","2018","Mammals","Rhabdomys pumilio","Africa","density","D","all","all",0.0252294266446114,0.0329839358370381
"10.1111/1365-2656.12888","2018","Mammals","Rhabdomys pumilio","Africa","density","D","all","all",0.040309320864277,0.0523023014189641
"10.1111/1365-2656.12888","2018","Mammals","Rhabdomys pumilio","Africa","density","D","all","all",0.0139178806168026,0.00292211796014491
"10.1111/1365-2656.12888","2018","Mammals","Rhabdomys pumilio","Africa","density","D","all","all",0.0158885420593016,0.023104576506501
"10.1111/1365-2656.12888","2018","Mammals","Rhabdomys pumilio","Africa","density","D","all","all",0.0500437979121053,0.0588782038176164
"10.1111/1365-2656.12888","2018","Mammals","Rhabdomys pumilio","Africa","density","D","all","all",0.0530690686595976,0.0506710586800458
"10.1111/1365-2656.12888","2018","Mammals","Rhabdomys pumilio","Africa","density","D","all","all",0.0117892508518411,0.0207574481691678
"10.1111/1365-2656.12888","2018","Mammals","Rhabdomys pumilio","Africa","density","D","all","all",0.029175191700654,0.0287449147877547
"10.1111/1365-2656.12888","2018","Mammals","Rhabdomys pumilio","Africa","density","D","all","all",0.0118843578229459,0.0165769085432152
"10.1111/1365-2656.12888","2018","Mammals","Rhabdomys pumilio","Africa","density","D","all","all",0.0240454763667178,0.00798260890055164
"10.1111/1365-2656.12888","2018","Mammals","Rhabdomys pumilio","Africa","density","D","all","all",0.0464979294241751,0.0508017918697986
"10.1111/1365-2656.12888","2018","Mammals","Rhabdomys pumilio","Africa","density","D","all","all",0.0588101219792637,0.0524743648666455
"10.1111/1365-2656.12888","2018","Mammals","Rhabdomys pumilio","Africa","density","D","all","all",0.0285188751266824,0.0310796843120862
"10.1111/1365-2656.12888","2018","Mammals","Rhabdomys pumilio","Africa","density","D","all","all",0.0244162873813012,0.0142573007148726
"10.1111/1365-2656.12888","2018","Mammals","Rhabdomys pumilio","Africa","density","D","all","all",0.0541133783316579,0.0617280725521068
"10.1111/1365-2656.12888","2018","Mammals","Rhabdomys pumilio","Africa","density","D","all","all",0.0566954585762962,0.0443169944160116
"10.1111/1365-2656.12888","2018","Mammals","Rhabdomys pumilio","Africa","density","D","all","all",0.0303686389429848,0.0229541517643169
"10.1111/1365-2656.12888","2018","Mammals","Rhabdomys pumilio","Africa","density","D","all","all",0.0380133905846834,0.028938779585493
"10.1111/1365-2656.12888","2018","Mammals","Rhabdomys pumilio","Africa","density","D","all","all",0.0258453402163304,0.056273679359024
"10.1111/1365-2656.12888","2018","Mammals","Rhabdomys pumilio","Africa","density","D","all","all",0.0521491915512507,0.0421562114601821
"10.1111/1365-2656.12888","2018","Mammals","Rhabdomys pumilio","Africa","density","D","all","all",0.0281667508806015,0.0311372765722254
"10.1111/1365-2656.12888","2018","Mammals","Rhabdomys pumilio","Africa","density","D","all","all",0.0449645761304269,0.0593186214445752
"10.1111/1365-2656.12888","2018","Mammals","Rhabdomys pumilio","Africa","density","D","all","all",0.0265950439155864,0.0360748186974855
"10.1111/1365-2656.12888","2018","Mammals","Rhabdomys pumilio","Africa","density","D","all","all",0.0293827245307489,0.0269237238699252
"10.1111/1365-2656.12888","2018","Mammals","Rhabdomys pumilio","Africa","density","D","all","all",0.0422304259628325,0.0454429613339327
"10.1111/1365-2656.12888","2018","Mammals","Rhabdomys pumilio","Africa","density","D","all","all",0.0204848754310252,0.0196465180748556
"10.1111/1365-2656.12888","2018","Mammals","Rhabdomys pumilio","Africa","density","D","all","all",0.030851285448132,0.0399668610460739
"10.1111/1365-2656.12888","2018","Mammals","Rhabdomys pumilio","Africa","density","D","all","all",0.0593990353753864,0.0607592940083036
"10.1111/1365-2656.12888","2018","Mammals","Rhabdomys pumilio","Africa","density","D","all","all",0.0311902577514511,0.0305778269223341
"10.1111/1365-2656.12888","2018","Mammals","Rhabdomys pumilio","Africa","density","D","all","all",0.0217854577149697,0.0196469255457978
"10.1111/1365-2656.12888","2018","Mammals","Rhabdomys pumilio","Africa","density","D","all","all",0.0359546874578678,0.0323015994896872
"10.1111/1365-2656.12888","2018","Mammals","Rhabdomys pumilio","Africa","density","D","all","all",0.0320499180096499,0.0211166540871127
"10.1111/1365-2656.12888","2018","Mammals","Rhabdomys pumilio","Africa","density","D","all","all",0.0266864866997411,0.0385289999390462
"10.1111/1365-2656.12888","2018","Mammals","Rhabdomys pumilio","Africa","density","D","all","all",0.0189279243655643,0.0185995419906913
"10.1111/1365-2656.12888","2018","Mammals","Rhabdomys pumilio","Africa","density","D","all","all",0.036774101604959,0.0285041349508422
"10.1111/1365-2656.12888","2018","Mammals","Rhabdomys pumilio","Africa","density","D","all","all",0.0360125826828795,0.0393470062243819
"10.1111/1365-2656.12888","2018","Mammals","Rhabdomys pumilio","Africa","density","D","all","all",0.0422534327663407,0.0412880240541997
"10.1111/1365-2656.12888","2018","Mammals","Rhabdomys pumilio","Africa","density","D","all","all",0.0398856385383098,0.0310211542215588
"10.1111/1365-2656.12888","2018","Mammals","Rhabdomys pumilio","Africa","density","D","all","all",0.0290871434154771,0.035796646062979
"10.1111/1365-2656.12888","2018","Mammals","Rhabdomys pumilio","Africa","density","D","all","all",0.0547545228723467,0.0390643630984868
"10.1111/1365-2656.12888","2018","Mammals","Rhabdomys pumilio","Africa","density","D","all","all",0.0317454456099952,0.0267208108380628
"10.1111/1365-2656.12888","2018","Mammals","Rhabdomys pumilio","Africa","density","D","all","all",0.0422374450109358,0.0413033636152726
"10.1111/1365-2656.12888","2018","Mammals","Rhabdomys pumilio","Africa","density","D","all","all",0.0200402317633629,0.0235039106473077
"10.1111/1365-2656.12888","2018","Mammals","Rhabdomys pumilio","Africa","density","D","all","all",0.0488083792381995,0.0523162522537326
"10.1111/1365-2656.12888","2018","Mammals","Rhabdomys pumilio","Africa","density","D","all","all",0.0429923756270875,0.0368453453828808
"10.1111/1365-2656.12888","2018","Mammals","Rhabdomys pumilio","Africa","density","D","all","all",0.0283438783758756,0.0318248222286929
"10.1111/1365-2656.12888","2018","Mammals","Rhabdomys pumilio","Africa","density","D","all","all",0.0419491124828517,0.0471089233222731
"10.1111/1365-2656.12888","2018","Mammals","Rhabdomys pumilio","Africa","density","D","all","all",0.0439534784126797,0.0474377982694931
"10.1111/1365-2656.12888","2018","Mammals","Rhabdomys pumilio","Africa","density","D","all","all",0.0525003421663259,0.0680153679447352
"10.1111/1365-2656.12888","2018","Mammals","Rhabdomys pumilio","Africa","density","D","all","all",0.0493326822973431,0.0534253058772616
"10.1111/1365-2656.12888","2018","Mammals","Rhabdomys pumilio","Africa","density","D","all","all",0.0205193904607207,0.025857600350893
"10.1111/1365-2656.12888","2018","Mammals","Rhabdomys pumilio","Africa","density","D","all","all",0.0573125075159497,0.0652580269852322
"10.1111/1365-2656.12888","2018","Mammals","Rhabdomys pumilio","Africa","density","D","all","all",0.0362040085679707,0.0356210513081303
"10.1111/1365-2656.12888","2018","Mammals","Rhabdomys pumilio","Africa","density","D","all","all",0.0320016100553904,0.0469449113407274
"10.1111/1365-2656.12888","2018","Mammals","Rhabdomys pumilio","Africa","density","D","all","all",0.0447579707353555,0.042001793915248
"10.1111/1365-2656.12888","2018","Mammals","Rhabdomys pumilio","Africa","density","D","all","all",0.032714514037364,0.0491703028157631
"10.1111/1365-2656.12888","2018","Mammals","Rhabdomys pumilio","Africa","density","D","all","all",0.0255554297944557,0.0301007020578166
"10.1111/1365-2656.12888","2018","Mammals","Rhabdomys pumilio","Africa","density","D","all","all",0.0396933414645106,0.0428571102746557
"10.1111/1365-2656.12888","2018","Mammals","Rhabdomys pumilio","Africa","density","D","all","all",0.0401273631932768,0.019295112644639
"10.1111/1365-2656.12888","2018","Mammals","Rhabdomys pumilio","Africa","density","D","all","all",0.0238813627657859,0.0254998042150215
"10.1111/1365-2656.12888","2018","Mammals","Rhabdomys pumilio","Africa","density","D","all","all",0.0149250378180229,0.0184221095630949
"10.1111/1365-2656.12888","2018","Mammals","Rhabdomys pumilio","Africa","density","D","all","all",0.0300446408192362,0.0290810058378681
"10.1111/1365-2656.12888","2018","Mammals","Rhabdomys pumilio","Africa","density","D","all","all",0.0444323112150433,0.045899158712339
"10.1111/1365-2656.12888","2018","Mammals","Rhabdomys pumilio","Africa","density","D","all","all",0.04765044189513,0.0384522483903761
"10.1111/1365-2656.12888","2018","Mammals","Rhabdomys pumilio","Africa","density","D","all","all",0.0297297890655063,0.0315194946036447
"10.1111/1365-2656.12888","2018","Mammals","Rhabdomys pumilio","Africa","density","D","all","all",0.0466696563905425,0.0450578964058109
"10.1111/1365-2656.12888","2018","Mammals","Rhabdomys pumilio","Africa","density","D","all","all",0.0439615770896867,0.0424274831751151
"10.1111/1365-2656.12888","2018","Mammals","Rhabdomys pumilio","Africa","density","D","all","all",0.0519403021052563,0.0414388545007148
"10.1111/1365-2656.12888","2018","Mammals","Rhabdomys pumilio","Africa","density","D","all","all",0.0304992396874962,0.0236648239833671
"10.1111/1365-2656.12888","2018","Mammals","Rhabdomys pumilio","Africa","density","D","all","all",0.0213284506135638,0.00868021711585277
"10.1111/1365-2656.12888","2018","Mammals","Rhabdomys pumilio","Africa","density","D","all","all",0.0509072149545895,0.0322060079051056
"10.1111/1365-2656.12888","2018","Mammals","Rhabdomys pumilio","Africa","density","D","all","all",0.0490169909136756,0.0348227771136993
"10.1111/1365-2656.12888","2018","Mammals","Rhabdomys pumilio","Africa","density","D","all","all",0.0423802653791233,0.0470801755891948
"10.1111/1365-2656.12888","2018","Mammals","Rhabdomys pumilio","Africa","density","D","all","all",0.0494615864430669,0.0446313864165508
"10.1111/1365-2656.12888","2018","Mammals","Rhabdomys pumilio","Africa","density","D","all","all",0.0459545174903533,0.0253257277273214
"10.1111/1365-2656.12888","2018","Mammals","Rhabdomys pumilio","Africa","density","D","all","all",0.0381242748002263,0.0353192921325419
"10.1111/1365-2656.12888","2018","Mammals","Rhabdomys pumilio","Africa","density","D","all","all",0.0170320765346405,0.0430619656910095
"10.1111/1365-2656.12888","2018","Mammals","Rhabdomys pumilio","Africa","density","D","all","all",0.0436482439410663,0.042123770010338
"10.1111/1365-2656.12888","2018","Mammals","Rhabdomys pumilio","Africa","density","D","all","all",0.021597006744936,0.027980721733676
"10.1111/1365-2656.12888","2018","Mammals","Rhabdomys pumilio","Africa","density","D","all","all",0.0277074444382796,0.0241049120979435
"10.1111/1365-2656.12888","2018","Mammals","Rhabdomys pumilio","Africa","density","D","all","all",0.0509682110672692,0.0422448432624469
"10.1111/1365-2656.12888","2018","Mammals","Rhabdomys pumilio","Africa","density","D","all","all",0.0798467216929956,0.0705718507261756
"10.1111/1365-2656.12888","2018","Mammals","Rhabdomys pumilio","Africa","density","D","all","all",0.0506025904964562,0.0613520389412195
"10.1111/1365-2656.12888","2018","Mammals","Rhabdomys pumilio","Africa","density","D","all","all",0.0334976462451534,0.0314837612993993
"10.1111/1365-2656.12888","2018","Mammals","Rhabdomys pumilio","Africa","density","D","all","all",0.0397497790740444,0.0379911688311673
"10.1111/1365-2656.12888","2018","Mammals","Rhabdomys pumilio","Africa","density","D","all","all",0.0369864007034433,0.0501616059729987
"10.1111/1365-2656.12888","2018","Mammals","Rhabdomys pumilio","Africa","density","D","all","all",0.0246493793366724,0.0334063806573264
"10.1111/1365-2656.12888","2018","Mammals","Rhabdomys pumilio","Africa","density","D","all","all",0.0497401396767278,0.0487484527251425
"10.1111/1365-2656.12888","2018","Mammals","Rhabdomys pumilio","Africa","density","D","all","all",0.0469160833374627,0.0436141662877298
"10.1111/1365-2656.12888","2018","Mammals","Rhabdomys pumilio","Africa","density","D","all","all",0.0426227700977264,0.0324421667607526
"10.1111/1365-2656.12888","2018","Mammals","Rhabdomys pumilio","Africa","density","D","all","all",0.0600190774351688,0.0657503834138425
"10.1111/1365-2656.12888","2018","Mammals","Rhabdomys pumilio","Africa","density","D","all","all",0.0496131837543775,0.0411290755768934
"10.1111/1365-2656.12888","2018","Mammals","Rhabdomys pumilio","Africa","lagged temperature","C","all","all",0.020215256546581,0.0089628528267451
"10.1111/1365-2656.12888","2018","Mammals","Rhabdomys pumilio","Africa","lagged temperature","C","all","all",0.057106457255989,0.00615697360657292
"10.1111/1365-2656.12888","2018","Mammals","Rhabdomys pumilio","Africa","lagged temperature","C","all","all",0.0533677407460326,0.0128573232707334
"10.1111/1365-2656.12888","2018","Mammals","Rhabdomys pumilio","Africa","lagged temperature","C","all","all",0.0310429191686051,0.013496860375597
"10.1111/1365-2656.12888","2018","Mammals","Rhabdomys pumilio","Africa","lagged temperature","C","all","all",0.0464734461829341,0.0174222276887735
"10.1111/1365-2656.12888","2018","Mammals","Rhabdomys pumilio","Africa","lagged temperature","C","all","all",0.0422578369304945,0.0194567985210164
"10.1111/1365-2656.12888","2018","Mammals","Rhabdomys pumilio","Africa","lagged temperature","C","all","all",0.0477020246611048,0.0202054467681781
"10.1111/1365-2656.12888","2018","Mammals","Rhabdomys pumilio","Africa","lagged temperature","C","all","all",0.0281288946303821,0.0155579084283697
"10.1111/1365-2656.12888","2018","Mammals","Rhabdomys pumilio","Africa","lagged temperature","C","all","all",0.0591673903495935,0.003334253670676
"10.1111/1365-2656.12888","2018","Mammals","Rhabdomys pumilio","Africa","lagged temperature","C","all","all",0.0152564965132266,0.0208195596016233
"10.1111/1365-2656.12888","2018","Mammals","Rhabdomys pumilio","Africa","lagged temperature","C","all","all",0.0318350241135061,0.00592122613248116
"10.1111/1365-2656.12888","2018","Mammals","Rhabdomys pumilio","Africa","lagged temperature","C","all","all",0.0199652692842887,0.0127002781683046
"10.1111/1365-2656.12888","2018","Mammals","Rhabdomys pumilio","Africa","lagged temperature","C","all","all",0.0295034523586322,0.0187592207275409
"10.1111/1365-2656.12888","2018","Mammals","Rhabdomys pumilio","Africa","lagged temperature","C","all","all",0.0515598321816844,0.0120584296982287
"10.1111/1365-2656.12888","2018","Mammals","Rhabdomys pumilio","Africa","lagged temperature","C","all","all",0.0422749337837576,0.0132873931341852
"10.1111/1365-2656.12888","2018","Mammals","Rhabdomys pumilio","Africa","lagged temperature","C","all","all",0.02644336071038,0.00307064570158076
"10.1111/1365-2656.12888","2018","Mammals","Rhabdomys pumilio","Africa","lagged temperature","C","all","all",0.0289079881472838,0.0109552844268031
"10.1111/1365-2656.12888","2018","Mammals","Rhabdomys pumilio","Africa","lagged temperature","C","all","all",0.0176214634940345,0.00451337126668051
"10.1111/1365-2656.12888","2018","Mammals","Rhabdomys pumilio","Africa","lagged temperature","C","all","all",0.0524534340561848,0.0258174027593993
"10.1111/1365-2656.12888","2018","Mammals","Rhabdomys pumilio","Africa","lagged temperature","C","all","all",0.0427737029970759,0.0274900057050786
"10.1111/1365-2656.12888","2018","Mammals","Rhabdomys pumilio","Africa","lagged temperature","C","all","all",0.0474125841208958,0.0200644754562231
"10.1111/1365-2656.12888","2018","Mammals","Rhabdomys pumilio","Africa","lagged temperature","C","all","all",0.0230179561116461,0.0124031854748296
"10.1111/1365-2656.12888","2018","Mammals","Rhabdomys pumilio","Africa","lagged temperature","C","all","all",0.0539589414908872,0.0163994436733652
"10.1111/1365-2656.12888","2018","Mammals","Rhabdomys pumilio","Africa","lagged temperature","C","all","all",0.0582291834816926,0.0044785956956508
"10.1111/1365-2656.12888","2018","Mammals","Rhabdomys pumilio","Africa","lagged temperature","C","all","all",0.0361324954782317,0.00143749501202356
"10.1111/1365-2656.12888","2018","Mammals","Rhabdomys pumilio","Africa","lagged temperature","C","all","all",0.0459405125491034,0.00270868502098125
"10.1111/1365-2656.12888","2018","Mammals","Rhabdomys pumilio","Africa","lagged temperature","C","all","all",0.0497083353531265,0.0253695247811009
"10.1111/1365-2656.12888","2018","Mammals","Rhabdomys pumilio","Africa","lagged temperature","C","all","all",0.0569232817528441,0.031388638424756
"10.1111/1365-2656.12888","2018","Mammals","Rhabdomys pumilio","Africa","lagged temperature","C","all","all",0.0854100629393621,0.00444746559985547
"10.1111/1365-2656.12888","2018","Mammals","Rhabdomys pumilio","Africa","lagged temperature","C","all","all",0.0363937112081113,0.0188303958771441
"10.1111/1365-2656.12888","2018","Mammals","Rhabdomys pumilio","Africa","lagged temperature","C","all","all",0.0289847225386735,0.019785556248031
"10.1111/1365-2656.12888","2018","Mammals","Rhabdomys pumilio","Africa","lagged temperature","C","all","all",0.0298334188674864,0.0123602691326995
"10.1111/1365-2656.12888","2018","Mammals","Rhabdomys pumilio","Africa","lagged temperature","C","all","all",0.050433232127606,0.011355747554714
"10.1111/1365-2656.12888","2018","Mammals","Rhabdomys pumilio","Africa","lagged temperature","C","all","all",0.0607074309808136,0.00555473808789326
"10.1111/1365-2656.12888","2018","Mammals","Rhabdomys pumilio","Africa","lagged temperature","C","all","all",0.0440507032234725,0.0131309554466545
"10.1111/1365-2656.12888","2018","Mammals","Rhabdomys pumilio","Africa","lagged temperature","C","all","all",0.064951059531951,0.0194521724813318
"10.1111/1365-2656.12888","2018","Mammals","Rhabdomys pumilio","Africa","lagged temperature","C","all","all",0.0384657181330748,0.00684353437407362
"10.1111/1365-2656.12888","2018","Mammals","Rhabdomys pumilio","Africa","lagged temperature","C","all","all",0.0207898106030258,0.00218309714101621
"10.1111/1365-2656.12888","2018","Mammals","Rhabdomys pumilio","Africa","lagged temperature","C","all","all",0.0399284002835629,0.0185747918283413
"10.1111/1365-2656.12888","2018","Mammals","Rhabdomys pumilio","Africa","lagged temperature","C","all","all",0.0442215587905659,0.00749661857242422
"10.1111/1365-2656.12888","2018","Mammals","Rhabdomys pumilio","Africa","lagged temperature","C","all","all",0.0368093265651689,0.0229764087337817
"10.1111/1365-2656.12888","2018","Mammals","Rhabdomys pumilio","Africa","lagged temperature","C","all","all",0.0206494988175021,0.00451293498980198
"10.1111/1365-2656.12888","2018","Mammals","Rhabdomys pumilio","Africa","lagged temperature","C","all","all",0.0311955349588456,0.000812148776275993
"10.1111/1365-2656.12888","2018","Mammals","Rhabdomys pumilio","Africa","lagged temperature","C","all","all",0.0157765433668796,0.0144329857338903
"10.1111/1365-2656.12888","2018","Mammals","Rhabdomys pumilio","Africa","lagged temperature","C","all","all",0.0441544324263413,0.00669898102406378
"10.1111/1365-2656.12888","2018","Mammals","Rhabdomys pumilio","Africa","lagged temperature","C","all","all",0.0346523539550637,0.000326821288590499
"10.1111/1365-2656.12888","2018","Mammals","Rhabdomys pumilio","Africa","lagged temperature","C","all","all",0.0419346389442197,0.00394500262130121
"10.1111/1365-2656.12888","2018","Mammals","Rhabdomys pumilio","Africa","lagged temperature","C","all","all",0.0237929862734877,0.0176803916160778
"10.1111/1365-2656.12888","2018","Mammals","Rhabdomys pumilio","Africa","lagged temperature","C","all","all",0.051486172518155,0.00380498794059112
"10.1111/1365-2656.12888","2018","Mammals","Rhabdomys pumilio","Africa","lagged temperature","C","all","all",0.0231239055313516,0.012622740539975
"10.1111/1365-2656.12888","2018","Mammals","Rhabdomys pumilio","Africa","lagged temperature","C","all","all",0.0132329045707638,0.00315823135218978
"10.1111/1365-2656.12888","2018","Mammals","Rhabdomys pumilio","Africa","lagged temperature","C","all","all",0.0333520965421143,0.0318147675306837
"10.1111/1365-2656.12888","2018","Mammals","Rhabdomys pumilio","Africa","lagged temperature","C","all","all",0.0265072481306493,0.0035839459291522
"10.1111/1365-2656.12888","2018","Mammals","Rhabdomys pumilio","Africa","lagged temperature","C","all","all",0.0577357808655169,0.00154681472970056
"10.1111/1365-2656.12888","2018","Mammals","Rhabdomys pumilio","Africa","lagged temperature","C","all","all",0.0158995955980093,0.0278297215331366
"10.1111/1365-2656.12888","2018","Mammals","Rhabdomys pumilio","Africa","lagged temperature","C","all","all",0.0392464048711416,0.0199704688639867
"10.1111/1365-2656.12888","2018","Mammals","Rhabdomys pumilio","Africa","lagged temperature","C","all","all",0.0569742778528557,0.0203376701443706
"10.1111/1365-2656.12888","2018","Mammals","Rhabdomys pumilio","Africa","lagged temperature","C","all","all",0.0459960069908868,0.0047219640186301
"10.1111/1365-2656.12888","2018","Mammals","Rhabdomys pumilio","Africa","lagged temperature","C","all","all",0.0298893206108222,0.0102729711902922
"10.1111/1365-2656.12888","2018","Mammals","Rhabdomys pumilio","Africa","lagged temperature","C","all","all",0.0466254917697001,0.0232831978013874
"10.1111/1365-2656.12888","2018","Mammals","Rhabdomys pumilio","Africa","lagged temperature","C","all","all",0.0552277781467886,0.0246231982121618
"10.1111/1365-2656.12888","2018","Mammals","Rhabdomys pumilio","Africa","lagged temperature","C","all","all",0.0500461359402325,0.0142338619835617
"10.1111/1365-2656.12888","2018","Mammals","Rhabdomys pumilio","Africa","lagged temperature","C","all","all",0.012960029769776,0.0383975068609241
"10.1111/1365-2656.12888","2018","Mammals","Rhabdomys pumilio","Africa","lagged temperature","C","all","all",0.00254817160996372,0.0216044512593627
"10.1111/1365-2656.12888","2018","Mammals","Rhabdomys pumilio","Africa","lagged temperature","C","all","all",0.0478218888361885,0.0111346154075121
"10.1111/1365-2656.12888","2018","Mammals","Rhabdomys pumilio","Africa","lagged temperature","C","all","all",0.0558544365154014,0.0193234239777428
"10.1111/1365-2656.12888","2018","Mammals","Rhabdomys pumilio","Africa","lagged temperature","C","all","all",0.0439820312746642,0.00605030339743463
"10.1111/1365-2656.12888","2018","Mammals","Rhabdomys pumilio","Africa","lagged temperature","C","all","all",0.0410436335106189,0.0237957832564177
"10.1111/1365-2656.12888","2018","Mammals","Rhabdomys pumilio","Africa","lagged temperature","C","all","all",0.0375234235880137,0.0183146486965517
"10.1111/1365-2656.12888","2018","Mammals","Rhabdomys pumilio","Africa","lagged temperature","C","all","all",0.0459034686489658,0.0109202724641006
"10.1111/1365-2656.12888","2018","Mammals","Rhabdomys pumilio","Africa","lagged temperature","C","all","all",0.0528404437571889,0.0209549900448012
"10.1111/1365-2656.12888","2018","Mammals","Rhabdomys pumilio","Africa","lagged temperature","C","all","all",0.0397018089450062,0.00291877551787407
"10.1111/1365-2656.12888","2018","Mammals","Rhabdomys pumilio","Africa","lagged temperature","C","all","all",0.0445258400338761,0.00302602751698145
"10.1111/1365-2656.12888","2018","Mammals","Rhabdomys pumilio","Africa","lagged temperature","C","all","all",0.0471500093332211,0.0197137185512762
"10.1111/1365-2656.12888","2018","Mammals","Rhabdomys pumilio","Africa","lagged temperature","C","all","all",0.0418810232914189,0.0258609202229707
"10.1111/1365-2656.12888","2018","Mammals","Rhabdomys pumilio","Africa","lagged temperature","C","all","all",0.0765327138348189,0.00933625238274306
"10.1111/1365-2656.12888","2018","Mammals","Rhabdomys pumilio","Africa","lagged temperature","C","all","all",0.0272644493087536,0.00575995596508916
"10.1111/1365-2656.12888","2018","Mammals","Rhabdomys pumilio","Africa","lagged temperature","C","all","all",0.0304675778710821,0.00188858602119416
"10.1111/1365-2656.12888","2018","Mammals","Rhabdomys pumilio","Africa","lagged temperature","C","all","all",0.0652290993311748,0.0044936447243578
"10.1111/1365-2656.12888","2018","Mammals","Rhabdomys pumilio","Africa","lagged temperature","C","all","all",0.0470319626811704,0.0226738259170472
"10.1111/1365-2656.12888","2018","Mammals","Rhabdomys pumilio","Africa","lagged temperature","C","all","all",0.0372705583206137,0.0277567650884965
"10.1111/1365-2656.12888","2018","Mammals","Rhabdomys pumilio","Africa","lagged temperature","C","all","all",0.06484951139803,0.0152064362244324
"10.1111/1365-2656.12888","2018","Mammals","Rhabdomys pumilio","Africa","lagged temperature","C","all","all",0.0501277744658613,0.00910077854138208
"10.1111/1365-2656.12888","2018","Mammals","Rhabdomys pumilio","Africa","lagged temperature","C","all","all",0.0403929205920517,0.011607740823857
"10.1111/1365-2656.12888","2018","Mammals","Rhabdomys pumilio","Africa","lagged temperature","C","all","all",0.020298786607878,0.047489811780088
"10.1111/1365-2656.12888","2018","Mammals","Rhabdomys pumilio","Africa","lagged temperature","C","all","all",0.0220605492249872,0.0321157466587143
"10.1111/1365-2656.12888","2018","Mammals","Rhabdomys pumilio","Africa","lagged temperature","C","all","all",0.0424745954437263,0.00220439190107762
"10.1111/1365-2656.12888","2018","Mammals","Rhabdomys pumilio","Africa","lagged temperature","C","all","all",0.0342668426561453,0.00748970944348001
"10.1111/1365-2656.12888","2018","Mammals","Rhabdomys pumilio","Africa","lagged temperature","C","all","all",0.0507749583976056,0.010078202993444
"10.1111/1365-2656.12888","2018","Mammals","Rhabdomys pumilio","Africa","lagged temperature","C","all","all",0.0202175720173108,0.0270357607236864
"10.1111/1365-2656.12888","2018","Mammals","Rhabdomys pumilio","Africa","lagged temperature","C","all","all",0.0464596721032013,0.0311004169984488
"10.1111/1365-2656.12888","2018","Mammals","Rhabdomys pumilio","Africa","lagged temperature","C","all","all",0.0378761279374078,0.00846230681277443
"10.1111/1365-2656.12888","2018","Mammals","Rhabdomys pumilio","Africa","lagged temperature","C","all","all",0.0352787429809126,0.00986339638007673
"10.1111/1365-2656.12888","2018","Mammals","Rhabdomys pumilio","Africa","lagged temperature","C","all","all",0.0199774515968641,0.0358876019464485
"10.1111/1365-2656.12888","2018","Mammals","Rhabdomys pumilio","Africa","lagged temperature","C","all","all",0.0294525881250427,0.0130939526613043
"10.1111/1365-2656.12888","2018","Mammals","Rhabdomys pumilio","Africa","lagged temperature","C","all","all",0.0594725691871371,0.0162576513779869
"10.1111/1365-2656.12888","2018","Mammals","Rhabdomys pumilio","Africa","lagged temperature","C","all","all",0.050019507407677,0.0298968246476854
"10.1111/1365-2656.12888","2018","Mammals","Rhabdomys pumilio","Africa","lagged temperature","C","all","all",0.067717287570211,0.0111426155531168
"10.1111/1365-2656.12888","2018","Mammals","Rhabdomys pumilio","Africa","lagged temperature","C","all","all",0.0148756034093988,0.0412430253223055
"10.1111/1365-2656.12888","2018","Mammals","Rhabdomys pumilio","Africa","lagged temperature","C","all","all",0.0754036832028701,0.00630183686482742
"10.1111/1365-2656.12888","2018","Mammals","Rhabdomys pumilio","Africa","lagged food availability","B","all","all",0.0958490752797729,0.226105021088855
"10.1111/1365-2656.12888","2018","Mammals","Rhabdomys pumilio","Africa","lagged food availability","B","all","all",0.0974203203022732,0.183182479346482
"10.1111/1365-2656.12888","2018","Mammals","Rhabdomys pumilio","Africa","lagged food availability","B","all","all",0.0871560851082085,0.156750777787487
"10.1111/1365-2656.12888","2018","Mammals","Rhabdomys pumilio","Africa","lagged food availability","B","all","all",0.0456798270365333,0.0306946281797413
"10.1111/1365-2656.12888","2018","Mammals","Rhabdomys pumilio","Africa","lagged food availability","B","all","all",0.0875214252518872,0.0335822411448097
"10.1111/1365-2656.12888","2018","Mammals","Rhabdomys pumilio","Africa","lagged food availability","B","all","all",0.0936109699499681,0.0515967324258002
"10.1111/1365-2656.12888","2018","Mammals","Rhabdomys pumilio","Africa","lagged food availability","B","all","all",0.0551646892874456,0.0592131944791772
"10.1111/1365-2656.12888","2018","Mammals","Rhabdomys pumilio","Africa","lagged food availability","B","all","all",0.107096994817265,0.764986906807045
"10.1111/1365-2656.12888","2018","Mammals","Rhabdomys pumilio","Africa","lagged food availability","B","all","all",0.0953590697423331,0.0696796452412559
"10.1111/1365-2656.12888","2018","Mammals","Rhabdomys pumilio","Africa","lagged food availability","B","all","all",0.0867042142649696,0.199749634766189
"10.1111/1365-2656.12888","2018","Mammals","Rhabdomys pumilio","Africa","lagged food availability","B","all","all",0.173511518220209,0.0958817355463105
"10.1111/1365-2656.12888","2018","Mammals","Rhabdomys pumilio","Africa","lagged food availability","B","all","all",0.101606536732184,0.262914258034814
"10.1111/1365-2656.12888","2018","Mammals","Rhabdomys pumilio","Africa","lagged food availability","B","all","all",0.117260139972701,0.0754946318591782
"10.1111/1365-2656.12888","2018","Mammals","Rhabdomys pumilio","Africa","lagged food availability","B","all","all",0.096111458974852,0.151315413377609
"10.1111/1365-2656.12888","2018","Mammals","Rhabdomys pumilio","Africa","lagged food availability","B","all","all",0.0991306955496832,0.0602245856627811
"10.1111/1365-2656.12888","2018","Mammals","Rhabdomys pumilio","Africa","lagged food availability","B","all","all",0.078969628450233,0.265455225085557
"10.1111/1365-2656.12888","2018","Mammals","Rhabdomys pumilio","Africa","lagged food availability","B","all","all",0.0732744103659467,0.145361726603055
"10.1111/1365-2656.12888","2018","Mammals","Rhabdomys pumilio","Africa","lagged food availability","B","all","all",0.094812645865654,0.174343270394641
"10.1111/1365-2656.12888","2018","Mammals","Rhabdomys pumilio","Africa","lagged food availability","B","all","all",0.0806512661403463,0.150763262544041
"10.1111/1365-2656.12888","2018","Mammals","Rhabdomys pumilio","Africa","lagged food availability","B","all","all",0.140899852397095,0.28564024946424
"10.1111/1365-2656.12888","2018","Mammals","Rhabdomys pumilio","Africa","lagged food availability","B","all","all",0.097505883573128,0.0339591172374673
"10.1111/1365-2656.12888","2018","Mammals","Rhabdomys pumilio","Africa","lagged food availability","B","all","all",0.094903872792674,0.218836573326956
"10.1111/1365-2656.12888","2018","Mammals","Rhabdomys pumilio","Africa","lagged food availability","B","all","all",0.145944556634387,0.124601412304053
"10.1111/1365-2656.12888","2018","Mammals","Rhabdomys pumilio","Africa","lagged food availability","B","all","all",0.104861361771025,0.427070422321953
"10.1111/1365-2656.12888","2018","Mammals","Rhabdomys pumilio","Africa","lagged food availability","B","all","all",0.0955981766190691,0.265603537518361
"10.1111/1365-2656.12888","2018","Mammals","Rhabdomys pumilio","Africa","lagged food availability","B","all","all",0.0960145197057757,0.0010860217347067
"10.1111/1365-2656.12888","2018","Mammals","Rhabdomys pumilio","Africa","lagged food availability","B","all","all",0.0883092250547742,0.0822542758467054
"10.1111/1365-2656.12888","2018","Mammals","Rhabdomys pumilio","Africa","lagged food availability","B","all","all",0.0740078913902098,0.00902708014909409
"10.1111/1365-2656.12888","2018","Mammals","Rhabdomys pumilio","Africa","lagged food availability","B","all","all",0.0695928223613488,0.0188141004742281
"10.1111/1365-2656.12888","2018","Mammals","Rhabdomys pumilio","Africa","lagged food availability","B","all","all",0.090888104126989,0.0195211893335883
"10.1111/1365-2656.12888","2018","Mammals","Rhabdomys pumilio","Africa","lagged food availability","B","all","all",0.117627914271499,0.548810910428185
"10.1111/1365-2656.12888","2018","Mammals","Rhabdomys pumilio","Africa","lagged food availability","B","all","all",0.126253939900634,0.401118089626206
"10.1111/1365-2656.12888","2018","Mammals","Rhabdomys pumilio","Africa","lagged food availability","B","all","all",0.0868472738767217,0.039415909810994
"10.1111/1365-2656.12888","2018","Mammals","Rhabdomys pumilio","Africa","lagged food availability","B","all","all",0.105941381354507,0.158386531870135
"10.1111/1365-2656.12888","2018","Mammals","Rhabdomys pumilio","Africa","lagged food availability","B","all","all",0.0644063818033106,0.0435732644927093
"10.1111/1365-2656.12888","2018","Mammals","Rhabdomys pumilio","Africa","lagged food availability","B","all","all",0.0579989741260247,0.0587910112230787
"10.1111/1365-2656.12888","2018","Mammals","Rhabdomys pumilio","Africa","lagged food availability","B","all","all",0.102199154503668,0.233688093189293
"10.1111/1365-2656.12888","2018","Mammals","Rhabdomys pumilio","Africa","lagged food availability","B","all","all",0.0951406669286132,0.148110372506809
"10.1111/1365-2656.12888","2018","Mammals","Rhabdomys pumilio","Africa","lagged food availability","B","all","all",0.0904938904189368,0.0760212629687913
"10.1111/1365-2656.12888","2018","Mammals","Rhabdomys pumilio","Africa","lagged food availability","B","all","all",0.143284029645408,0.0582285356640844
"10.1111/1365-2656.12888","2018","Mammals","Rhabdomys pumilio","Africa","lagged food availability","B","all","all",0.0557810729454967,0.00816291036346645
"10.1111/1365-2656.12888","2018","Mammals","Rhabdomys pumilio","Africa","lagged food availability","B","all","all",0.0835449548477667,0.11612596835416
"10.1111/1365-2656.12888","2018","Mammals","Rhabdomys pumilio","Africa","lagged food availability","B","all","all",0.0650327510991836,0.0921838571006397
"10.1111/1365-2656.12888","2018","Mammals","Rhabdomys pumilio","Africa","lagged food availability","B","all","all",0.054965762376117,0.11053696036033
"10.1111/1365-2656.12888","2018","Mammals","Rhabdomys pumilio","Africa","lagged food availability","B","all","all",0.0982418012419125,0.168482053371361
"10.1111/1365-2656.12888","2018","Mammals","Rhabdomys pumilio","Africa","lagged food availability","B","all","all",0.0787330736457466,0.235736283519614
"10.1111/1365-2656.12888","2018","Mammals","Rhabdomys pumilio","Africa","lagged food availability","B","all","all",0.112301080997681,0.120231774841178
"10.1111/1365-2656.12888","2018","Mammals","Rhabdomys pumilio","Africa","lagged food availability","B","all","all",0.0804450320275306,0.201965564417871
"10.1111/1365-2656.12888","2018","Mammals","Rhabdomys pumilio","Africa","lagged food availability","B","all","all",0.0606900465918978,0.0390368830678123
"10.1111/1365-2656.12888","2018","Mammals","Rhabdomys pumilio","Africa","lagged food availability","B","all","all",0.0850763279582108,0.189772385075619
"10.1111/1365-2656.12888","2018","Mammals","Rhabdomys pumilio","Africa","lagged food availability","B","all","all",0.0938206950429525,0.169171222468387
"10.1111/1365-2656.12888","2018","Mammals","Rhabdomys pumilio","Africa","lagged food availability","B","all","all",0.10074940320356,0.0856469653996607
"10.1111/1365-2656.12888","2018","Mammals","Rhabdomys pumilio","Africa","lagged food availability","B","all","all",0.139337393347537,0.320881553966697
"10.1111/1365-2656.12888","2018","Mammals","Rhabdomys pumilio","Africa","lagged food availability","B","all","all",0.0871239483809987,0.116160797967058
"10.1111/1365-2656.12888","2018","Mammals","Rhabdomys pumilio","Africa","lagged food availability","B","all","all",0.0714209989942621,0.142897440467551
"10.1111/1365-2656.12888","2018","Mammals","Rhabdomys pumilio","Africa","lagged food availability","B","all","all",0.0621544777014193,0.0316784701494864
"10.1111/1365-2656.12888","2018","Mammals","Rhabdomys pumilio","Africa","lagged food availability","B","all","all",0.0920564308481283,0.105283751257894
"10.1111/1365-2656.12888","2018","Mammals","Rhabdomys pumilio","Africa","lagged food availability","B","all","all",0.136703168993948,0.263250173049056
"10.1111/1365-2656.12888","2018","Mammals","Rhabdomys pumilio","Africa","lagged food availability","B","all","all",0.0725285131802607,0.218158129738415
"10.1111/1365-2656.12888","2018","Mammals","Rhabdomys pumilio","Africa","lagged food availability","B","all","all",0.0990092043395523,0.00135460329431865
"10.1111/1365-2656.12888","2018","Mammals","Rhabdomys pumilio","Africa","lagged food availability","B","all","all",0.0763087789162487,0.0261818034316712
"10.1111/1365-2656.12888","2018","Mammals","Rhabdomys pumilio","Africa","lagged food availability","B","all","all",0.109716749944085,0.130579248915638
"10.1111/1365-2656.12888","2018","Mammals","Rhabdomys pumilio","Africa","lagged food availability","B","all","all",0.0619245309511729,0.121229111571259
"10.1111/1365-2656.12888","2018","Mammals","Rhabdomys pumilio","Africa","lagged food availability","B","all","all",0.119761345978203,0.393939610154929
"10.1111/1365-2656.12888","2018","Mammals","Rhabdomys pumilio","Africa","lagged food availability","B","all","all",0.110828079659949,0.126031971952922
"10.1111/1365-2656.12888","2018","Mammals","Rhabdomys pumilio","Africa","lagged food availability","B","all","all",0.0745436900485377,0.00255391380179034
"10.1111/1365-2656.12888","2018","Mammals","Rhabdomys pumilio","Africa","lagged food availability","B","all","all",0.14397096253574,0.204155862747315
"10.1111/1365-2656.12888","2018","Mammals","Rhabdomys pumilio","Africa","lagged food availability","B","all","all",0.0594591198925214,0.0441039195163064
"10.1111/1365-2656.12888","2018","Mammals","Rhabdomys pumilio","Africa","lagged food availability","B","all","all",0.0838306034404397,0.312804918294993
"10.1111/1365-2656.12888","2018","Mammals","Rhabdomys pumilio","Africa","lagged food availability","B","all","all",0.0659499614991377,0.0441879703712552
"10.1111/1365-2656.12888","2018","Mammals","Rhabdomys pumilio","Africa","lagged food availability","B","all","all",0.0698628568379437,0.068296885725695
"10.1111/1365-2656.12888","2018","Mammals","Rhabdomys pumilio","Africa","lagged food availability","B","all","all",0.0904138387169909,0.263401542608874
"10.1111/1365-2656.12888","2018","Mammals","Rhabdomys pumilio","Africa","lagged food availability","B","all","all",0.099790977355242,0.175041920234682
"10.1111/1365-2656.12888","2018","Mammals","Rhabdomys pumilio","Africa","lagged food availability","B","all","all",0.101941695550087,0.0627027564622016
"10.1111/1365-2656.12888","2018","Mammals","Rhabdomys pumilio","Africa","lagged food availability","B","all","all",0.0810295142642536,0.213958813862293
"10.1111/1365-2656.12888","2018","Mammals","Rhabdomys pumilio","Africa","lagged food availability","B","all","all",0.111407862825812,0.0527266886801779
"10.1111/1365-2656.12888","2018","Mammals","Rhabdomys pumilio","Africa","lagged food availability","B","all","all",0.124220730820137,0.280504795604269
"10.1111/1365-2656.12888","2018","Mammals","Rhabdomys pumilio","Africa","lagged food availability","B","all","all",0.129040641891229,0.175805959555993
"10.1111/1365-2656.12888","2018","Mammals","Rhabdomys pumilio","Africa","lagged food availability","B","all","all",0.104974320196572,0.0837077354843483
"10.1111/1365-2656.12888","2018","Mammals","Rhabdomys pumilio","Africa","lagged food availability","B","all","all",0.101835272971785,0.113293755477367
"10.1111/1365-2656.12888","2018","Mammals","Rhabdomys pumilio","Africa","lagged food availability","B","all","all",0.118405127466162,0.345330165552714
"10.1111/1365-2656.12888","2018","Mammals","Rhabdomys pumilio","Africa","lagged food availability","B","all","all",0.0700861732314521,0.0801389702434896
"10.1111/1365-2656.12888","2018","Mammals","Rhabdomys pumilio","Africa","lagged food availability","B","all","all",0.0836328842681973,0.159638103163271
"10.1111/1365-2656.12888","2018","Mammals","Rhabdomys pumilio","Africa","lagged food availability","B","all","all",0.0616613662962907,0.15289380030098
"10.1111/1365-2656.12888","2018","Mammals","Rhabdomys pumilio","Africa","lagged food availability","B","all","all",0.046097529146526,0.0315504940503218
"10.1111/1365-2656.12888","2018","Mammals","Rhabdomys pumilio","Africa","lagged food availability","B","all","all",0.131161904247541,0.357918419410275
"10.1111/1365-2656.12888","2018","Mammals","Rhabdomys pumilio","Africa","lagged food availability","B","all","all",0.143550240724601,0.265331350766396
"10.1111/1365-2656.12888","2018","Mammals","Rhabdomys pumilio","Africa","lagged food availability","B","all","all",0.0943322103932672,0.340245479582301
"10.1111/1365-2656.12888","2018","Mammals","Rhabdomys pumilio","Africa","lagged food availability","B","all","all",0.10903562624112,0.152371584343854
"10.1111/1365-2656.12888","2018","Mammals","Rhabdomys pumilio","Africa","lagged food availability","B","all","all",0.0879840433277474,0.117353117842803
"10.1111/1365-2656.12888","2018","Mammals","Rhabdomys pumilio","Africa","lagged food availability","B","all","all",0.123624776146115,0.0844292969603388
"10.1111/1365-2656.12888","2018","Mammals","Rhabdomys pumilio","Africa","lagged food availability","B","all","all",0.0910363864740529,0.056354581922833
"10.1111/1365-2656.12888","2018","Mammals","Rhabdomys pumilio","Africa","lagged food availability","B","all","all",0.112847898005136,0.272875315489157
"10.1111/1365-2656.12888","2018","Mammals","Rhabdomys pumilio","Africa","lagged food availability","B","all","all",0.111633480947746,0.171725263189161
"10.1111/1365-2656.12888","2018","Mammals","Rhabdomys pumilio","Africa","lagged food availability","B","all","all",0.0899934776789492,0.278999714056093
"10.1111/1365-2656.12888","2018","Mammals","Rhabdomys pumilio","Africa","lagged food availability","B","all","all",0.120413784703247,0.362025826312008
"10.1111/1365-2656.12888","2018","Mammals","Rhabdomys pumilio","Africa","lagged food availability","B","all","all",0.112883124819818,0.197302928695875
"10.1111/1365-2656.12888","2018","Mammals","Rhabdomys pumilio","Africa","lagged food availability","B","all","all",0.102534898382408,0.148391185894527
"10.1111/1365-2656.12888","2018","Mammals","Rhabdomys pumilio","Africa","lagged food availability","B","all","all",0.0973523238841093,0.0266270936671817
"10.1111/1365-2656.12888","2018","Mammals","Rhabdomys pumilio","Africa","lagged food availability","B","all","all",0.0954197817356181,0.135937707541568
"10.1111/1365-2656.12888","2018","Mammals","Rhabdomys pumilio","Africa","lagged density","D","all","all",0.0384892376982142,0.0174670690337365
"10.1111/1365-2656.12888","2018","Mammals","Rhabdomys pumilio","Africa","lagged density","D","all","all",0.031206699955963,0.00681108618618395
"10.1111/1365-2656.12888","2018","Mammals","Rhabdomys pumilio","Africa","lagged density","D","all","all",0.0381984844329483,0.011738637915768
"10.1111/1365-2656.12888","2018","Mammals","Rhabdomys pumilio","Africa","lagged density","D","all","all",0.0163548102604853,0.0109018875772168
"10.1111/1365-2656.12888","2018","Mammals","Rhabdomys pumilio","Africa","lagged density","D","all","all",0.0545642259334482,0.0200997339817917
"10.1111/1365-2656.12888","2018","Mammals","Rhabdomys pumilio","Africa","lagged density","D","all","all",0.0387854741424229,0.0261996017051843
"10.1111/1365-2656.12888","2018","Mammals","Rhabdomys pumilio","Africa","lagged density","D","all","all",0.0260991538337654,0.0224182213395588
"10.1111/1365-2656.12888","2018","Mammals","Rhabdomys pumilio","Africa","lagged density","D","all","all",0.0331327459460088,0.018882046431803
"10.1111/1365-2656.12888","2018","Mammals","Rhabdomys pumilio","Africa","lagged density","D","all","all",0.048114235679868,0.00914389436085858
"10.1111/1365-2656.12888","2018","Mammals","Rhabdomys pumilio","Africa","lagged density","D","all","all",0.0462894642468441,0.0175644353909355
"10.1111/1365-2656.12888","2018","Mammals","Rhabdomys pumilio","Africa","lagged density","D","all","all",0.0181504733306186,0.00957347348512251
"10.1111/1365-2656.12888","2018","Mammals","Rhabdomys pumilio","Africa","lagged density","D","all","all",0.0279770584376264,0.0120181997852809
"10.1111/1365-2656.12888","2018","Mammals","Rhabdomys pumilio","Africa","lagged density","D","all","all",0.0415863464142785,0.0129200811650146
"10.1111/1365-2656.12888","2018","Mammals","Rhabdomys pumilio","Africa","lagged density","D","all","all",0.0394822761563135,0.0102314600412745
"10.1111/1365-2656.12888","2018","Mammals","Rhabdomys pumilio","Africa","lagged density","D","all","all",0.035851475555896,0.018966738549901
"10.1111/1365-2656.12888","2018","Mammals","Rhabdomys pumilio","Africa","lagged density","D","all","all",0.0243202538290514,0.00460515279988867
"10.1111/1365-2656.12888","2018","Mammals","Rhabdomys pumilio","Africa","lagged density","D","all","all",0.0447897607609659,0.00183181480156487
"10.1111/1365-2656.12888","2018","Mammals","Rhabdomys pumilio","Africa","lagged density","D","all","all",0.01020508065747,0.00752264167745293
"10.1111/1365-2656.12888","2018","Mammals","Rhabdomys pumilio","Africa","lagged density","D","all","all",0.0451147261621341,0.0311209436839572
"10.1111/1365-2656.12888","2018","Mammals","Rhabdomys pumilio","Africa","lagged density","D","all","all",0.0213993284951859,0.0231678036693644
"10.1111/1365-2656.12888","2018","Mammals","Rhabdomys pumilio","Africa","lagged density","D","all","all",0.0317581297278661,0.0223499636580126
"10.1111/1365-2656.12888","2018","Mammals","Rhabdomys pumilio","Africa","lagged density","D","all","all",0.0172598051598561,0.00602276992269714
"10.1111/1365-2656.12888","2018","Mammals","Rhabdomys pumilio","Africa","lagged density","D","all","all",0.0465261955032569,0.0180685802968395
"10.1111/1365-2656.12888","2018","Mammals","Rhabdomys pumilio","Africa","lagged density","D","all","all",0.0171561085983981,0.0129393944019774
"10.1111/1365-2656.12888","2018","Mammals","Rhabdomys pumilio","Africa","lagged density","D","all","all",0.0151075834890959,0.000984207924136511
"10.1111/1365-2656.12888","2018","Mammals","Rhabdomys pumilio","Africa","lagged density","D","all","all",0.0399081720584715,0.00830892204662905
"10.1111/1365-2656.12888","2018","Mammals","Rhabdomys pumilio","Africa","lagged density","D","all","all",0.0688222741141878,0.0362803626494847
"10.1111/1365-2656.12888","2018","Mammals","Rhabdomys pumilio","Africa","lagged density","D","all","all",0.0209976205585858,0.0202943185306949
"10.1111/1365-2656.12888","2018","Mammals","Rhabdomys pumilio","Africa","lagged density","D","all","all",0.0411881495398181,0.0101737258318205
"10.1111/1365-2656.12888","2018","Mammals","Rhabdomys pumilio","Africa","lagged density","D","all","all",0.0431812977927179,0.00403544987885272
"10.1111/1365-2656.12888","2018","Mammals","Rhabdomys pumilio","Africa","lagged density","D","all","all",0.0415319446127864,0.0263185099706936
"10.1111/1365-2656.12888","2018","Mammals","Rhabdomys pumilio","Africa","lagged density","D","all","all",0.0341880462783675,0.00900657015446956
"10.1111/1365-2656.12888","2018","Mammals","Rhabdomys pumilio","Africa","lagged density","D","all","all",0.043011970607362,0.0212126510254309
"10.1111/1365-2656.12888","2018","Mammals","Rhabdomys pumilio","Africa","lagged density","D","all","all",0.0384789697238193,0.0053585617699882
"10.1111/1365-2656.12888","2018","Mammals","Rhabdomys pumilio","Africa","lagged density","D","all","all",0.0266101529848623,0.00413305533309282
"10.1111/1365-2656.12888","2018","Mammals","Rhabdomys pumilio","Africa","lagged density","D","all","all",0.0435473037935289,0.0236169382080029
"10.1111/1365-2656.12888","2018","Mammals","Rhabdomys pumilio","Africa","lagged density","D","all","all",0.0158876627123428,0.00572740965342346
"10.1111/1365-2656.12888","2018","Mammals","Rhabdomys pumilio","Africa","lagged density","D","all","all",0.0224721463614982,0.0034231581162749
"10.1111/1365-2656.12888","2018","Mammals","Rhabdomys pumilio","Africa","lagged density","D","all","all",0.0267689053431408,0.0130444481119077
"10.1111/1365-2656.12888","2018","Mammals","Rhabdomys pumilio","Africa","lagged density","D","all","all",0.00319281938998024,0.00423888503630606
"10.1111/1365-2656.12888","2018","Mammals","Rhabdomys pumilio","Africa","lagged density","D","all","all",0.0258440913946726,0.0162918857027999
"10.1111/1365-2656.12888","2018","Mammals","Rhabdomys pumilio","Africa","lagged density","D","all","all",0.0210414323130443,0.000481658517145625
"10.1111/1365-2656.12888","2018","Mammals","Rhabdomys pumilio","Africa","lagged density","D","all","all",0.0250493702048114,0.00553402683719129
"10.1111/1365-2656.12888","2018","Mammals","Rhabdomys pumilio","Africa","lagged density","D","all","all",0.0294226690451685,0.00810691111494349
"10.1111/1365-2656.12888","2018","Mammals","Rhabdomys pumilio","Africa","lagged density","D","all","all",0.0520730463000215,0.0163984328419785
"10.1111/1365-2656.12888","2018","Mammals","Rhabdomys pumilio","Africa","lagged density","D","all","all",0.0103280113067525,4.75832985402398e-05
"10.1111/1365-2656.12888","2018","Mammals","Rhabdomys pumilio","Africa","lagged density","D","all","all",0.0377066389927353,0.00118343420669137
"10.1111/1365-2656.12888","2018","Mammals","Rhabdomys pumilio","Africa","lagged density","D","all","all",0.0337219657328399,0.0188252975246362
"10.1111/1365-2656.12888","2018","Mammals","Rhabdomys pumilio","Africa","lagged density","D","all","all",0.0159667300490058,0.00764255164261494
"10.1111/1365-2656.12888","2018","Mammals","Rhabdomys pumilio","Africa","lagged density","D","all","all",0.0120439839529589,0.00342822279061378
"10.1111/1365-2656.12888","2018","Mammals","Rhabdomys pumilio","Africa","lagged density","D","all","all",0.0128840958391912,0.0024230897486004
"10.1111/1365-2656.12888","2018","Mammals","Rhabdomys pumilio","Africa","lagged density","D","all","all",0.0327946296558773,0.0244726515737172
"10.1111/1365-2656.12888","2018","Mammals","Rhabdomys pumilio","Africa","lagged density","D","all","all",0.0193120117972838,0.00132741823539837
"10.1111/1365-2656.12888","2018","Mammals","Rhabdomys pumilio","Africa","lagged density","D","all","all",0.0465604978046109,0.00845732108909066
"10.1111/1365-2656.12888","2018","Mammals","Rhabdomys pumilio","Africa","lagged density","D","all","all",0.021076124689684,0.00459780937130615
"10.1111/1365-2656.12888","2018","Mammals","Rhabdomys pumilio","Africa","lagged density","D","all","all",0.0222485691624781,0.0126517142112669
"10.1111/1365-2656.12888","2018","Mammals","Rhabdomys pumilio","Africa","lagged density","D","all","all",0.0607015748489865,0.0240887018384888
"10.1111/1365-2656.12888","2018","Mammals","Rhabdomys pumilio","Africa","lagged density","D","all","all",0.0537711425677372,0.0113648976010763
"10.1111/1365-2656.12888","2018","Mammals","Rhabdomys pumilio","Africa","lagged density","D","all","all",0.0124703187069221,0.00844087448036753
"10.1111/1365-2656.12888","2018","Mammals","Rhabdomys pumilio","Africa","lagged density","D","all","all",0.0606411068732847,0.0213179660128176
"10.1111/1365-2656.12888","2018","Mammals","Rhabdomys pumilio","Africa","lagged density","D","all","all",0.0124396631541677,0.0182930880743657
"10.1111/1365-2656.12888","2018","Mammals","Rhabdomys pumilio","Africa","lagged density","D","all","all",0.0449530192204195,0.00936182988140112
"10.1111/1365-2656.12888","2018","Mammals","Rhabdomys pumilio","Africa","lagged density","D","all","all",0.0149910264828713,0.0180805222362107
"10.1111/1365-2656.12888","2018","Mammals","Rhabdomys pumilio","Africa","lagged density","D","all","all",0.050842981124516,0.0173519738544324
"10.1111/1365-2656.12888","2018","Mammals","Rhabdomys pumilio","Africa","lagged density","D","all","all",0.0420194437480112,0.00661153077726262
"10.1111/1365-2656.12888","2018","Mammals","Rhabdomys pumilio","Africa","lagged density","D","all","all",0.0453552012225901,0.0204222041489054
"10.1111/1365-2656.12888","2018","Mammals","Rhabdomys pumilio","Africa","lagged density","D","all","all",0.0208818403370072,0.00817895178034311
"10.1111/1365-2656.12888","2018","Mammals","Rhabdomys pumilio","Africa","lagged density","D","all","all",0.0333327479210054,0.0211649043381349
"10.1111/1365-2656.12888","2018","Mammals","Rhabdomys pumilio","Africa","lagged density","D","all","all",0.0365739798507614,0.022258969862441
"10.1111/1365-2656.12888","2018","Mammals","Rhabdomys pumilio","Africa","lagged density","D","all","all",0.00951078243345991,0.00187579663185459
"10.1111/1365-2656.12888","2018","Mammals","Rhabdomys pumilio","Africa","lagged density","D","all","all",0.0421658696913809,0.0226814134147044
"10.1111/1365-2656.12888","2018","Mammals","Rhabdomys pumilio","Africa","lagged density","D","all","all",0.0287807653374386,0.00153290102028991
"10.1111/1365-2656.12888","2018","Mammals","Rhabdomys pumilio","Africa","lagged density","D","all","all",0.0231850181296827,0.0032085571300354
"10.1111/1365-2656.12888","2018","Mammals","Rhabdomys pumilio","Africa","lagged density","D","all","all",0.0534644901787331,0.0304104174787391
"10.1111/1365-2656.12888","2018","Mammals","Rhabdomys pumilio","Africa","lagged density","D","all","all",0.0103428725515839,0.01957271549283
"10.1111/1365-2656.12888","2018","Mammals","Rhabdomys pumilio","Africa","lagged density","D","all","all",0.0366840032216924,0.0167893856030894
"10.1111/1365-2656.12888","2018","Mammals","Rhabdomys pumilio","Africa","lagged density","D","all","all",0.01814186987109,0.002658528573909
"10.1111/1365-2656.12888","2018","Mammals","Rhabdomys pumilio","Africa","lagged density","D","all","all",0.0157180622469361,0.00599216846176428
"10.1111/1365-2656.12888","2018","Mammals","Rhabdomys pumilio","Africa","lagged density","D","all","all",0.024611291000937,0.00938563422228842
"10.1111/1365-2656.12888","2018","Mammals","Rhabdomys pumilio","Africa","lagged density","D","all","all",0.00498203084755631,0.0165243137228987
"10.1111/1365-2656.12888","2018","Mammals","Rhabdomys pumilio","Africa","lagged density","D","all","all",0.0498793567819875,0.0323084790737274
"10.1111/1365-2656.12888","2018","Mammals","Rhabdomys pumilio","Africa","lagged density","D","all","all",0.0377611462504771,0.0173174306758881
"10.1111/1365-2656.12888","2018","Mammals","Rhabdomys pumilio","Africa","lagged density","D","all","all",0.020126588488714,0.00156294415351003
"10.1111/1365-2656.12888","2018","Mammals","Rhabdomys pumilio","Africa","lagged density","D","all","all",0.0255009796419844,0.0124215939055511
"10.1111/1365-2656.12888","2018","Mammals","Rhabdomys pumilio","Africa","lagged density","D","all","all",0.0557193147231516,0.0330495139744514
"10.1111/1365-2656.12888","2018","Mammals","Rhabdomys pumilio","Africa","lagged density","D","all","all",0.0359770404713734,0.0236316511155144
"10.1111/1365-2656.12888","2018","Mammals","Rhabdomys pumilio","Africa","lagged density","D","all","all",0.0412502152377751,0.0141630942681574
"10.1111/1365-2656.12888","2018","Mammals","Rhabdomys pumilio","Africa","lagged density","D","all","all",0.0242983746496271,0.0106616325653439
"10.1111/1365-2656.12888","2018","Mammals","Rhabdomys pumilio","Africa","lagged density","D","all","all",0.0269652359259892,0.0109116733113078
"10.1111/1365-2656.12888","2018","Mammals","Rhabdomys pumilio","Africa","lagged density","D","all","all",0.0328198289715041,0.0219738264546314
"10.1111/1365-2656.12888","2018","Mammals","Rhabdomys pumilio","Africa","lagged density","D","all","all",0.0666692436173445,0.0395706214612164
"10.1111/1365-2656.12888","2018","Mammals","Rhabdomys pumilio","Africa","lagged density","D","all","all",0.0266957332128651,0.00820222958132454
"10.1111/1365-2656.12888","2018","Mammals","Rhabdomys pumilio","Africa","lagged density","D","all","all",0.0474841266839644,0.0273412922919314
"10.1111/1365-2656.12888","2018","Mammals","Rhabdomys pumilio","Africa","lagged density","D","all","all",0.0233216734358086,0.0189644437505875
"10.1111/1365-2656.12888","2018","Mammals","Rhabdomys pumilio","Africa","lagged density","D","all","all",0.0396685549230983,0.0155238675736427
"10.1111/1365-2656.12888","2018","Mammals","Rhabdomys pumilio","Africa","lagged density","D","all","all",0.0445694713645934,0.0166945112426684
"10.1111/1365-2656.12888","2018","Mammals","Rhabdomys pumilio","Africa","lagged density","D","all","all",0.0342896262631725,0.0292997975647608
"10.1111/1365-2656.12888","2018","Mammals","Rhabdomys pumilio","Africa","lagged density","D","all","all",0.00841507453585418,0.0129024498464233
"10.1111/1365-2656.12888","2018","Mammals","Rhabdomys pumilio","Africa","lagged density","D","all","all",0.0451228670000564,0.0335153213588649
"10.1111/1365-2656.12888","2018","Mammals","Rhabdomys pumilio","Africa","lagged density","D","all","all",0.0251375269258765,0.00871046165918078
