"species","study.doi","year.of.publication","group","continent","driver","driver.type","stage.age","vital.rates","sens","cov","mat","n.vr","n.pam","dens","biotic_interactions","lambda.sim","study.length","l_ratio"
"Lavandula stoechas","Sanchez Mejia in prep",NA,"Plants","Europe","Temperature","C","all","all",0.300665249999677,0,3,7,35,0,0,0,5,0.463279780030882
"Lavandula stoechas","Sanchez Mejia in prep",NA,"Plants","Europe","Temperature","C","all","all",0.456872865546087,0,3,7,35,0,0,0,5,0.635461594024782
"Lavandula stoechas","Sanchez Mejia in prep",NA,"Plants","Europe","Rain","C","all","all",0.241577727542835,0,3,7,35,0,0,0,5,0.250473304969479
"Lavandula stoechas","Sanchez Mejia in prep",NA,"Plants","Europe","Temperature","C","all","all",0.347445501981404,1,3,7,35,0,0,0,5,0.535521429726677
"Lavandula stoechas","Sanchez Mejia in prep",NA,"Plants","Europe","Temperature","C","all","all",0.663037936635476,1,3,7,35,0,0,0,5,0.912832146826184
"Lavandula stoechas","Sanchez Mejia in prep",NA,"Plants","Europe","Rain","C","all","all",0.680404758493329,1,3,7,35,0,0,0,5,0.968610077662901
"Lavandula stoechas","Sanchez Mejia in prep",NA,"Plants","Europe","Temperature","C","all","all",0.0361163210787974,0,3,7,35,0,0,0,5,0.0583449843248866
"Lavandula stoechas","Sanchez Mejia in prep",NA,"Plants","Europe","Temperature","C","all","all",0.405639277737058,0,3,7,35,0,0,0,5,0.589884484662958
"Lavandula stoechas","Sanchez Mejia in prep",NA,"Plants","Europe","Rain","C","all","all",0.117989017562893,0,3,7,35,0,0,0,5,0.146073787115371
"Lavandula stoechas","Sanchez Mejia in prep",NA,"Plants","Europe","Temperature","C","all","all",0.174921016260432,1,3,7,35,0,0,0,5,0.281125155804479
"Lavandula stoechas","Sanchez Mejia in prep",NA,"Plants","Europe","Temperature","C","all","all",0.755997858602435,1,3,7,35,0,0,0,5,1.03191775068881
"Lavandula stoechas","Sanchez Mejia in prep",NA,"Plants","Europe","Rain","C","all","all",0.394841221961131,1,3,7,35,0,0,0,5,0.497014866308424
"Lavandula stoechas","Sanchez Mejia in prep",NA,"Plants","Europe","Temperature","C","all","all",0.109778639731776,0,3,7,35,0,0,0,5,0.190924194976619
"Lavandula stoechas","Sanchez Mejia in prep",NA,"Plants","Europe","Temperature","C","all","all",0.339143563997462,0,3,7,35,0,0,0,5,0.438043871082171
"Lavandula stoechas","Sanchez Mejia in prep",NA,"Plants","Europe","Rain","C","all","all",0.0222677211237937,0,3,7,35,0,0,0,5,0.027397223021004
"Lavandula stoechas","Sanchez Mejia in prep",NA,"Plants","Europe","Temperature","C","all","all",0.420786045371625,1,3,7,35,0,0,0,5,0.630694196094281
"Lavandula stoechas","Sanchez Mejia in prep",NA,"Plants","Europe","Temperature","C","all","all",0.310888178004064,1,3,7,35,0,0,0,5,0.459709249230482
"Lavandula stoechas","Sanchez Mejia in prep",NA,"Plants","Europe","Rain","C","all","all",0.406227589190347,1,3,7,35,0,0,0,5,0.538112008686792
"Lavandula stoechas","Sanchez Mejia in prep",NA,"Plants","Europe","Temperature","C","all","all",0.12424815945577,0,3,7,35,0,0,0,5,0.182900795116019
"Lavandula stoechas","Sanchez Mejia in prep",NA,"Plants","Europe","Temperature","C","all","all",0.619769875732124,0,3,7,35,0,0,0,5,0.800773843847327
"Lavandula stoechas","Sanchez Mejia in prep",NA,"Plants","Europe","Rain","C","all","all",0.127615738554125,0,3,7,35,0,0,0,5,0.124922298083759
"Lavandula stoechas","Sanchez Mejia in prep",NA,"Plants","Europe","Temperature","C","all","all",0.0769536352925567,1,3,7,35,0,0,0,5,0.147421307321607
"Lavandula stoechas","Sanchez Mejia in prep",NA,"Plants","Europe","Temperature","C","all","all",0.646994312053564,1,3,7,35,0,0,0,5,0.989754740320063
"Lavandula stoechas","Sanchez Mejia in prep",NA,"Plants","Europe","Rain","C","all","all",0.503470212099038,1,3,7,35,0,0,0,5,0.615330158804219
"Lavandula stoechas","Sanchez Mejia in prep",NA,"Plants","Europe","Temperature","C","all","all",0.230764173743612,0,3,7,35,0,0,0,5,0.413953443876448
"Lavandula stoechas","Sanchez Mejia in prep",NA,"Plants","Europe","Temperature","C","all","all",0.857302085706778,0,3,7,35,0,0,0,5,1.05195829608908
"Lavandula stoechas","Sanchez Mejia in prep",NA,"Plants","Europe","Rain","C","all","all",0.194109506847302,0,3,7,35,0,0,0,5,0.193158896999979
"Lavandula stoechas","Sanchez Mejia in prep",NA,"Plants","Europe","Temperature","C","all","all",0.051013793155223,1,3,7,35,0,0,0,5,0.0954198283957446
"Lavandula stoechas","Sanchez Mejia in prep",NA,"Plants","Europe","Temperature","C","all","all",0.443868001878115,1,3,7,35,0,0,0,5,0.601948521365401
"Lavandula stoechas","Sanchez Mejia in prep",NA,"Plants","Europe","Rain","C","all","all",0.300005808815699,1,3,7,35,0,0,0,5,0.357802699014668
"Lavandula stoechas","Sanchez Mejia in prep",NA,"Plants","Europe","Temperature","C","all","all",0.213176737647153,0,3,7,35,0,0,0,5,0.376395219729124
"Lavandula stoechas","Sanchez Mejia in prep",NA,"Plants","Europe","Temperature","C","all","all",0.152450867777457,0,3,7,35,0,0,0,5,0.188855220270082
"Lavandula stoechas","Sanchez Mejia in prep",NA,"Plants","Europe","Rain","C","all","all",0.0166198048165118,0,3,7,35,0,0,0,5,0.01673617307637
"Lavandula stoechas","Sanchez Mejia in prep",NA,"Plants","Europe","Temperature","C","all","all",0.183653175308462,1,3,7,35,0,0,0,5,0.308352565694059
"Lavandula stoechas","Sanchez Mejia in prep",NA,"Plants","Europe","Temperature","C","all","all",0.563554676033046,1,3,7,35,0,0,0,5,0.77883221656729
"Lavandula stoechas","Sanchez Mejia in prep",NA,"Plants","Europe","Rain","C","all","all",0.490736893696582,1,3,7,35,0,0,0,5,0.636973207226338
"Lavandula stoechas","Sanchez Mejia in prep",NA,"Plants","Europe","Temperature","C","all","all",0.0424351468417091,0,3,7,35,0,0,0,5,0.0715140047426175
"Lavandula stoechas","Sanchez Mejia in prep",NA,"Plants","Europe","Temperature","C","all","all",0.578230722306455,0,3,7,35,0,0,0,5,0.849735711820585
"Lavandula stoechas","Sanchez Mejia in prep",NA,"Plants","Europe","Rain","C","all","all",0.50168978493415,0,3,7,35,0,0,0,5,0.527740720977899
"Lavandula stoechas","Sanchez Mejia in prep",NA,"Plants","Europe","Temperature","C","all","all",0.335092825493061,1,3,7,35,0,0,0,5,0.541364528488959
"Lavandula stoechas","Sanchez Mejia in prep",NA,"Plants","Europe","Temperature","C","all","all",0.461585978513077,1,3,7,35,0,0,0,5,0.675402932427707
"Lavandula stoechas","Sanchez Mejia in prep",NA,"Plants","Europe","Rain","C","all","all",0.494556354910413,1,3,7,35,0,0,0,5,0.657006526232208
"Lavandula stoechas","Sanchez Mejia in prep",NA,"Plants","Europe","Temperature","C","all","all",0.307320181249569,0,3,7,35,0,0,0,5,0.555323336017007
"Lavandula stoechas","Sanchez Mejia in prep",NA,"Plants","Europe","Temperature","C","all","all",0.506049401591598,0,3,7,35,0,0,0,5,0.646563544348392
"Lavandula stoechas","Sanchez Mejia in prep",NA,"Plants","Europe","Rain","C","all","all",0.00930974173747787,0,3,7,35,0,0,0,5,0.00889707599195185
"Lavandula stoechas","Sanchez Mejia in prep",NA,"Plants","Europe","Temperature","C","all","all",0.116836909232711,1,3,7,35,0,0,0,5,0.213900800126885
"Lavandula stoechas","Sanchez Mejia in prep",NA,"Plants","Europe","Temperature","C","all","all",0.499937664027027,1,3,7,35,0,0,0,5,0.771593027998472
"Lavandula stoechas","Sanchez Mejia in prep",NA,"Plants","Europe","Rain","C","all","all",0.827890511061124,1,3,7,35,0,0,0,5,0.957188373076227
"Lavandula stoechas","Sanchez Mejia in prep",NA,"Plants","Europe","Temperature","C","all","all",0.13823927119208,0,3,7,35,0,0,0,5,0.20498534118952
"Lavandula stoechas","Sanchez Mejia in prep",NA,"Plants","Europe","Temperature","C","all","all",0.345617002244645,0,3,7,35,0,0,0,5,0.468709286091313
"Lavandula stoechas","Sanchez Mejia in prep",NA,"Plants","Europe","Rain","C","all","all",0.217261068553714,0,3,7,35,0,0,0,5,0.222487332032768
"Lavandula stoechas","Sanchez Mejia in prep",NA,"Plants","Europe","Temperature","C","all","all",0.440223188076447,1,3,7,35,0,0,0,5,0.703399342056384
"Lavandula stoechas","Sanchez Mejia in prep",NA,"Plants","Europe","Temperature","C","all","all",0.486078594373855,1,3,7,35,0,0,0,5,0.831660350921215
"Lavandula stoechas","Sanchez Mejia in prep",NA,"Plants","Europe","Rain","C","all","all",0.554157950318468,1,3,7,35,0,0,0,5,0.720194338136401
"Lavandula stoechas","Sanchez Mejia in prep",NA,"Plants","Europe","Temperature","C","all","all",0.044961827769131,0,3,7,35,0,0,0,5,0.0845313230416242
"Lavandula stoechas","Sanchez Mejia in prep",NA,"Plants","Europe","Temperature","C","all","all",0.566332349650562,0,3,7,35,0,0,0,5,0.832427170056294
"Lavandula stoechas","Sanchez Mejia in prep",NA,"Plants","Europe","Rain","C","all","all",0.0678203016851288,0,3,7,35,0,0,0,5,0.0845752154691433
"Lavandula stoechas","Sanchez Mejia in prep",NA,"Plants","Europe","Temperature","C","all","all",0.377679367268555,1,3,7,35,0,0,0,5,0.55502071995351
"Lavandula stoechas","Sanchez Mejia in prep",NA,"Plants","Europe","Temperature","C","all","all",0.668613076383184,1,3,7,35,0,0,0,5,0.830586021337773
"Lavandula stoechas","Sanchez Mejia in prep",NA,"Plants","Europe","Rain","C","all","all",0.498221332534041,1,3,7,35,0,0,0,5,0.7358827082163
"Lavandula stoechas","Sanchez Mejia in prep",NA,"Plants","Europe","Temperature","C","all","all",0.0405858082636474,0,3,7,35,0,0,0,5,0.0770615475215349
"Lavandula stoechas","Sanchez Mejia in prep",NA,"Plants","Europe","Temperature","C","all","all",0.531325941666741,0,3,7,35,0,0,0,5,0.806776072077194
"Lavandula stoechas","Sanchez Mejia in prep",NA,"Plants","Europe","Rain","C","all","all",0.394918299627355,0,3,7,35,0,0,0,5,0.462119522183347
"Lavandula stoechas","Sanchez Mejia in prep",NA,"Plants","Europe","Temperature","C","all","all",0.20299758775994,1,3,7,35,0,0,0,5,0.349531931826838
"Lavandula stoechas","Sanchez Mejia in prep",NA,"Plants","Europe","Temperature","C","all","all",0.263966191945654,1,3,7,35,0,0,0,5,0.356941253684696
"Lavandula stoechas","Sanchez Mejia in prep",NA,"Plants","Europe","Rain","C","all","all",0.520702113623552,1,3,7,35,0,0,0,5,0.671738086491421
"Lavandula stoechas","Sanchez Mejia in prep",NA,"Plants","Europe","Temperature","C","all","all",0.0478808898150104,0,3,7,35,0,0,0,5,0.0751277700377487
"Lavandula stoechas","Sanchez Mejia in prep",NA,"Plants","Europe","Temperature","C","all","all",0.269152545095462,0,3,7,35,0,0,0,5,0.322987750105082
"Lavandula stoechas","Sanchez Mejia in prep",NA,"Plants","Europe","Rain","C","all","all",0.097312420697114,0,3,7,35,0,0,0,5,0.0972065854425715
"Lavandula stoechas","Sanchez Mejia in prep",NA,"Plants","Europe","Temperature","C","all","all",0.318408914803279,1,3,7,35,0,0,0,5,0.462857421916118
"Lavandula stoechas","Sanchez Mejia in prep",NA,"Plants","Europe","Temperature","C","all","all",0.486601988595622,1,3,7,35,0,0,0,5,0.661412342889732
"Lavandula stoechas","Sanchez Mejia in prep",NA,"Plants","Europe","Rain","C","all","all",0.439018083664272,1,3,7,35,0,0,0,5,0.629551036602608
"Lavandula stoechas","Sanchez Mejia in prep",NA,"Plants","Europe","Temperature","C","all","all",0.020200930702956,0,3,7,35,0,0,0,5,0.0342999439669466
"Lavandula stoechas","Sanchez Mejia in prep",NA,"Plants","Europe","Temperature","C","all","all",0.474016929623156,0,3,7,35,0,0,0,5,0.536536098030489
"Lavandula stoechas","Sanchez Mejia in prep",NA,"Plants","Europe","Rain","C","all","all",0.17572742023459,0,3,7,35,0,0,0,5,0.208946038062247
"Lavandula stoechas","Sanchez Mejia in prep",NA,"Plants","Europe","Temperature","C","all","all",0.273986253163831,1,3,7,35,0,0,0,5,0.433092698563836
"Lavandula stoechas","Sanchez Mejia in prep",NA,"Plants","Europe","Temperature","C","all","all",0.400389327755938,1,3,7,35,0,0,0,5,0.678942268103784
"Lavandula stoechas","Sanchez Mejia in prep",NA,"Plants","Europe","Rain","C","all","all",0.430363565174759,1,3,7,35,0,0,0,5,0.537361013176958
"Lavandula stoechas","Sanchez Mejia in prep",NA,"Plants","Europe","Temperature","C","all","all",0.168717010334864,0,3,7,35,0,0,0,5,0.321141908482797
"Lavandula stoechas","Sanchez Mejia in prep",NA,"Plants","Europe","Temperature","C","all","all",0.185412207264354,0,3,7,35,0,0,0,5,0.251282204048872
"Lavandula stoechas","Sanchez Mejia in prep",NA,"Plants","Europe","Rain","C","all","all",0.183917333982393,0,3,7,35,0,0,0,5,0.174532167606895
"Lavandula stoechas","Sanchez Mejia in prep",NA,"Plants","Europe","Temperature","C","all","all",0.0463300060599335,1,3,7,35,0,0,0,5,0.0922638616809397
"Lavandula stoechas","Sanchez Mejia in prep",NA,"Plants","Europe","Temperature","C","all","all",0.456882914623872,1,3,7,35,0,0,0,5,0.709063725606152
"Lavandula stoechas","Sanchez Mejia in prep",NA,"Plants","Europe","Rain","C","all","all",0.692695616263616,1,3,7,35,0,0,0,5,0.878805005053313
"Lavandula stoechas","Sanchez Mejia in prep",NA,"Plants","Europe","Temperature","C","all","all",0.240414145953396,0,3,7,35,0,0,0,5,0.437088826318178
"Lavandula stoechas","Sanchez Mejia in prep",NA,"Plants","Europe","Temperature","C","all","all",0.634912856945901,0,3,7,35,0,0,0,5,0.737247277555376
"Lavandula stoechas","Sanchez Mejia in prep",NA,"Plants","Europe","Rain","C","all","all",0.268233173604668,0,3,7,35,0,0,0,5,0.282740677567812
"Lavandula stoechas","Sanchez Mejia in prep",NA,"Plants","Europe","Temperature","C","all","all",0.289226184883323,1,3,7,35,0,0,0,5,0.448771411290683
"Lavandula stoechas","Sanchez Mejia in prep",NA,"Plants","Europe","Temperature","C","all","all",0.509385958900999,1,3,7,35,0,0,0,5,0.742393586152499
"Lavandula stoechas","Sanchez Mejia in prep",NA,"Plants","Europe","Rain","C","all","all",0.61092467652477,1,3,7,35,0,0,0,5,0.781206616530151
"Lavandula stoechas","Sanchez Mejia in prep",NA,"Plants","Europe","Temperature","C","all","all",0.493565878663802,0,3,7,35,0,0,0,5,0.694937132630339
"Lavandula stoechas","Sanchez Mejia in prep",NA,"Plants","Europe","Temperature","C","all","all",0.577269133858495,0,3,7,35,0,0,0,5,0.751657513472512
"Lavandula stoechas","Sanchez Mejia in prep",NA,"Plants","Europe","Rain","C","all","all",0.160781754102667,0,3,7,35,0,0,0,5,0.157767110672885
"Lavandula stoechas","Sanchez Mejia in prep",NA,"Plants","Europe","Temperature","C","all","all",0.0490368629406576,1,3,7,35,0,0,0,5,0.0851224591279716
"Lavandula stoechas","Sanchez Mejia in prep",NA,"Plants","Europe","Temperature","C","all","all",0.418321049148317,1,3,7,35,0,0,0,5,0.619305567538706
"Lavandula stoechas","Sanchez Mejia in prep",NA,"Plants","Europe","Rain","C","all","all",0.226587679698448,1,3,7,35,0,0,0,5,0.283470147432785
"Lavandula stoechas","Sanchez Mejia in prep",NA,"Plants","Europe","Temperature","C","all","all",0.154676815538484,0,3,7,35,0,0,0,5,0.297412955334144
"Lavandula stoechas","Sanchez Mejia in prep",NA,"Plants","Europe","Temperature","C","all","all",0.719651960551034,0,3,7,35,0,0,0,5,0.983900559685384
"Lavandula stoechas","Sanchez Mejia in prep",NA,"Plants","Europe","Rain","C","all","all",0.118771372413759,0,3,7,35,0,0,0,5,0.143704502918598
"Lavandula stoechas","Sanchez Mejia in prep",NA,"Plants","Europe","Temperature","C","all","all",0.103439114316846,1,3,7,35,0,0,0,5,0.166979114935536
"Lavandula stoechas","Sanchez Mejia in prep",NA,"Plants","Europe","Temperature","C","all","all",0.328252690473721,1,3,7,35,0,0,0,5,0.412946305394339
"Lavandula stoechas","Sanchez Mejia in prep",NA,"Plants","Europe","Rain","C","all","all",0.596444975545272,1,3,7,35,0,0,0,5,0.66020630746025
"Lavandula stoechas","Sanchez Mejia in prep",NA,"Plants","Europe","Temperature","C","all","all",0.0911794294478589,0,3,7,35,0,0,0,5,0.149943814036481
"Lavandula stoechas","Sanchez Mejia in prep",NA,"Plants","Europe","Temperature","C","all","all",0.525573411538722,0,3,7,35,0,0,0,5,0.81816327689321
"Lavandula stoechas","Sanchez Mejia in prep",NA,"Plants","Europe","Rain","C","all","all",0.28293274549296,0,3,7,35,0,0,0,5,0.307813050149388
"Lavandula stoechas","Sanchez Mejia in prep",NA,"Plants","Europe","Temperature","C","all","all",0.159395118129448,1,3,7,35,0,0,0,5,0.236922536399379
"Lavandula stoechas","Sanchez Mejia in prep",NA,"Plants","Europe","Temperature","C","all","all",0.301581684019582,1,3,7,35,0,0,0,5,0.410469249774485
"Lavandula stoechas","Sanchez Mejia in prep",NA,"Plants","Europe","Rain","C","all","all",0.75003464122822,1,3,7,35,0,0,0,5,0.945264812500696
"Lavandula stoechas","Sanchez Mejia in prep",NA,"Plants","Europe","Temperature","C","all","all",0.343750586792657,0,3,7,35,0,0,0,5,0.547560576645524
"Lavandula stoechas","Sanchez Mejia in prep",NA,"Plants","Europe","Temperature","C","all","all",0.566266671863597,0,3,7,35,0,0,0,5,0.713171632690257
"Lavandula stoechas","Sanchez Mejia in prep",NA,"Plants","Europe","Rain","C","all","all",0.169168781203847,0,3,7,35,0,0,0,5,0.146128384698902
"Lavandula stoechas","Sanchez Mejia in prep",NA,"Plants","Europe","Temperature","C","all","all",0.0116824894123551,1,3,7,35,0,0,0,5,0.0194744291114514
"Lavandula stoechas","Sanchez Mejia in prep",NA,"Plants","Europe","Temperature","C","all","all",0.248556423108191,1,3,7,35,0,0,0,5,0.345500451618949
"Lavandula stoechas","Sanchez Mejia in prep",NA,"Plants","Europe","Rain","C","all","all",0.452664849241938,1,3,7,35,0,0,0,5,0.580959364015573
"Lavandula stoechas","Sanchez Mejia in prep",NA,"Plants","Europe","Temperature","C","all","all",0.215471516260589,0,3,7,35,0,0,0,5,0.397553409194737
"Lavandula stoechas","Sanchez Mejia in prep",NA,"Plants","Europe","Temperature","C","all","all",0.429358409206393,0,3,7,35,0,0,0,5,0.62710606877713
"Lavandula stoechas","Sanchez Mejia in prep",NA,"Plants","Europe","Rain","C","all","all",0.0260621246019119,0,3,7,35,0,0,0,5,0.025640173541276
"Lavandula stoechas","Sanchez Mejia in prep",NA,"Plants","Europe","Temperature","C","all","all",0.10545479699563,1,3,7,35,0,0,0,5,0.152450155814428
"Lavandula stoechas","Sanchez Mejia in prep",NA,"Plants","Europe","Temperature","C","all","all",0.516047656169321,1,3,7,35,0,0,0,5,0.708438666831779
"Lavandula stoechas","Sanchez Mejia in prep",NA,"Plants","Europe","Rain","C","all","all",0.408989134460533,1,3,7,35,0,0,0,5,0.492043044315878
"Lavandula stoechas","Sanchez Mejia in prep",NA,"Plants","Europe","Temperature","C","all","all",0.138485296375967,0,3,7,35,0,0,0,5,0.219450462930875
"Lavandula stoechas","Sanchez Mejia in prep",NA,"Plants","Europe","Temperature","C","all","all",0.907548050702468,0,3,7,35,0,0,0,5,1.23614811510151
"Lavandula stoechas","Sanchez Mejia in prep",NA,"Plants","Europe","Rain","C","all","all",0.149968664225684,0,3,7,35,0,0,0,5,0.122638463791805
"Lavandula stoechas","Sanchez Mejia in prep",NA,"Plants","Europe","Temperature","C","all","all",0.0814322009597514,1,3,7,35,0,0,0,5,0.136328332792089
"Lavandula stoechas","Sanchez Mejia in prep",NA,"Plants","Europe","Temperature","C","all","all",0.450274654267313,1,3,7,35,0,0,0,5,0.703295740828187
"Lavandula stoechas","Sanchez Mejia in prep",NA,"Plants","Europe","Rain","C","all","all",0.856852646347357,1,3,7,35,0,0,0,5,1.01203059097974
"Lavandula stoechas","Sanchez Mejia in prep",NA,"Plants","Europe","Temperature","C","all","all",0.11974111120199,0,3,7,35,0,0,0,5,0.210250473898281
"Lavandula stoechas","Sanchez Mejia in prep",NA,"Plants","Europe","Temperature","C","all","all",0.526312014349501,0,3,7,35,0,0,0,5,0.845881461888632
"Lavandula stoechas","Sanchez Mejia in prep",NA,"Plants","Europe","Rain","C","all","all",0.0792941568943236,0,3,7,35,0,0,0,5,0.0962023343907031
"Lavandula stoechas","Sanchez Mejia in prep",NA,"Plants","Europe","Temperature","C","all","all",0.113454184211799,1,3,7,35,0,0,0,5,0.221577104239745
"Lavandula stoechas","Sanchez Mejia in prep",NA,"Plants","Europe","Temperature","C","all","all",0.506272857350416,1,3,7,35,0,0,0,5,0.768290340043439
"Lavandula stoechas","Sanchez Mejia in prep",NA,"Plants","Europe","Rain","C","all","all",0.525022316678949,1,3,7,35,0,0,0,5,0.575530349130607
"Lavandula stoechas","Sanchez Mejia in prep",NA,"Plants","Europe","Temperature","C","all","all",0.120400530577856,0,3,7,35,0,0,0,5,0.201328936153265
"Lavandula stoechas","Sanchez Mejia in prep",NA,"Plants","Europe","Temperature","C","all","all",0.956653347573968,0,3,7,35,0,0,0,5,1.07143757520451
"Lavandula stoechas","Sanchez Mejia in prep",NA,"Plants","Europe","Rain","C","all","all",0.00319095307784733,0,3,7,35,0,0,0,5,0.00303973279289621
"Lavandula stoechas","Sanchez Mejia in prep",NA,"Plants","Europe","Temperature","C","all","all",0.108356502911299,1,3,7,35,0,0,0,5,0.164406884236556
"Lavandula stoechas","Sanchez Mejia in prep",NA,"Plants","Europe","Temperature","C","all","all",0.228351576820303,1,3,7,35,0,0,0,5,0.274989862492047
"Lavandula stoechas","Sanchez Mejia in prep",NA,"Plants","Europe","Rain","C","all","all",0.471340030821486,1,3,7,35,0,0,0,5,0.598540903472051
"Lavandula stoechas","Sanchez Mejia in prep",NA,"Plants","Europe","Temperature","C","all","all",0.0108766479397222,0,3,7,35,0,0,0,5,0.0144981052433079
"Lavandula stoechas","Sanchez Mejia in prep",NA,"Plants","Europe","Temperature","C","all","all",0.436721319426602,0,3,7,35,0,0,0,5,0.711816890460873
"Lavandula stoechas","Sanchez Mejia in prep",NA,"Plants","Europe","Rain","C","all","all",0.0258358694608917,0,3,7,35,0,0,0,5,0.0274484317109271
"Lavandula stoechas","Sanchez Mejia in prep",NA,"Plants","Europe","Temperature","C","all","all",0.192907220593223,1,3,7,35,0,0,0,5,0.342100682205315
"Lavandula stoechas","Sanchez Mejia in prep",NA,"Plants","Europe","Temperature","C","all","all",0.451095767142256,1,3,7,35,0,0,0,5,0.539450512720664
"Lavandula stoechas","Sanchez Mejia in prep",NA,"Plants","Europe","Rain","C","all","all",0.532025375696491,1,3,7,35,0,0,0,5,0.64673719257288
"Lavandula stoechas","Sanchez Mejia in prep",NA,"Plants","Europe","Temperature","C","all","all",0.134230517464898,0,3,7,35,0,0,0,5,0.225356796173464
"Lavandula stoechas","Sanchez Mejia in prep",NA,"Plants","Europe","Temperature","C","all","all",0.294228722771849,0,3,7,35,0,0,0,5,0.467545442420414
"Lavandula stoechas","Sanchez Mejia in prep",NA,"Plants","Europe","Rain","C","all","all",0.189624839760037,0,3,7,35,0,0,0,5,0.19728447523198
"Lavandula stoechas","Sanchez Mejia in prep",NA,"Plants","Europe","Temperature","C","all","all",0.303037469002035,1,3,7,35,0,0,0,5,0.490812196047199
"Lavandula stoechas","Sanchez Mejia in prep",NA,"Plants","Europe","Temperature","C","all","all",0.480627127628415,1,3,7,35,0,0,0,5,0.748969449152689
"Lavandula stoechas","Sanchez Mejia in prep",NA,"Plants","Europe","Rain","C","all","all",0.353043228076612,1,3,7,35,0,0,0,5,0.415215438000675
"Lavandula stoechas","Sanchez Mejia in prep",NA,"Plants","Europe","Temperature","C","all","all",0.099808004981674,0,3,7,35,0,0,0,5,0.175397493954034
"Lavandula stoechas","Sanchez Mejia in prep",NA,"Plants","Europe","Temperature","C","all","all",0.536961664187068,0,3,7,35,0,0,0,5,0.677692288517092
"Lavandula stoechas","Sanchez Mejia in prep",NA,"Plants","Europe","Rain","C","all","all",0.328489252782279,0,3,7,35,0,0,0,5,0.31756686728807
"Lavandula stoechas","Sanchez Mejia in prep",NA,"Plants","Europe","Temperature","C","all","all",0.372136882329234,1,3,7,35,0,0,0,5,0.550765008816014
"Lavandula stoechas","Sanchez Mejia in prep",NA,"Plants","Europe","Temperature","C","all","all",0.615599024709878,1,3,7,35,0,0,0,5,0.817199910865664
"Lavandula stoechas","Sanchez Mejia in prep",NA,"Plants","Europe","Rain","C","all","all",0.644648424554408,1,3,7,35,0,0,0,5,0.77073103224719
"Lavandula stoechas","Sanchez Mejia in prep",NA,"Plants","Europe","Temperature","C","all","all",0.151021236852226,0,3,7,35,0,0,0,5,0.259677669936258
"Lavandula stoechas","Sanchez Mejia in prep",NA,"Plants","Europe","Temperature","C","all","all",0.570008063514929,0,3,7,35,0,0,0,5,0.778782227753776
"Lavandula stoechas","Sanchez Mejia in prep",NA,"Plants","Europe","Rain","C","all","all",0.204461734990033,0,3,7,35,0,0,0,5,0.20935802680843
"Lavandula stoechas","Sanchez Mejia in prep",NA,"Plants","Europe","Temperature","C","all","all",0.302015279988285,1,3,7,35,0,0,0,5,0.486358032364227
"Lavandula stoechas","Sanchez Mejia in prep",NA,"Plants","Europe","Temperature","C","all","all",0.522927930832129,1,3,7,35,0,0,0,5,0.704276199191816
"Lavandula stoechas","Sanchez Mejia in prep",NA,"Plants","Europe","Rain","C","all","all",0.454355438409742,1,3,7,35,0,0,0,5,0.602234503672469
"Lavandula stoechas","Sanchez Mejia in prep",NA,"Plants","Europe","Temperature","C","all","all",0.0859352193061503,0,3,7,35,0,0,0,5,0.170702996355196
"Lavandula stoechas","Sanchez Mejia in prep",NA,"Plants","Europe","Temperature","C","all","all",0.521741258763565,0,3,7,35,0,0,0,5,0.686546516042945
"Lavandula stoechas","Sanchez Mejia in prep",NA,"Plants","Europe","Rain","C","all","all",0.0992266089932185,0,3,7,35,0,0,0,5,0.10214255159622
"Lavandula stoechas","Sanchez Mejia in prep",NA,"Plants","Europe","Temperature","C","all","all",0.0923288554391989,1,3,7,35,0,0,0,5,0.162035663140084
"Lavandula stoechas","Sanchez Mejia in prep",NA,"Plants","Europe","Temperature","C","all","all",0.426176034991296,1,3,7,35,0,0,0,5,0.543333562168689
"Lavandula stoechas","Sanchez Mejia in prep",NA,"Plants","Europe","Rain","C","all","all",0.636820143960743,1,3,7,35,0,0,0,5,0.725299107505273
"Lavandula stoechas","Sanchez Mejia in prep",NA,"Plants","Europe","Temperature","C","all","all",0.151160831395197,0,3,7,35,0,0,0,5,0.265172885539548
"Lavandula stoechas","Sanchez Mejia in prep",NA,"Plants","Europe","Temperature","C","all","all",0.392523772930328,0,3,7,35,0,0,0,5,0.583298707511076
"Lavandula stoechas","Sanchez Mejia in prep",NA,"Plants","Europe","Rain","C","all","all",0.0821895163420032,0,3,7,35,0,0,0,5,0.0738727974939141
"Lavandula stoechas","Sanchez Mejia in prep",NA,"Plants","Europe","Temperature","C","all","all",0.0907020972991093,1,3,7,35,0,0,0,5,0.137194136753132
"Lavandula stoechas","Sanchez Mejia in prep",NA,"Plants","Europe","Temperature","C","all","all",0.528887818274593,1,3,7,35,0,0,0,5,0.67574624356896
"Lavandula stoechas","Sanchez Mejia in prep",NA,"Plants","Europe","Rain","C","all","all",0.741996833052727,1,3,7,35,0,0,0,5,0.88966552876048
"Lavandula stoechas","Sanchez Mejia in prep",NA,"Plants","Europe","Temperature","C","all","all",0.105215898941764,0,3,7,35,0,0,0,5,0.198939400021144
"Lavandula stoechas","Sanchez Mejia in prep",NA,"Plants","Europe","Temperature","C","all","all",0.481391296265194,0,3,7,35,0,0,0,5,0.764421692372316
"Lavandula stoechas","Sanchez Mejia in prep",NA,"Plants","Europe","Rain","C","all","all",0.000277296723370334,0,3,7,35,0,0,0,5,0.000277051978192739
"Lavandula stoechas","Sanchez Mejia in prep",NA,"Plants","Europe","Temperature","C","all","all",0.0775830006462061,1,3,7,35,0,0,0,5,0.145768532913444
"Lavandula stoechas","Sanchez Mejia in prep",NA,"Plants","Europe","Temperature","C","all","all",0.23854804736182,1,3,7,35,0,0,0,5,0.382079981330681
"Lavandula stoechas","Sanchez Mejia in prep",NA,"Plants","Europe","Rain","C","all","all",0.734267184448405,1,3,7,35,0,0,0,5,0.908198181982109
"Lavandula stoechas","Sanchez Mejia in prep",NA,"Plants","Europe","Temperature","C","all","all",0.238917448330001,0,3,7,35,0,0,0,5,0.464237777545222
"Lavandula stoechas","Sanchez Mejia in prep",NA,"Plants","Europe","Temperature","C","all","all",0.503850546504009,0,3,7,35,0,0,0,5,0.623995452421902
"Lavandula stoechas","Sanchez Mejia in prep",NA,"Plants","Europe","Rain","C","all","all",0.267519541714606,0,3,7,35,0,0,0,5,0.287429295287375
"Lavandula stoechas","Sanchez Mejia in prep",NA,"Plants","Europe","Temperature","C","all","all",0.354313706957878,1,3,7,35,0,0,0,5,0.453209246818937
"Lavandula stoechas","Sanchez Mejia in prep",NA,"Plants","Europe","Temperature","C","all","all",0.291221166051132,1,3,7,35,0,0,0,5,0.413427617094625
"Lavandula stoechas","Sanchez Mejia in prep",NA,"Plants","Europe","Rain","C","all","all",0.487199450261044,1,3,7,35,0,0,0,5,0.686436491991947
"Lavandula stoechas","Sanchez Mejia in prep",NA,"Plants","Europe","Temperature","C","all","all",0.0288347715680386,0,3,7,35,0,0,0,5,0.061711668230971
"Lavandula stoechas","Sanchez Mejia in prep",NA,"Plants","Europe","Temperature","C","all","all",0.418287559541277,0,3,7,35,0,0,0,5,0.446829594346223
"Lavandula stoechas","Sanchez Mejia in prep",NA,"Plants","Europe","Rain","C","all","all",0.00384046223487329,0,3,7,35,0,0,0,5,0.00456234653066466
"Lavandula stoechas","Sanchez Mejia in prep",NA,"Plants","Europe","Temperature","C","all","all",0.157668193664905,1,3,7,35,0,0,0,5,0.236581474684513
"Lavandula stoechas","Sanchez Mejia in prep",NA,"Plants","Europe","Temperature","C","all","all",0.47198829250031,1,3,7,35,0,0,0,5,0.65130102056889
"Lavandula stoechas","Sanchez Mejia in prep",NA,"Plants","Europe","Rain","C","all","all",0.417573400666909,1,3,7,35,0,0,0,5,0.567569713414838
"Lavandula stoechas","Sanchez Mejia in prep",NA,"Plants","Europe","Temperature","C","all","all",0.0825919816398056,0,3,7,35,0,0,0,5,0.140235539517652
"Lavandula stoechas","Sanchez Mejia in prep",NA,"Plants","Europe","Temperature","C","all","all",0.366770329661164,0,3,7,35,0,0,0,5,0.522943794885407
"Lavandula stoechas","Sanchez Mejia in prep",NA,"Plants","Europe","Rain","C","all","all",0.129481931483377,0,3,7,35,0,0,0,5,0.137849094806634
"Lavandula stoechas","Sanchez Mejia in prep",NA,"Plants","Europe","Temperature","C","all","all",0.153518896971694,1,3,7,35,0,0,0,5,0.321573633874242
"Lavandula stoechas","Sanchez Mejia in prep",NA,"Plants","Europe","Temperature","C","all","all",0.373665852237729,1,3,7,35,0,0,0,5,0.533183142815719
"Lavandula stoechas","Sanchez Mejia in prep",NA,"Plants","Europe","Rain","C","all","all",0.564089475950056,1,3,7,35,0,0,0,5,0.660620123568536
"Lavandula stoechas","Sanchez Mejia in prep",NA,"Plants","Europe","Temperature","C","all","all",0.337078002886908,0,3,7,35,0,0,0,5,0.483948894762139
"Lavandula stoechas","Sanchez Mejia in prep",NA,"Plants","Europe","Temperature","C","all","all",0.451309915288597,0,3,7,35,0,0,0,5,0.556120360191442
"Lavandula stoechas","Sanchez Mejia in prep",NA,"Plants","Europe","Rain","C","all","all",0.209642194550367,0,3,7,35,0,0,0,5,0.212857936539662
"Lavandula stoechas","Sanchez Mejia in prep",NA,"Plants","Europe","Temperature","C","all","all",0.2237695488319,1,3,7,35,0,0,0,5,0.342173859712795
"Lavandula stoechas","Sanchez Mejia in prep",NA,"Plants","Europe","Temperature","C","all","all",0.538183292211345,1,3,7,35,0,0,0,5,0.778936974631565
"Lavandula stoechas","Sanchez Mejia in prep",NA,"Plants","Europe","Rain","C","all","all",0.558458871204401,1,3,7,35,0,0,0,5,0.695412223242542
"Lavandula stoechas","Sanchez Mejia in prep",NA,"Plants","Europe","Temperature","C","all","all",0.198452919375332,0,3,7,35,0,0,0,5,0.269052140833481
"Lavandula stoechas","Sanchez Mejia in prep",NA,"Plants","Europe","Temperature","C","all","all",0.57356712974509,0,3,7,35,0,0,0,5,0.940776013964595
"Lavandula stoechas","Sanchez Mejia in prep",NA,"Plants","Europe","Rain","C","all","all",0.537957786078556,0,3,7,35,0,0,0,5,0.526821188981274
"Lavandula stoechas","Sanchez Mejia in prep",NA,"Plants","Europe","Temperature","C","all","all",0.0748922183921017,1,3,7,35,0,0,0,5,0.148176318278797
"Lavandula stoechas","Sanchez Mejia in prep",NA,"Plants","Europe","Temperature","C","all","all",0.547630532763128,1,3,7,35,0,0,0,5,0.636228985680675
"Lavandula stoechas","Sanchez Mejia in prep",NA,"Plants","Europe","Rain","C","all","all",0.497444297895469,1,3,7,35,0,0,0,5,0.624648303852623
"Lavandula stoechas","Sanchez Mejia in prep",NA,"Plants","Europe","Temperature","C","all","all",0.0510807020855195,0,3,7,35,0,0,0,5,0.0932442941687679
"Lavandula stoechas","Sanchez Mejia in prep",NA,"Plants","Europe","Temperature","C","all","all",0.568951474979227,0,3,7,35,0,0,0,5,0.77534200977537
"Lavandula stoechas","Sanchez Mejia in prep",NA,"Plants","Europe","Rain","C","all","all",0.0596520985180394,0,3,7,35,0,0,0,5,0.071637500439982
"Lavandula stoechas","Sanchez Mejia in prep",NA,"Plants","Europe","Temperature","C","all","all",0.0378653313455358,1,3,7,35,0,0,0,5,0.0668456962462728
"Lavandula stoechas","Sanchez Mejia in prep",NA,"Plants","Europe","Temperature","C","all","all",0.409885109302239,1,3,7,35,0,0,0,5,0.63001034379126
"Lavandula stoechas","Sanchez Mejia in prep",NA,"Plants","Europe","Rain","C","all","all",0.541486138916635,1,3,7,35,0,0,0,5,0.600041191793002
"Lavandula stoechas","Sanchez Mejia in prep",NA,"Plants","Europe","Temperature","C","all","all",0.0717369798022819,0,3,7,35,0,0,0,5,0.1163494430519
"Lavandula stoechas","Sanchez Mejia in prep",NA,"Plants","Europe","Temperature","C","all","all",0.402604297287171,0,3,7,35,0,0,0,5,0.53542115342888
"Lavandula stoechas","Sanchez Mejia in prep",NA,"Plants","Europe","Rain","C","all","all",0.164661869656334,0,3,7,35,0,0,0,5,0.181207732838934
"Lavandula stoechas","Sanchez Mejia in prep",NA,"Plants","Europe","Temperature","C","all","all",0.166823698247617,1,3,7,35,0,0,0,5,0.350136870985696
"Lavandula stoechas","Sanchez Mejia in prep",NA,"Plants","Europe","Temperature","C","all","all",0.461556457193731,1,3,7,35,0,0,0,5,0.628557536512934
"Lavandula stoechas","Sanchez Mejia in prep",NA,"Plants","Europe","Rain","C","all","all",0.628536228319958,1,3,7,35,0,0,0,5,0.752874725538033
"Lavandula stoechas","Sanchez Mejia in prep",NA,"Plants","Europe","Temperature","C","all","all",0.22504746199147,0,3,7,35,0,0,0,5,0.340465535598562
"Lavandula stoechas","Sanchez Mejia in prep",NA,"Plants","Europe","Temperature","C","all","all",0.352893629460308,0,3,7,35,0,0,0,5,0.502908058703665
"Lavandula stoechas","Sanchez Mejia in prep",NA,"Plants","Europe","Rain","C","all","all",0.337693346676037,0,3,7,35,0,0,0,5,0.382516744856309
"Lavandula stoechas","Sanchez Mejia in prep",NA,"Plants","Europe","Temperature","C","all","all",0.546348936942528,1,3,7,35,0,0,0,5,0.766054484894422
"Lavandula stoechas","Sanchez Mejia in prep",NA,"Plants","Europe","Temperature","C","all","all",0.363852896387729,1,3,7,35,0,0,0,5,0.462177061242965
"Lavandula stoechas","Sanchez Mejia in prep",NA,"Plants","Europe","Rain","C","all","all",0.464245037103008,1,3,7,35,0,0,0,5,0.550771675830562
"Lavandula stoechas","Sanchez Mejia in prep",NA,"Plants","Europe","Temperature","C","all","all",0.249330009033681,0,3,7,35,0,0,0,5,0.414618337458458
"Lavandula stoechas","Sanchez Mejia in prep",NA,"Plants","Europe","Temperature","C","all","all",0.430664394958767,0,3,7,35,0,0,0,5,0.496910026762247
"Lavandula stoechas","Sanchez Mejia in prep",NA,"Plants","Europe","Rain","C","all","all",0.118253933278351,0,3,7,35,0,0,0,5,0.128068881419974
"Lavandula stoechas","Sanchez Mejia in prep",NA,"Plants","Europe","Temperature","C","all","all",0.161435460541627,1,3,7,35,0,0,0,5,0.297609768868304
"Lavandula stoechas","Sanchez Mejia in prep",NA,"Plants","Europe","Temperature","C","all","all",0.372082184744839,1,3,7,35,0,0,0,5,0.521444705197526
"Lavandula stoechas","Sanchez Mejia in prep",NA,"Plants","Europe","Rain","C","all","all",0.501990925946464,1,3,7,35,0,0,0,5,0.576859016434712
"Lavandula stoechas","Sanchez Mejia in prep",NA,"Plants","Europe","Temperature","C","all","all",0.204593940758701,0,3,7,35,0,0,0,5,0.343055168246834
"Lavandula stoechas","Sanchez Mejia in prep",NA,"Plants","Europe","Temperature","C","all","all",0.601624816372562,0,3,7,35,0,0,0,5,0.864676854293235
"Lavandula stoechas","Sanchez Mejia in prep",NA,"Plants","Europe","Rain","C","all","all",0.215707181120534,0,3,7,35,0,0,0,5,0.273275312892051
"Lavandula stoechas","Sanchez Mejia in prep",NA,"Plants","Europe","Temperature","C","all","all",0.2554665650427,1,3,7,35,0,0,0,5,0.347953432113563
"Lavandula stoechas","Sanchez Mejia in prep",NA,"Plants","Europe","Temperature","C","all","all",0.298283492414687,1,3,7,35,0,0,0,5,0.396488386126303
"Lavandula stoechas","Sanchez Mejia in prep",NA,"Plants","Europe","Rain","C","all","all",0.46635198752868,1,3,7,35,0,0,0,5,0.562491916655437
"Lavandula stoechas","Sanchez Mejia in prep",NA,"Plants","Europe","Temperature","C","all","all",0.287745814987953,0,3,7,35,0,0,0,5,0.503523977752595
"Lavandula stoechas","Sanchez Mejia in prep",NA,"Plants","Europe","Temperature","C","all","all",0.257866415169534,0,3,7,35,0,0,0,5,0.381057899010354
"Lavandula stoechas","Sanchez Mejia in prep",NA,"Plants","Europe","Rain","C","all","all",0.0472331321213945,0,3,7,35,0,0,0,5,0.0454593604780113
"Lavandula stoechas","Sanchez Mejia in prep",NA,"Plants","Europe","Temperature","C","all","all",0.362138021417272,1,3,7,35,0,0,0,5,0.52472167889117
"Lavandula stoechas","Sanchez Mejia in prep",NA,"Plants","Europe","Temperature","C","all","all",0.31732128053087,1,3,7,35,0,0,0,5,0.482907321262745
"Lavandula stoechas","Sanchez Mejia in prep",NA,"Plants","Europe","Rain","C","all","all",0.631923076201707,1,3,7,35,0,0,0,5,0.862996746713881
"Lavandula stoechas","Sanchez Mejia in prep",NA,"Plants","Europe","Temperature","C","all","all",0.378726584456104,0,3,7,35,0,0,0,5,0.535110701368497
"Lavandula stoechas","Sanchez Mejia in prep",NA,"Plants","Europe","Temperature","C","all","all",0.380147573222533,0,3,7,35,0,0,0,5,0.420762670428607
"Lavandula stoechas","Sanchez Mejia in prep",NA,"Plants","Europe","Rain","C","all","all",0.189272001830027,0,3,7,35,0,0,0,5,0.169638231539072
"Lavandula stoechas","Sanchez Mejia in prep",NA,"Plants","Europe","Temperature","C","all","all",0.0804991631327136,1,3,7,35,0,0,0,5,0.171216809858514
"Lavandula stoechas","Sanchez Mejia in prep",NA,"Plants","Europe","Temperature","C","all","all",0.317084490417116,1,3,7,35,0,0,0,5,0.413454601976668
"Lavandula stoechas","Sanchez Mejia in prep",NA,"Plants","Europe","Rain","C","all","all",0.386693455224579,1,3,7,35,0,0,0,5,0.512030922577679
"Lavandula stoechas","Sanchez Mejia in prep",NA,"Plants","Europe","Temperature","C","all","all",0.298297648788664,0,3,7,35,0,0,0,5,0.542541469608532
"Lavandula stoechas","Sanchez Mejia in prep",NA,"Plants","Europe","Temperature","C","all","all",0.208966019927048,0,3,7,35,0,0,0,5,0.283271446452509
"Lavandula stoechas","Sanchez Mejia in prep",NA,"Plants","Europe","Rain","C","all","all",0.0401125364667796,0,3,7,35,0,0,0,5,0.0483295642845632
"Lavandula stoechas","Sanchez Mejia in prep",NA,"Plants","Europe","Temperature","C","all","all",0.277537599200096,1,3,7,35,0,0,0,5,0.549204700708314
"Lavandula stoechas","Sanchez Mejia in prep",NA,"Plants","Europe","Temperature","C","all","all",0.467238472839834,1,3,7,35,0,0,0,5,0.631317461214291
"Lavandula stoechas","Sanchez Mejia in prep",NA,"Plants","Europe","Rain","C","all","all",0.304512425212922,1,3,7,35,0,0,0,5,0.42338363507346
"Lavandula stoechas","Sanchez Mejia in prep",NA,"Plants","Europe","Temperature","C","all","all",0.0147720760456644,0,3,7,35,0,0,0,5,0.0264164172241497
"Lavandula stoechas","Sanchez Mejia in prep",NA,"Plants","Europe","Temperature","C","all","all",0.315933255143182,0,3,7,35,0,0,0,5,0.421782431380629
"Lavandula stoechas","Sanchez Mejia in prep",NA,"Plants","Europe","Rain","C","all","all",0.24441090992992,0,3,7,35,0,0,0,5,0.276489839290611
"Lavandula stoechas","Sanchez Mejia in prep",NA,"Plants","Europe","Temperature","C","all","all",0.204074187102818,1,3,7,35,0,0,0,5,0.318955505978905
"Lavandula stoechas","Sanchez Mejia in prep",NA,"Plants","Europe","Temperature","C","all","all",0.602238058593469,1,3,7,35,0,0,0,5,0.836158536526819
"Lavandula stoechas","Sanchez Mejia in prep",NA,"Plants","Europe","Rain","C","all","all",0.477820933036653,1,3,7,35,0,0,0,5,0.561929795873029
"Lavandula stoechas","Sanchez Mejia in prep",NA,"Plants","Europe","Temperature","C","all","all",0.0498361321373843,0,3,7,35,0,0,0,5,0.0948077296637078
"Lavandula stoechas","Sanchez Mejia in prep",NA,"Plants","Europe","Temperature","C","all","all",0.411615105621987,0,3,7,35,0,0,0,5,0.488774934694718
"Lavandula stoechas","Sanchez Mejia in prep",NA,"Plants","Europe","Rain","C","all","all",0.272150982802127,0,3,7,35,0,0,0,5,0.279823378160094
"Lavandula stoechas","Sanchez Mejia in prep",NA,"Plants","Europe","Temperature","C","all","all",0.199348839582813,1,3,7,35,0,0,0,5,0.368703948455943
"Lavandula stoechas","Sanchez Mejia in prep",NA,"Plants","Europe","Temperature","C","all","all",0.33813774391324,1,3,7,35,0,0,0,5,0.484247576829729
"Lavandula stoechas","Sanchez Mejia in prep",NA,"Plants","Europe","Rain","C","all","all",0.452623179709561,1,3,7,35,0,0,0,5,0.5512303546347
"Lavandula stoechas","Sanchez Mejia in prep",NA,"Plants","Europe","Temperature","C","all","all",0.190269442146735,0,3,7,35,0,0,0,5,0.396369900573228
"Lavandula stoechas","Sanchez Mejia in prep",NA,"Plants","Europe","Temperature","C","all","all",0.321917897201942,0,3,7,35,0,0,0,5,0.361046648227408
"Lavandula stoechas","Sanchez Mejia in prep",NA,"Plants","Europe","Rain","C","all","all",0.0575506810762607,0,3,7,35,0,0,0,5,0.0550241522175741
"Lavandula stoechas","Sanchez Mejia in prep",NA,"Plants","Europe","Temperature","C","all","all",0.152141688541868,1,3,7,35,0,0,0,5,0.244005627186882
"Lavandula stoechas","Sanchez Mejia in prep",NA,"Plants","Europe","Temperature","C","all","all",0.222254675834795,1,3,7,35,0,0,0,5,0.315365971894276
"Lavandula stoechas","Sanchez Mejia in prep",NA,"Plants","Europe","Rain","C","all","all",0.257824507092865,1,3,7,35,0,0,0,5,0.35584073788901
"Lavandula stoechas","Sanchez Mejia in prep",NA,"Plants","Europe","Temperature","C","all","all",0.213974304374428,0,3,7,35,0,0,0,5,0.360121913461919
"Lavandula stoechas","Sanchez Mejia in prep",NA,"Plants","Europe","Temperature","C","all","all",0.317191492093347,0,3,7,35,0,0,0,5,0.459391497684057
"Lavandula stoechas","Sanchez Mejia in prep",NA,"Plants","Europe","Rain","C","all","all",0.0635046420947223,0,3,7,35,0,0,0,5,0.0591754386004268
"Lavandula stoechas","Sanchez Mejia in prep",NA,"Plants","Europe","Temperature","C","all","all",0.0161630505134578,1,3,7,35,0,0,0,5,0.0261488629913776
"Lavandula stoechas","Sanchez Mejia in prep",NA,"Plants","Europe","Temperature","C","all","all",0.605893135082959,1,3,7,35,0,0,0,5,0.781908126805726
"Lavandula stoechas","Sanchez Mejia in prep",NA,"Plants","Europe","Rain","C","all","all",0.44127285670802,1,3,7,35,0,0,0,5,0.61211937281707
"Lavandula stoechas","Sanchez Mejia in prep",NA,"Plants","Europe","Temperature","C","all","all",0.0604184439230339,0,3,7,35,0,0,0,5,0.0953453101808249
"Lavandula stoechas","Sanchez Mejia in prep",NA,"Plants","Europe","Temperature","C","all","all",0.503721370044147,0,3,7,35,0,0,0,5,0.698496493976512
"Lavandula stoechas","Sanchez Mejia in prep",NA,"Plants","Europe","Rain","C","all","all",0.312009091787634,0,3,7,35,0,0,0,5,0.411309764361349
"Lavandula stoechas","Sanchez Mejia in prep",NA,"Plants","Europe","Temperature","C","all","all",0.218767035612633,1,3,7,35,0,0,0,5,0.34418158103118
"Lavandula stoechas","Sanchez Mejia in prep",NA,"Plants","Europe","Temperature","C","all","all",0.171853108768082,1,3,7,35,0,0,0,5,0.255695188630181
"Lavandula stoechas","Sanchez Mejia in prep",NA,"Plants","Europe","Rain","C","all","all",0.560488383241462,1,3,7,35,0,0,0,5,0.691387154881559
"Lavandula stoechas","Sanchez Mejia in prep",NA,"Plants","Europe","Temperature","C","all","all",0.100409347802588,0,3,7,35,0,0,0,5,0.152197034855036
"Lavandula stoechas","Sanchez Mejia in prep",NA,"Plants","Europe","Temperature","C","all","all",0.508667427006262,0,3,7,35,0,0,0,5,0.658105257961121
"Lavandula stoechas","Sanchez Mejia in prep",NA,"Plants","Europe","Rain","C","all","all",0.00288064789652989,0,3,7,35,0,0,0,5,0.00305216845118267
"Lavandula stoechas","Sanchez Mejia in prep",NA,"Plants","Europe","Temperature","C","all","all",0.149964943027179,1,3,7,35,0,0,0,5,0.284253263978975
"Lavandula stoechas","Sanchez Mejia in prep",NA,"Plants","Europe","Temperature","C","all","all",0.40241145955289,1,3,7,35,0,0,0,5,0.648267396976774
"Lavandula stoechas","Sanchez Mejia in prep",NA,"Plants","Europe","Rain","C","all","all",0.510371391173976,1,3,7,35,0,0,0,5,0.719513294404126
"Lavandula stoechas","Sanchez Mejia in prep",NA,"Plants","Europe","Temperature","C","all","all",0.272154172543365,0,3,7,35,0,0,0,5,0.416912140824271
"Lavandula stoechas","Sanchez Mejia in prep",NA,"Plants","Europe","Temperature","C","all","all",0.430375000243679,0,3,7,35,0,0,0,5,0.549740086199896
"Lavandula stoechas","Sanchez Mejia in prep",NA,"Plants","Europe","Rain","C","all","all",0.00189860239289702,0,3,7,35,0,0,0,5,0.00209016660964727
"Lavandula stoechas","Sanchez Mejia in prep",NA,"Plants","Europe","Temperature","C","all","all",0.476253063790949,1,3,7,35,0,0,0,5,0.706395597631573
"Lavandula stoechas","Sanchez Mejia in prep",NA,"Plants","Europe","Temperature","C","all","all",0.317112055891863,1,3,7,35,0,0,0,5,0.50578475518883
"Lavandula stoechas","Sanchez Mejia in prep",NA,"Plants","Europe","Rain","C","all","all",0.570001691823031,1,3,7,35,0,0,0,5,0.721009235933155
"Lavandula stoechas","Sanchez Mejia in prep",NA,"Plants","Europe","Temperature","C","all","all",0.0527278565697474,0,3,7,35,0,0,0,5,0.0960843669582572
"Lavandula stoechas","Sanchez Mejia in prep",NA,"Plants","Europe","Temperature","C","all","all",0.406600991537217,0,3,7,35,0,0,0,5,0.601086384814517
"Lavandula stoechas","Sanchez Mejia in prep",NA,"Plants","Europe","Rain","C","all","all",0.0919568515398119,0,3,7,35,0,0,0,5,0.105798336927879
"Lavandula stoechas","Sanchez Mejia in prep",NA,"Plants","Europe","Temperature","C","all","all",0.475403890449366,1,3,7,35,0,0,0,5,0.636653453526996
"Lavandula stoechas","Sanchez Mejia in prep",NA,"Plants","Europe","Temperature","C","all","all",0.198236263535257,1,3,7,35,0,0,0,5,0.262231177899496
"Lavandula stoechas","Sanchez Mejia in prep",NA,"Plants","Europe","Rain","C","all","all",0.602647365641611,1,3,7,35,0,0,0,5,0.815841402480026
"Lavandula stoechas","Sanchez Mejia in prep",NA,"Plants","Europe","Temperature","C","all","all",0.0277414222462647,0,3,7,35,0,0,0,5,0.047970143643016
"Lavandula stoechas","Sanchez Mejia in prep",NA,"Plants","Europe","Temperature","C","all","all",0.682035517160203,0,3,7,35,0,0,0,5,0.895559229680128
"Lavandula stoechas","Sanchez Mejia in prep",NA,"Plants","Europe","Rain","C","all","all",0.431174303372401,0,3,7,35,0,0,0,5,0.492699679901729
"Lavandula stoechas","Sanchez Mejia in prep",NA,"Plants","Europe","Temperature","C","all","all",0.142899704993004,1,3,7,35,0,0,0,5,0.249199929831095
"Lavandula stoechas","Sanchez Mejia in prep",NA,"Plants","Europe","Temperature","C","all","all",0.540694705490069,1,3,7,35,0,0,0,5,0.781657936148461
"Lavandula stoechas","Sanchez Mejia in prep",NA,"Plants","Europe","Rain","C","all","all",0.697816020295363,1,3,7,35,0,0,0,5,0.840273166632235
"Lavandula stoechas","Sanchez Mejia in prep",NA,"Plants","Europe","Temperature","C","all","all",0.169999706471555,0,3,7,35,0,0,0,5,0.292017609524205
"Lavandula stoechas","Sanchez Mejia in prep",NA,"Plants","Europe","Temperature","C","all","all",0.641289104512003,0,3,7,35,0,0,0,5,1.06314510737005
"Lavandula stoechas","Sanchez Mejia in prep",NA,"Plants","Europe","Rain","C","all","all",0.029804122474605,0,3,7,35,0,0,0,5,0.0310437398897574
"Lavandula stoechas","Sanchez Mejia in prep",NA,"Plants","Europe","Temperature","C","all","all",0.0858849450868404,1,3,7,35,0,0,0,5,0.151333309151436
"Lavandula stoechas","Sanchez Mejia in prep",NA,"Plants","Europe","Temperature","C","all","all",0.402840109058031,1,3,7,35,0,0,0,5,0.538715542003156
"Lavandula stoechas","Sanchez Mejia in prep",NA,"Plants","Europe","Rain","C","all","all",0.636372862082195,1,3,7,35,0,0,0,5,0.941617728939763
"Lavandula stoechas","Sanchez Mejia in prep",NA,"Plants","Europe","Temperature","C","all","all",0.171836771956795,0,3,7,35,0,0,0,5,0.276913764221089
"Lavandula stoechas","Sanchez Mejia in prep",NA,"Plants","Europe","Temperature","C","all","all",0.384876413245258,0,3,7,35,0,0,0,5,0.604520156395448
"Lavandula stoechas","Sanchez Mejia in prep",NA,"Plants","Europe","Rain","C","all","all",0.0748529707096137,0,3,7,35,0,0,0,5,0.0755762428677979
"Lavandula stoechas","Sanchez Mejia in prep",NA,"Plants","Europe","Temperature","C","all","all",0.33605594045373,1,3,7,35,0,0,0,5,0.595936029746263
"Lavandula stoechas","Sanchez Mejia in prep",NA,"Plants","Europe","Temperature","C","all","all",0.342048764656019,1,3,7,35,0,0,0,5,0.538495154129705
"Lavandula stoechas","Sanchez Mejia in prep",NA,"Plants","Europe","Rain","C","all","all",0.554237635890703,1,3,7,35,0,0,0,5,0.671057153060774
"Lavandula stoechas","Sanchez Mejia in prep",NA,"Plants","Europe","Temperature","C","all","all",0.0762990208696405,0,3,7,35,0,0,0,5,0.103537088702142
"Lavandula stoechas","Sanchez Mejia in prep",NA,"Plants","Europe","Temperature","C","all","all",0.304857787922644,0,3,7,35,0,0,0,5,0.408643574758153
"Lavandula stoechas","Sanchez Mejia in prep",NA,"Plants","Europe","Rain","C","all","all",0.248157451103937,0,3,7,35,0,0,0,5,0.222163216565873
"Lavandula stoechas","Sanchez Mejia in prep",NA,"Plants","Europe","Temperature","C","all","all",0.208206856012188,1,3,7,35,0,0,0,5,0.331460530043817
"Lavandula stoechas","Sanchez Mejia in prep",NA,"Plants","Europe","Temperature","C","all","all",0.42998472593616,1,3,7,35,0,0,0,5,0.663537041293756
"Lavandula stoechas","Sanchez Mejia in prep",NA,"Plants","Europe","Rain","C","all","all",0.678216402944106,1,3,7,35,0,0,0,5,0.821283474677725
"Lavandula stoechas","Sanchez Mejia in prep",NA,"Plants","Europe","Temperature","C","all","all",0.252531685352782,0,3,7,35,0,0,0,5,0.338737825779237
"Lavandula stoechas","Sanchez Mejia in prep",NA,"Plants","Europe","Temperature","C","all","all",0.224238414104978,0,3,7,35,0,0,0,5,0.251360746308955
"Lavandula stoechas","Sanchez Mejia in prep",NA,"Plants","Europe","Rain","C","all","all",0.30259707705357,0,3,7,35,0,0,0,5,0.262547724886893
"Lavandula stoechas","Sanchez Mejia in prep",NA,"Plants","Europe","Temperature","C","all","all",0.330541677450276,1,3,7,35,0,0,0,5,0.4966343551288
"Lavandula stoechas","Sanchez Mejia in prep",NA,"Plants","Europe","Temperature","C","all","all",0.399363421083167,1,3,7,35,0,0,0,5,0.594999372939736
"Lavandula stoechas","Sanchez Mejia in prep",NA,"Plants","Europe","Rain","C","all","all",0.363709488048845,1,3,7,35,0,0,0,5,0.493248358237923
"Lavandula stoechas","Sanchez Mejia in prep",NA,"Plants","Europe","Temperature","C","all","all",0.0183838409507354,0,3,7,35,0,0,0,5,0.0355827995387412
"Lavandula stoechas","Sanchez Mejia in prep",NA,"Plants","Europe","Temperature","C","all","all",0.275142873646254,0,3,7,35,0,0,0,5,0.418901832226897
"Lavandula stoechas","Sanchez Mejia in prep",NA,"Plants","Europe","Rain","C","all","all",0.102404904865068,0,3,7,35,0,0,0,5,0.0948205525796533
"Lavandula stoechas","Sanchez Mejia in prep",NA,"Plants","Europe","Temperature","C","all","all",0.1016293934205,1,3,7,35,0,0,0,5,0.185968330553405
"Lavandula stoechas","Sanchez Mejia in prep",NA,"Plants","Europe","Temperature","C","all","all",0.427895717483381,1,3,7,35,0,0,0,5,0.596578635709758
"Lavandula stoechas","Sanchez Mejia in prep",NA,"Plants","Europe","Rain","C","all","all",0.531901738962265,1,3,7,35,0,0,0,5,0.738950908502404
"Lavandula stoechas","Sanchez Mejia in prep",NA,"Plants","Europe","Temperature","C","all","all",0.168308638097988,0,3,7,35,0,0,0,5,0.293455169399204
"Lavandula stoechas","Sanchez Mejia in prep",NA,"Plants","Europe","Temperature","C","all","all",0.562438521984207,0,3,7,35,0,0,0,5,0.785888786677012
"Lavandula stoechas","Sanchez Mejia in prep",NA,"Plants","Europe","Rain","C","all","all",0.296979621766378,0,3,7,35,0,0,0,5,0.299022237723962
"Lavandula stoechas","Sanchez Mejia in prep",NA,"Plants","Europe","Temperature","C","all","all",0.0665488855779334,1,3,7,35,0,0,0,5,0.121422657491514
"Lavandula stoechas","Sanchez Mejia in prep",NA,"Plants","Europe","Temperature","C","all","all",0.229945207418235,1,3,7,35,0,0,0,5,0.364217597964396
"Lavandula stoechas","Sanchez Mejia in prep",NA,"Plants","Europe","Rain","C","all","all",0.809527255759886,1,3,7,35,0,0,0,5,0.908283354716599
"Lavandula stoechas","Sanchez Mejia in prep",NA,"Plants","Europe","Temperature","C","all","all",0.176830008150061,0,3,7,35,0,0,0,5,0.304313766482998
"Lavandula stoechas","Sanchez Mejia in prep",NA,"Plants","Europe","Temperature","C","all","all",0.639607686180915,0,3,7,35,0,0,0,5,0.776391148460709
"Lavandula stoechas","Sanchez Mejia in prep",NA,"Plants","Europe","Rain","C","all","all",0.256148827900874,0,3,7,35,0,0,0,5,0.275465669523049
"Lavandula stoechas","Sanchez Mejia in prep",NA,"Plants","Europe","Temperature","C","all","all",0.441833664717459,1,3,7,35,0,0,0,5,0.677657270043067
"Lavandula stoechas","Sanchez Mejia in prep",NA,"Plants","Europe","Temperature","C","all","all",0.382618357555378,1,3,7,35,0,0,0,5,0.4591978627918
"Lavandula stoechas","Sanchez Mejia in prep",NA,"Plants","Europe","Rain","C","all","all",0.253865608476953,1,3,7,35,0,0,0,5,0.350023899456198
"Lavandula stoechas","Sanchez Mejia in prep",NA,"Plants","Europe","Temperature","C","all","all",0.148875780554399,0,3,7,35,0,0,0,5,0.318127062729962
"Lavandula stoechas","Sanchez Mejia in prep",NA,"Plants","Europe","Temperature","C","all","all",0.81705563575941,0,3,7,35,0,0,0,5,1.08400675338753
"Lavandula stoechas","Sanchez Mejia in prep",NA,"Plants","Europe","Rain","C","all","all",0.000482967496202798,0,3,7,35,0,0,0,5,0.000520583563193951
"Lavandula stoechas","Sanchez Mejia in prep",NA,"Plants","Europe","Temperature","C","all","all",0.257911414141486,1,3,7,35,0,0,0,5,0.427145425124786
"Lavandula stoechas","Sanchez Mejia in prep",NA,"Plants","Europe","Temperature","C","all","all",0.309038205088617,1,3,7,35,0,0,0,5,0.496439922519133
"Lavandula stoechas","Sanchez Mejia in prep",NA,"Plants","Europe","Rain","C","all","all",0.482372366749951,1,3,7,35,0,0,0,5,0.651423287043735
"Lavandula stoechas","Sanchez Mejia in prep",NA,"Plants","Europe","Temperature","C","all","all",0.112119082953557,0,3,7,35,0,0,0,5,0.207406984527348
"Lavandula stoechas","Sanchez Mejia in prep",NA,"Plants","Europe","Temperature","C","all","all",0.360102332556754,0,3,7,35,0,0,0,5,0.465728681188353
"Lavandula stoechas","Sanchez Mejia in prep",NA,"Plants","Europe","Rain","C","all","all",0.30411912126046,0,3,7,35,0,0,0,5,0.304692719378016
"Lavandula stoechas","Sanchez Mejia in prep",NA,"Plants","Europe","Temperature","C","all","all",0.0711525971162385,1,3,7,35,0,0,0,5,0.142035736813399
"Lavandula stoechas","Sanchez Mejia in prep",NA,"Plants","Europe","Temperature","C","all","all",0.468659425171819,1,3,7,35,0,0,0,5,0.619062446746026
"Lavandula stoechas","Sanchez Mejia in prep",NA,"Plants","Europe","Rain","C","all","all",0.186373537949937,1,3,7,35,0,0,0,5,0.24407277933978
"Lavandula stoechas","Sanchez Mejia in prep",NA,"Plants","Europe","Temperature","C","all","all",0.103818253086995,0,3,7,35,0,0,0,5,0.171888292204833
"Lavandula stoechas","Sanchez Mejia in prep",NA,"Plants","Europe","Temperature","C","all","all",0.408532343719039,0,3,7,35,0,0,0,5,0.723038468970592
"Lavandula stoechas","Sanchez Mejia in prep",NA,"Plants","Europe","Rain","C","all","all",0.101542351504525,0,3,7,35,0,0,0,5,0.115213467941481
"Lavandula stoechas","Sanchez Mejia in prep",NA,"Plants","Europe","Temperature","C","all","all",0.208777721886844,1,3,7,35,0,0,0,5,0.319591028375241
"Lavandula stoechas","Sanchez Mejia in prep",NA,"Plants","Europe","Temperature","C","all","all",0.552345943108857,1,3,7,35,0,0,0,5,0.716678337505955
"Lavandula stoechas","Sanchez Mejia in prep",NA,"Plants","Europe","Rain","C","all","all",0.34234883583109,1,3,7,35,0,0,0,5,0.401419032097674
"Lavandula stoechas","Sanchez Mejia in prep",NA,"Plants","Europe","Temperature","C","all","all",0.125754857332342,0,3,7,35,0,0,0,5,0.196644145162904
"Lavandula stoechas","Sanchez Mejia in prep",NA,"Plants","Europe","Temperature","C","all","all",0.404572379371068,0,3,7,35,0,0,0,5,0.509010013792517
"Lavandula stoechas","Sanchez Mejia in prep",NA,"Plants","Europe","Rain","C","all","all",0.0861207129271484,0,3,7,35,0,0,0,5,0.0989078000963051
"Lavandula stoechas","Sanchez Mejia in prep",NA,"Plants","Europe","Temperature","C","all","all",0.0878512454871919,1,3,7,35,0,0,0,5,0.170869563600815
"Lavandula stoechas","Sanchez Mejia in prep",NA,"Plants","Europe","Temperature","C","all","all",0.517424578894372,1,3,7,35,0,0,0,5,0.760598309483446
"Lavandula stoechas","Sanchez Mejia in prep",NA,"Plants","Europe","Rain","C","all","all",0.684730297816483,1,3,7,35,0,0,0,5,0.885481344108401
"Lavandula stoechas","Sanchez Mejia in prep",NA,"Plants","Europe","Temperature","C","all","all",0.304361721827293,0,3,7,35,0,0,0,5,0.46106968328313
"Lavandula stoechas","Sanchez Mejia in prep",NA,"Plants","Europe","Temperature","C","all","all",0.425167980569573,0,3,7,35,0,0,0,5,0.56258996603185
"Lavandula stoechas","Sanchez Mejia in prep",NA,"Plants","Europe","Rain","C","all","all",0.174028482728341,0,3,7,35,0,0,0,5,0.174072051853884
"Lavandula stoechas","Sanchez Mejia in prep",NA,"Plants","Europe","Temperature","C","all","all",0.293957922827174,1,3,7,35,0,0,0,5,0.429885882843818
"Lavandula stoechas","Sanchez Mejia in prep",NA,"Plants","Europe","Temperature","C","all","all",0.356228692353082,1,3,7,35,0,0,0,5,0.579100493015747
"Lavandula stoechas","Sanchez Mejia in prep",NA,"Plants","Europe","Rain","C","all","all",0.671019273663167,1,3,7,35,0,0,0,5,0.708335085811801
"Lavandula stoechas","Sanchez Mejia in prep",NA,"Plants","Europe","Temperature","C","all","all",0.321381436174884,0,3,7,35,0,0,0,5,0.543347914163286
"Lavandula stoechas","Sanchez Mejia in prep",NA,"Plants","Europe","Temperature","C","all","all",0.70929174360667,0,3,7,35,0,0,0,5,0.973817246823101
"Lavandula stoechas","Sanchez Mejia in prep",NA,"Plants","Europe","Rain","C","all","all",0.0862804280956077,0,3,7,35,0,0,0,5,0.088393677404365
"Lavandula stoechas","Sanchez Mejia in prep",NA,"Plants","Europe","Temperature","C","all","all",0.0514706908979674,1,3,7,35,0,0,0,5,0.095437907788623
"Lavandula stoechas","Sanchez Mejia in prep",NA,"Plants","Europe","Temperature","C","all","all",0.408363364170121,1,3,7,35,0,0,0,5,0.462263359738116
"Lavandula stoechas","Sanchez Mejia in prep",NA,"Plants","Europe","Rain","C","all","all",0.401885668826947,1,3,7,35,0,0,0,5,0.533211686640549
"Lavandula stoechas","Sanchez Mejia in prep",NA,"Plants","Europe","Temperature","C","all","all",0.377919425982955,0,3,7,35,0,0,0,5,0.667958666124077
"Lavandula stoechas","Sanchez Mejia in prep",NA,"Plants","Europe","Temperature","C","all","all",0.292028602278535,0,3,7,35,0,0,0,5,0.396305869000818
"Lavandula stoechas","Sanchez Mejia in prep",NA,"Plants","Europe","Rain","C","all","all",0.0852469257900505,0,3,7,35,0,0,0,5,0.0979021449249756
"Lavandula stoechas","Sanchez Mejia in prep",NA,"Plants","Europe","Temperature","C","all","all",0.126506334063863,1,3,7,35,0,0,0,5,0.228322005320557
"Lavandula stoechas","Sanchez Mejia in prep",NA,"Plants","Europe","Temperature","C","all","all",0.29073266076759,1,3,7,35,0,0,0,5,0.434450025230111
"Lavandula stoechas","Sanchez Mejia in prep",NA,"Plants","Europe","Rain","C","all","all",0.547285242814573,1,3,7,35,0,0,0,5,0.695433299111899
"Lavandula stoechas","Sanchez Mejia in prep",NA,"Plants","Europe","Temperature","C","all","all",0.234445457816087,0,3,7,35,0,0,0,5,0.477699957700731
"Lavandula stoechas","Sanchez Mejia in prep",NA,"Plants","Europe","Temperature","C","all","all",0.302546620350549,0,3,7,35,0,0,0,5,0.39015115594201
"Lavandula stoechas","Sanchez Mejia in prep",NA,"Plants","Europe","Rain","C","all","all",0.193104157108956,0,3,7,35,0,0,0,5,0.233044821101974
"Lavandula stoechas","Sanchez Mejia in prep",NA,"Plants","Europe","Temperature","C","all","all",0.174551870595191,1,3,7,35,0,0,0,5,0.317157077703548
"Lavandula stoechas","Sanchez Mejia in prep",NA,"Plants","Europe","Temperature","C","all","all",0.37862338781051,1,3,7,35,0,0,0,5,0.546562792822632
"Lavandula stoechas","Sanchez Mejia in prep",NA,"Plants","Europe","Rain","C","all","all",0.404131120520155,1,3,7,35,0,0,0,5,0.470824911343912
"Lavandula stoechas","Sanchez Mejia in prep",NA,"Plants","Europe","Temperature","C","all","all",0.366726497855038,0,3,7,35,0,0,0,5,0.556563111746882
"Lavandula stoechas","Sanchez Mejia in prep",NA,"Plants","Europe","Temperature","C","all","all",0.00417270298481055,0,3,7,35,0,0,0,5,0.00530861861129905
"Lavandula stoechas","Sanchez Mejia in prep",NA,"Plants","Europe","Rain","C","all","all",0.0360034859502915,0,3,7,35,0,0,0,5,0.0446886060864596
"Lavandula stoechas","Sanchez Mejia in prep",NA,"Plants","Europe","Temperature","C","all","all",0.346121964387282,1,3,7,35,0,0,0,5,0.546838322858846
"Lavandula stoechas","Sanchez Mejia in prep",NA,"Plants","Europe","Temperature","C","all","all",0.505347991332442,1,3,7,35,0,0,0,5,0.735965315951651
"Lavandula stoechas","Sanchez Mejia in prep",NA,"Plants","Europe","Rain","C","all","all",0.523376940826172,1,3,7,35,0,0,0,5,0.709466003832209
"Lavandula stoechas","Sanchez Mejia in prep",NA,"Plants","Europe","Temperature","C","all","all",0.121120838098358,0,3,7,35,0,0,0,5,0.187706691371717
"Lavandula stoechas","Sanchez Mejia in prep",NA,"Plants","Europe","Temperature","C","all","all",0.635705406326411,0,3,7,35,0,0,0,5,0.70350974293545
"Lavandula stoechas","Sanchez Mejia in prep",NA,"Plants","Europe","Rain","C","all","all",0.221460848467944,0,3,7,35,0,0,0,5,0.226559133882619
"Lavandula stoechas","Sanchez Mejia in prep",NA,"Plants","Europe","Temperature","C","all","all",0.0898985080414805,1,3,7,35,0,0,0,5,0.146749012318948
"Lavandula stoechas","Sanchez Mejia in prep",NA,"Plants","Europe","Temperature","C","all","all",0.289780310642005,1,3,7,35,0,0,0,5,0.535647311967629
"Lavandula stoechas","Sanchez Mejia in prep",NA,"Plants","Europe","Rain","C","all","all",0.526404933357615,1,3,7,35,0,0,0,5,0.751752288484319
"Lavandula stoechas","Sanchez Mejia in prep",NA,"Plants","Europe","Temperature","C","all","all",0.0882597234050718,0,3,7,35,0,0,0,5,0.150089860077578
"Lavandula stoechas","Sanchez Mejia in prep",NA,"Plants","Europe","Temperature","C","all","all",0.515657828394512,0,3,7,35,0,0,0,5,0.653735865987547
"Lavandula stoechas","Sanchez Mejia in prep",NA,"Plants","Europe","Rain","C","all","all",0.0819655499802789,0,3,7,35,0,0,0,5,0.084817246545108
"Lavandula stoechas","Sanchez Mejia in prep",NA,"Plants","Europe","Temperature","C","all","all",0.240156788127492,1,3,7,35,0,0,0,5,0.481188463612651
"Lavandula stoechas","Sanchez Mejia in prep",NA,"Plants","Europe","Temperature","C","all","all",0.641003888332182,1,3,7,35,0,0,0,5,0.901365692086663
"Lavandula stoechas","Sanchez Mejia in prep",NA,"Plants","Europe","Rain","C","all","all",0.405482008310134,1,3,7,35,0,0,0,5,0.655892408655503
"Lavandula stoechas","Sanchez Mejia in prep",NA,"Plants","Europe","Temperature","C","all","all",0.0923363858767456,0,3,7,35,0,0,0,5,0.153405857027987
"Lavandula stoechas","Sanchez Mejia in prep",NA,"Plants","Europe","Temperature","C","all","all",0.052017694442512,0,3,7,35,0,0,0,5,0.0718891718514965
"Lavandula stoechas","Sanchez Mejia in prep",NA,"Plants","Europe","Rain","C","all","all",0.263766708342917,0,3,7,35,0,0,0,5,0.239528977695772
"Lavandula stoechas","Sanchez Mejia in prep",NA,"Plants","Europe","Temperature","C","all","all",0.286765287130983,1,3,7,35,0,0,0,5,0.468620222415705
"Lavandula stoechas","Sanchez Mejia in prep",NA,"Plants","Europe","Temperature","C","all","all",0.582178756677571,1,3,7,35,0,0,0,5,0.994553522213681
"Lavandula stoechas","Sanchez Mejia in prep",NA,"Plants","Europe","Rain","C","all","all",0.405954040696477,1,3,7,35,0,0,0,5,0.492914544362613
"Lavandula stoechas","Sanchez Mejia in prep",NA,"Plants","Europe","Temperature","C","all","all",0.0764872087394878,0,3,7,35,0,0,0,5,0.13049994029725
"Lavandula stoechas","Sanchez Mejia in prep",NA,"Plants","Europe","Temperature","C","all","all",0.403801560014494,0,3,7,35,0,0,0,5,0.514138520974226
"Lavandula stoechas","Sanchez Mejia in prep",NA,"Plants","Europe","Rain","C","all","all",0.0966714486189461,0,3,7,35,0,0,0,5,0.0903833142033492
"Lavandula stoechas","Sanchez Mejia in prep",NA,"Plants","Europe","Temperature","C","all","all",0.145495008752395,1,3,7,35,0,0,0,5,0.28932808360068
"Lavandula stoechas","Sanchez Mejia in prep",NA,"Plants","Europe","Temperature","C","all","all",0.602601614485472,1,3,7,35,0,0,0,5,0.887582034445129
"Lavandula stoechas","Sanchez Mejia in prep",NA,"Plants","Europe","Rain","C","all","all",0.442409885924011,1,3,7,35,0,0,0,5,0.725908689058233
"Lavandula stoechas","Sanchez Mejia in prep",NA,"Plants","Europe","Temperature","C","all","all",0.0872461666372352,0,3,7,35,0,0,0,5,0.168809254271367
"Lavandula stoechas","Sanchez Mejia in prep",NA,"Plants","Europe","Temperature","C","all","all",0.385462707426698,0,3,7,35,0,0,0,5,0.555984393122785
"Lavandula stoechas","Sanchez Mejia in prep",NA,"Plants","Europe","Rain","C","all","all",0.0570051388962638,0,3,7,35,0,0,0,5,0.0606506628650231
"Lavandula stoechas","Sanchez Mejia in prep",NA,"Plants","Europe","Temperature","C","all","all",0.341319606697523,1,3,7,35,0,0,0,5,0.613727135214909
"Lavandula stoechas","Sanchez Mejia in prep",NA,"Plants","Europe","Temperature","C","all","all",0.395370227331977,1,3,7,35,0,0,0,5,0.545208407496839
"Lavandula stoechas","Sanchez Mejia in prep",NA,"Plants","Europe","Rain","C","all","all",0.465589322180342,1,3,7,35,0,0,0,5,0.545277984199416
"Lavandula stoechas","Sanchez Mejia in prep",NA,"Plants","Europe","Temperature","C","all","all",0.227473730821848,0,3,7,35,0,0,0,5,0.360875789250099
"Lavandula stoechas","Sanchez Mejia in prep",NA,"Plants","Europe","Temperature","C","all","all",0.344961982378727,0,3,7,35,0,0,0,5,0.451106440430689
"Lavandula stoechas","Sanchez Mejia in prep",NA,"Plants","Europe","Rain","C","all","all",0.0962631226972321,0,3,7,35,0,0,0,5,0.0987271047272036
"Lavandula stoechas","Sanchez Mejia in prep",NA,"Plants","Europe","Temperature","C","all","all",0.376920672270987,1,3,7,35,0,0,0,5,0.58920733322268
"Lavandula stoechas","Sanchez Mejia in prep",NA,"Plants","Europe","Temperature","C","all","all",0.327007870163606,1,3,7,35,0,0,0,5,0.505025045613049
"Lavandula stoechas","Sanchez Mejia in prep",NA,"Plants","Europe","Rain","C","all","all",0.477386385935575,1,3,7,35,0,0,0,5,0.613783599859742
"Lavandula stoechas","Sanchez Mejia in prep",NA,"Plants","Europe","Temperature","C","all","all",0.276102822541182,0,3,7,35,0,0,0,5,0.430606737459448
"Lavandula stoechas","Sanchez Mejia in prep",NA,"Plants","Europe","Temperature","C","all","all",0.659759148283127,0,3,7,35,0,0,0,5,0.95061059882011
"Lavandula stoechas","Sanchez Mejia in prep",NA,"Plants","Europe","Rain","C","all","all",0.17428815130967,0,3,7,35,0,0,0,5,0.17878384118633
"Lavandula stoechas","Sanchez Mejia in prep",NA,"Plants","Europe","Temperature","C","all","all",0.172381052152932,1,3,7,35,0,0,0,5,0.332198360452655
"Lavandula stoechas","Sanchez Mejia in prep",NA,"Plants","Europe","Temperature","C","all","all",0.474697067379353,1,3,7,35,0,0,0,5,0.722631826598752
"Lavandula stoechas","Sanchez Mejia in prep",NA,"Plants","Europe","Rain","C","all","all",0.642669549839081,1,3,7,35,0,0,0,5,0.845815139552422
"Lavandula stoechas","Sanchez Mejia in prep",NA,"Plants","Europe","Temperature","C","all","all",0.158186394126063,0,3,7,35,0,0,0,5,0.232388919419607
"Lavandula stoechas","Sanchez Mejia in prep",NA,"Plants","Europe","Temperature","C","all","all",0.249881575108133,0,3,7,35,0,0,0,5,0.408835019314936
"Lavandula stoechas","Sanchez Mejia in prep",NA,"Plants","Europe","Rain","C","all","all",0.117089325472273,0,3,7,35,0,0,0,5,0.130886806262712
"Lavandula stoechas","Sanchez Mejia in prep",NA,"Plants","Europe","Temperature","C","all","all",0.146342725422335,1,3,7,35,0,0,0,5,0.281900263229609
"Lavandula stoechas","Sanchez Mejia in prep",NA,"Plants","Europe","Temperature","C","all","all",0.483128152936775,1,3,7,35,0,0,0,5,0.7177033229176
"Lavandula stoechas","Sanchez Mejia in prep",NA,"Plants","Europe","Rain","C","all","all",0.263471855290659,1,3,7,35,0,0,0,5,0.345498641280731
"Lavandula stoechas","Sanchez Mejia in prep",NA,"Plants","Europe","Temperature","C","all","all",0.370258471128505,0,3,7,35,0,0,0,5,0.652316303533758
"Lavandula stoechas","Sanchez Mejia in prep",NA,"Plants","Europe","Temperature","C","all","all",0.520911934669471,0,3,7,35,0,0,0,5,0.743129250997849
"Lavandula stoechas","Sanchez Mejia in prep",NA,"Plants","Europe","Rain","C","all","all",0.290414176553724,0,3,7,35,0,0,0,5,0.335275343240807
"Lavandula stoechas","Sanchez Mejia in prep",NA,"Plants","Europe","Temperature","C","all","all",0.236342613159358,1,3,7,35,0,0,0,5,0.372067560757645
"Lavandula stoechas","Sanchez Mejia in prep",NA,"Plants","Europe","Temperature","C","all","all",0.393429823253149,1,3,7,35,0,0,0,5,0.509510535800041
"Lavandula stoechas","Sanchez Mejia in prep",NA,"Plants","Europe","Rain","C","all","all",0.252988808932634,1,3,7,35,0,0,0,5,0.352236951139904
"Lavandula stoechas","Sanchez Mejia in prep",NA,"Plants","Europe","Temperature","C","all","all",0.0424226654482199,0,3,7,35,0,0,0,5,0.0770702830045045
"Lavandula stoechas","Sanchez Mejia in prep",NA,"Plants","Europe","Temperature","C","all","all",0.851908809332972,0,3,7,35,0,0,0,5,1.09403809974376
"Lavandula stoechas","Sanchez Mejia in prep",NA,"Plants","Europe","Rain","C","all","all",0.136552796718671,0,3,7,35,0,0,0,5,0.125811264824519
"Lavandula stoechas","Sanchez Mejia in prep",NA,"Plants","Europe","Temperature","C","all","all",0.0971850848050383,1,3,7,35,0,0,0,5,0.158904660842041
"Lavandula stoechas","Sanchez Mejia in prep",NA,"Plants","Europe","Temperature","C","all","all",0.397060675072722,1,3,7,35,0,0,0,5,0.564543533128337
"Lavandula stoechas","Sanchez Mejia in prep",NA,"Plants","Europe","Rain","C","all","all",0.412953581011486,1,3,7,35,0,0,0,5,0.556802434570075
"Lavandula stoechas","Sanchez Mejia in prep",NA,"Plants","Europe","Temperature","C","all","all",0.390317779689136,0,3,7,35,0,0,0,5,0.498055352917396
"Lavandula stoechas","Sanchez Mejia in prep",NA,"Plants","Europe","Temperature","C","all","all",0.737998484855202,0,3,7,35,0,0,0,5,0.900953593552279
"Lavandula stoechas","Sanchez Mejia in prep",NA,"Plants","Europe","Rain","C","all","all",0.167669712197629,0,3,7,35,0,0,0,5,0.182369036107278
"Lavandula stoechas","Sanchez Mejia in prep",NA,"Plants","Europe","Temperature","C","all","all",0.397281158342675,1,3,7,35,0,0,0,5,0.677807055403088
"Lavandula stoechas","Sanchez Mejia in prep",NA,"Plants","Europe","Temperature","C","all","all",0.626714411903504,1,3,7,35,0,0,0,5,0.877841737417917
"Lavandula stoechas","Sanchez Mejia in prep",NA,"Plants","Europe","Rain","C","all","all",0.559032252169471,1,3,7,35,0,0,0,5,0.697206538383363
"Lavandula stoechas","Sanchez Mejia in prep",NA,"Plants","Europe","Temperature","C","all","all",0.166181725430939,0,3,7,35,0,0,0,5,0.296840152458768
"Lavandula stoechas","Sanchez Mejia in prep",NA,"Plants","Europe","Temperature","C","all","all",0.492542959523712,0,3,7,35,0,0,0,5,0.610832252762121
"Lavandula stoechas","Sanchez Mejia in prep",NA,"Plants","Europe","Rain","C","all","all",0.400095313646328,0,3,7,35,0,0,0,5,0.353699597542185
"Lavandula stoechas","Sanchez Mejia in prep",NA,"Plants","Europe","Temperature","C","all","all",0.132389148956858,1,3,7,35,0,0,0,5,0.240838297471892
"Lavandula stoechas","Sanchez Mejia in prep",NA,"Plants","Europe","Temperature","C","all","all",0.434945908396467,1,3,7,35,0,0,0,5,0.616072473256213
"Lavandula stoechas","Sanchez Mejia in prep",NA,"Plants","Europe","Rain","C","all","all",0.393228444675894,1,3,7,35,0,0,0,5,0.517952343147875
"Lavandula stoechas","Sanchez Mejia in prep",NA,"Plants","Europe","Temperature","C","all","all",0.209380301593748,0,3,7,35,0,0,0,5,0.312657323229684
"Lavandula stoechas","Sanchez Mejia in prep",NA,"Plants","Europe","Temperature","C","all","all",0.278194735458297,0,3,7,35,0,0,0,5,0.413889566070966
"Lavandula stoechas","Sanchez Mejia in prep",NA,"Plants","Europe","Rain","C","all","all",0.0394954088213796,0,3,7,35,0,0,0,5,0.042247682295564
"Lavandula stoechas","Sanchez Mejia in prep",NA,"Plants","Europe","Temperature","C","all","all",0.166440318225147,1,3,7,35,0,0,0,5,0.25740590871511
"Lavandula stoechas","Sanchez Mejia in prep",NA,"Plants","Europe","Temperature","C","all","all",0.548229391213884,1,3,7,35,0,0,0,5,0.881368876316795
"Lavandula stoechas","Sanchez Mejia in prep",NA,"Plants","Europe","Rain","C","all","all",0.449387709648421,1,3,7,35,0,0,0,5,0.553090267387821
"Lavandula stoechas","Sanchez Mejia in prep",NA,"Plants","Europe","Temperature","C","all","all",0.245766993026426,0,3,7,35,0,0,0,5,0.381550439567063
"Lavandula stoechas","Sanchez Mejia in prep",NA,"Plants","Europe","Temperature","C","all","all",0.468167853802541,0,3,7,35,0,0,0,5,0.637698146917523
"Lavandula stoechas","Sanchez Mejia in prep",NA,"Plants","Europe","Rain","C","all","all",0.237265370405695,0,3,7,35,0,0,0,5,0.237213378217014
"Lavandula stoechas","Sanchez Mejia in prep",NA,"Plants","Europe","Temperature","C","all","all",0.223534429180123,1,3,7,35,0,0,0,5,0.402037631737494
"Lavandula stoechas","Sanchez Mejia in prep",NA,"Plants","Europe","Temperature","C","all","all",0.282903176558778,1,3,7,35,0,0,0,5,0.390865082566095
"Lavandula stoechas","Sanchez Mejia in prep",NA,"Plants","Europe","Rain","C","all","all",0.410034796290835,1,3,7,35,0,0,0,5,0.608784271252787
"Lavandula stoechas","Sanchez Mejia in prep",NA,"Plants","Europe","Temperature","C","all","all",0.0935510995460527,0,3,7,35,0,0,0,5,0.187119195807968
"Lavandula stoechas","Sanchez Mejia in prep",NA,"Plants","Europe","Temperature","C","all","all",0.237498723373348,0,3,7,35,0,0,0,5,0.279531544888418
"Lavandula stoechas","Sanchez Mejia in prep",NA,"Plants","Europe","Rain","C","all","all",0.0945782213250911,0,3,7,35,0,0,0,5,0.10069419275865
"Lavandula stoechas","Sanchez Mejia in prep",NA,"Plants","Europe","Temperature","C","all","all",0.13834025564014,1,3,7,35,0,0,0,5,0.237550332011551
"Lavandula stoechas","Sanchez Mejia in prep",NA,"Plants","Europe","Temperature","C","all","all",0.507307031115541,1,3,7,35,0,0,0,5,0.75414373193628
"Lavandula stoechas","Sanchez Mejia in prep",NA,"Plants","Europe","Rain","C","all","all",0.356727186718759,1,3,7,35,0,0,0,5,0.465051990018929
"Lavandula stoechas","Sanchez Mejia in prep",NA,"Plants","Europe","Temperature","C","all","all",0.149494780144013,0,3,7,35,0,0,0,5,0.266068283740496
"Lavandula stoechas","Sanchez Mejia in prep",NA,"Plants","Europe","Temperature","C","all","all",0.699745175241694,0,3,7,35,0,0,0,5,0.735501655972293
"Lavandula stoechas","Sanchez Mejia in prep",NA,"Plants","Europe","Rain","C","all","all",0.19026609961829,0,3,7,35,0,0,0,5,0.210034713699118
"Lavandula stoechas","Sanchez Mejia in prep",NA,"Plants","Europe","Temperature","C","all","all",0.0188414709638102,1,3,7,35,0,0,0,5,0.0345093221518353
"Lavandula stoechas","Sanchez Mejia in prep",NA,"Plants","Europe","Temperature","C","all","all",0.393359555265845,1,3,7,35,0,0,0,5,0.55496512926531
"Lavandula stoechas","Sanchez Mejia in prep",NA,"Plants","Europe","Rain","C","all","all",0.542327407133685,1,3,7,35,0,0,0,5,0.749607936802774
"Lavandula stoechas","Sanchez Mejia in prep",NA,"Plants","Europe","Temperature","C","all","all",0.00451425337034104,0,3,7,35,0,0,0,5,0.0091300348506095
"Lavandula stoechas","Sanchez Mejia in prep",NA,"Plants","Europe","Temperature","C","all","all",0.329112734820475,0,3,7,35,0,0,0,5,0.425569549659297
"Lavandula stoechas","Sanchez Mejia in prep",NA,"Plants","Europe","Rain","C","all","all",0.0293909643640194,0,3,7,35,0,0,0,5,0.0291425099813478
"Lavandula stoechas","Sanchez Mejia in prep",NA,"Plants","Europe","Temperature","C","all","all",0.188594317957098,1,3,7,35,0,0,0,5,0.313602207035298
"Lavandula stoechas","Sanchez Mejia in prep",NA,"Plants","Europe","Temperature","C","all","all",0.408222552483289,1,3,7,35,0,0,0,5,0.585030780887165
"Lavandula stoechas","Sanchez Mejia in prep",NA,"Plants","Europe","Rain","C","all","all",0.554967589169534,1,3,7,35,0,0,0,5,0.726095813161995
"Lavandula stoechas","Sanchez Mejia in prep",NA,"Plants","Europe","Temperature","C","all","all",0.254836688612944,0,3,7,35,0,0,0,5,0.454291359986785
"Lavandula stoechas","Sanchez Mejia in prep",NA,"Plants","Europe","Temperature","C","all","all",0.334326886573927,0,3,7,35,0,0,0,5,0.472333580281373
"Lavandula stoechas","Sanchez Mejia in prep",NA,"Plants","Europe","Rain","C","all","all",0.0620568425990165,0,3,7,35,0,0,0,5,0.0652198339928099
"Lavandula stoechas","Sanchez Mejia in prep",NA,"Plants","Europe","Temperature","C","all","all",0.210039598755248,1,3,7,35,0,0,0,5,0.406893446820777
"Lavandula stoechas","Sanchez Mejia in prep",NA,"Plants","Europe","Temperature","C","all","all",0.374457264637579,1,3,7,35,0,0,0,5,0.505841129442478
"Lavandula stoechas","Sanchez Mejia in prep",NA,"Plants","Europe","Rain","C","all","all",0.359108825887828,1,3,7,35,0,0,0,5,0.463692321865189
"Lavandula stoechas","Sanchez Mejia in prep",NA,"Plants","Europe","Temperature","C","all","all",0.0415217095327911,0,3,7,35,0,0,0,5,0.064627224684675
"Lavandula stoechas","Sanchez Mejia in prep",NA,"Plants","Europe","Temperature","C","all","all",0.177049599466234,0,3,7,35,0,0,0,5,0.291210721742904
"Lavandula stoechas","Sanchez Mejia in prep",NA,"Plants","Europe","Rain","C","all","all",0.225394808776286,0,3,7,35,0,0,0,5,0.225893917645499
"Lavandula stoechas","Sanchez Mejia in prep",NA,"Plants","Europe","Temperature","C","all","all",0.283792455156434,1,3,7,35,0,0,0,5,0.468412513060112
"Lavandula stoechas","Sanchez Mejia in prep",NA,"Plants","Europe","Temperature","C","all","all",0.375475977731791,1,3,7,35,0,0,0,5,0.609174514337711
"Lavandula stoechas","Sanchez Mejia in prep",NA,"Plants","Europe","Rain","C","all","all",0.318406326033994,1,3,7,35,0,0,0,5,0.407497041501692
"Lavandula stoechas","Sanchez Mejia in prep",NA,"Plants","Europe","Temperature","C","all","all",0.00159745525445253,0,3,7,35,0,0,0,5,0.00299691075631146
"Lavandula stoechas","Sanchez Mejia in prep",NA,"Plants","Europe","Temperature","C","all","all",0.423620631295813,0,3,7,35,0,0,0,5,0.648221459279399
"Lavandula stoechas","Sanchez Mejia in prep",NA,"Plants","Europe","Rain","C","all","all",0.167654977216299,0,3,7,35,0,0,0,5,0.159909841777781
"Lavandula stoechas","Sanchez Mejia in prep",NA,"Plants","Europe","Temperature","C","all","all",0.195067000682624,1,3,7,35,0,0,0,5,0.29732946950287
"Lavandula stoechas","Sanchez Mejia in prep",NA,"Plants","Europe","Temperature","C","all","all",0.428307156870467,1,3,7,35,0,0,0,5,0.66492016345588
"Lavandula stoechas","Sanchez Mejia in prep",NA,"Plants","Europe","Rain","C","all","all",0.597714679790297,1,3,7,35,0,0,0,5,0.755222439226867
"Lavandula stoechas","Sanchez Mejia in prep",NA,"Plants","Europe","Temperature","C","all","all",0.0951242873432397,0,3,7,35,0,0,0,5,0.157117059454616
"Lavandula stoechas","Sanchez Mejia in prep",NA,"Plants","Europe","Temperature","C","all","all",0.521398417422075,0,3,7,35,0,0,0,5,0.654124182691988
"Lavandula stoechas","Sanchez Mejia in prep",NA,"Plants","Europe","Rain","C","all","all",0.340792997163234,0,3,7,35,0,0,0,5,0.367943014219947
"Lavandula stoechas","Sanchez Mejia in prep",NA,"Plants","Europe","Temperature","C","all","all",0.106073607945426,1,3,7,35,0,0,0,5,0.207427103579363
"Lavandula stoechas","Sanchez Mejia in prep",NA,"Plants","Europe","Temperature","C","all","all",0.321684938137166,1,3,7,35,0,0,0,5,0.436894722381777
"Lavandula stoechas","Sanchez Mejia in prep",NA,"Plants","Europe","Rain","C","all","all",0.479987953245954,1,3,7,35,0,0,0,5,0.565761084217706
"Lavandula stoechas","Sanchez Mejia in prep",NA,"Plants","Europe","Temperature","C","all","all",0.000122476196232638,0,3,7,35,0,0,0,5,0.00021900133290776
"Lavandula stoechas","Sanchez Mejia in prep",NA,"Plants","Europe","Temperature","C","all","all",0.621471955332848,0,3,7,35,0,0,0,5,0.780024541729754
"Lavandula stoechas","Sanchez Mejia in prep",NA,"Plants","Europe","Rain","C","all","all",0.168325509192774,0,3,7,35,0,0,0,5,0.215238248404878
"Lavandula stoechas","Sanchez Mejia in prep",NA,"Plants","Europe","Temperature","C","all","all",0.0942198666304565,1,3,7,35,0,0,0,5,0.163341867100499
"Lavandula stoechas","Sanchez Mejia in prep",NA,"Plants","Europe","Temperature","C","all","all",0.202427940017449,1,3,7,35,0,0,0,5,0.29105217053985
"Lavandula stoechas","Sanchez Mejia in prep",NA,"Plants","Europe","Rain","C","all","all",0.464227566833331,1,3,7,35,0,0,0,5,0.511008090188633
"Lavandula stoechas","Sanchez Mejia in prep",NA,"Plants","Europe","Temperature","C","all","all",0.109791156467637,0,3,7,35,0,0,0,5,0.188827036542019
"Lavandula stoechas","Sanchez Mejia in prep",NA,"Plants","Europe","Temperature","C","all","all",0.375491439044476,0,3,7,35,0,0,0,5,0.505674978016869
"Lavandula stoechas","Sanchez Mejia in prep",NA,"Plants","Europe","Rain","C","all","all",0.172099871114441,0,3,7,35,0,0,0,5,0.164516494654775
"Lavandula stoechas","Sanchez Mejia in prep",NA,"Plants","Europe","Temperature","C","all","all",0.364055455819927,1,3,7,35,0,0,0,5,0.641273833536696
"Lavandula stoechas","Sanchez Mejia in prep",NA,"Plants","Europe","Temperature","C","all","all",0.418883931631836,1,3,7,35,0,0,0,5,0.595202190841665
"Lavandula stoechas","Sanchez Mejia in prep",NA,"Plants","Europe","Rain","C","all","all",0.638709735848013,1,3,7,35,0,0,0,5,0.760261687901435
"Lavandula stoechas","Sanchez Mejia in prep",NA,"Plants","Europe","Temperature","C","all","all",0.188086546019171,0,3,7,35,0,0,0,5,0.412940460152143
"Lavandula stoechas","Sanchez Mejia in prep",NA,"Plants","Europe","Temperature","C","all","all",0.469866441389263,0,3,7,35,0,0,0,5,0.865987234490686
"Lavandula stoechas","Sanchez Mejia in prep",NA,"Plants","Europe","Rain","C","all","all",0.139366840536462,0,3,7,35,0,0,0,5,0.181145061496625
"Lavandula stoechas","Sanchez Mejia in prep",NA,"Plants","Europe","Temperature","C","all","all",0.201196781695799,1,3,7,35,0,0,0,5,0.324983297606533
"Lavandula stoechas","Sanchez Mejia in prep",NA,"Plants","Europe","Temperature","C","all","all",0.422215574787743,1,3,7,35,0,0,0,5,0.507917758197447
"Lavandula stoechas","Sanchez Mejia in prep",NA,"Plants","Europe","Rain","C","all","all",0.475070654514457,1,3,7,35,0,0,0,5,0.599175450668501
"Lavandula stoechas","Sanchez Mejia in prep",NA,"Plants","Europe","Temperature","C","all","all",0.104683513723689,0,3,7,35,0,0,0,5,0.153328246224872
"Lavandula stoechas","Sanchez Mejia in prep",NA,"Plants","Europe","Temperature","C","all","all",0.546851034021339,0,3,7,35,0,0,0,5,0.969396969769825
"Lavandula stoechas","Sanchez Mejia in prep",NA,"Plants","Europe","Rain","C","all","all",0.221660169346853,0,3,7,35,0,0,0,5,0.220913635418155
"Lavandula stoechas","Sanchez Mejia in prep",NA,"Plants","Europe","Temperature","C","all","all",0.351550072287867,1,3,7,35,0,0,0,5,0.543751938609686
"Lavandula stoechas","Sanchez Mejia in prep",NA,"Plants","Europe","Temperature","C","all","all",0.558888953848932,1,3,7,35,0,0,0,5,0.845981583783306
"Lavandula stoechas","Sanchez Mejia in prep",NA,"Plants","Europe","Rain","C","all","all",0.487371421103889,1,3,7,35,0,0,0,5,0.681163244999698
"Lavandula stoechas","Sanchez Mejia in prep",NA,"Plants","Europe","Temperature","C","all","all",0.19429094580866,0,3,7,35,0,0,0,5,0.262290521946515
"Lavandula stoechas","Sanchez Mejia in prep",NA,"Plants","Europe","Temperature","C","all","all",0.621602489950767,0,3,7,35,0,0,0,5,0.880930866079576
"Lavandula stoechas","Sanchez Mejia in prep",NA,"Plants","Europe","Rain","C","all","all",0.378158422956942,0,3,7,35,0,0,0,5,0.388659730369579
"Lavandula stoechas","Sanchez Mejia in prep",NA,"Plants","Europe","Temperature","C","all","all",0.275742677600432,1,3,7,35,0,0,0,5,0.463622912856086
"Lavandula stoechas","Sanchez Mejia in prep",NA,"Plants","Europe","Temperature","C","all","all",0.621700605724539,1,3,7,35,0,0,0,5,0.907963027406644
"Lavandula stoechas","Sanchez Mejia in prep",NA,"Plants","Europe","Rain","C","all","all",0.0877021710981549,1,3,7,35,0,0,0,5,0.123980261784931
"Lavandula stoechas","Sanchez Mejia in prep",NA,"Plants","Europe","Temperature","C","all","all",0.181806233720335,0,3,7,35,0,0,0,5,0.247896495702147
"Lavandula stoechas","Sanchez Mejia in prep",NA,"Plants","Europe","Temperature","C","all","all",0.638694056651733,0,3,7,35,0,0,0,5,0.82278954174795
"Lavandula stoechas","Sanchez Mejia in prep",NA,"Plants","Europe","Rain","C","all","all",0.199736554913364,0,3,7,35,0,0,0,5,0.187352084274394
"Lavandula stoechas","Sanchez Mejia in prep",NA,"Plants","Europe","Temperature","C","all","all",0.211003628423526,1,3,7,35,0,0,0,5,0.331573128399906
"Lavandula stoechas","Sanchez Mejia in prep",NA,"Plants","Europe","Temperature","C","all","all",0.288369712380429,1,3,7,35,0,0,0,5,0.358631187979672
"Lavandula stoechas","Sanchez Mejia in prep",NA,"Plants","Europe","Rain","C","all","all",0.503182666970239,1,3,7,35,0,0,0,5,0.574815847030881
"Lavandula stoechas","Sanchez Mejia in prep",NA,"Plants","Europe","Temperature","C","all","all",0.103575246593634,0,3,7,35,0,0,0,5,0.189092027785784
"Lavandula stoechas","Sanchez Mejia in prep",NA,"Plants","Europe","Temperature","C","all","all",0.650352808767762,0,3,7,35,0,0,0,5,0.877780540862603
"Lavandula stoechas","Sanchez Mejia in prep",NA,"Plants","Europe","Rain","C","all","all",0.11850892414038,0,3,7,35,0,0,0,5,0.143609702140899
"Lavandula stoechas","Sanchez Mejia in prep",NA,"Plants","Europe","Temperature","C","all","all",0.199073102762886,1,3,7,35,0,0,0,5,0.360065373736333
"Lavandula stoechas","Sanchez Mejia in prep",NA,"Plants","Europe","Temperature","C","all","all",0.501277032670215,1,3,7,35,0,0,0,5,0.689002906810866
"Lavandula stoechas","Sanchez Mejia in prep",NA,"Plants","Europe","Rain","C","all","all",0.526856333209031,1,3,7,35,0,0,0,5,0.689696962047585
"Lavandula stoechas","Sanchez Mejia in prep",NA,"Plants","Europe","Temperature","C","all","all",0.35840419091883,0,3,7,35,0,0,0,5,0.626463345144515
"Lavandula stoechas","Sanchez Mejia in prep",NA,"Plants","Europe","Temperature","C","all","all",0.362482700009124,0,3,7,35,0,0,0,5,0.448975585853558
"Lavandula stoechas","Sanchez Mejia in prep",NA,"Plants","Europe","Rain","C","all","all",0.138210637757946,0,3,7,35,0,0,0,5,0.158832404560098
"Lavandula stoechas","Sanchez Mejia in prep",NA,"Plants","Europe","Temperature","C","all","all",0.370402510751458,1,3,7,35,0,0,0,5,0.554601062319016
"Lavandula stoechas","Sanchez Mejia in prep",NA,"Plants","Europe","Temperature","C","all","all",0.562196754141035,1,3,7,35,0,0,0,5,0.788497957817946
"Lavandula stoechas","Sanchez Mejia in prep",NA,"Plants","Europe","Rain","C","all","all",0.222911476088045,1,3,7,35,0,0,0,5,0.310917163024673
"Lavandula stoechas","Sanchez Mejia in prep",NA,"Plants","Europe","Temperature","C","all","all",0.300107389828624,0,3,7,35,0,0,0,5,0.464036362443441
"Lavandula stoechas","Sanchez Mejia in prep",NA,"Plants","Europe","Temperature","C","all","all",0.440851453309895,0,3,7,35,0,0,0,5,0.564789631915148
"Lavandula stoechas","Sanchez Mejia in prep",NA,"Plants","Europe","Rain","C","all","all",0.154247892575129,0,3,7,35,0,0,0,5,0.157854749376885
"Lavandula stoechas","Sanchez Mejia in prep",NA,"Plants","Europe","Temperature","C","all","all",0.0397930472615444,1,3,7,35,0,0,0,5,0.0686698735434148
"Lavandula stoechas","Sanchez Mejia in prep",NA,"Plants","Europe","Temperature","C","all","all",0.143159243148226,1,3,7,35,0,0,0,5,0.190360715571165
"Lavandula stoechas","Sanchez Mejia in prep",NA,"Plants","Europe","Rain","C","all","all",0.396847879355918,1,3,7,35,0,0,0,5,0.508900381103835
"Lavandula stoechas","Sanchez Mejia in prep",NA,"Plants","Europe","Temperature","C","all","all",0.0604440340301792,0,3,7,35,0,0,0,5,0.0988312426954491
"Lavandula stoechas","Sanchez Mejia in prep",NA,"Plants","Europe","Temperature","C","all","all",0.518603585740162,0,3,7,35,0,0,0,5,0.633463264276581
"Lavandula stoechas","Sanchez Mejia in prep",NA,"Plants","Europe","Rain","C","all","all",0.305877340003576,0,3,7,35,0,0,0,5,0.334484609359575
"Lavandula stoechas","Sanchez Mejia in prep",NA,"Plants","Europe","Temperature","C","all","all",0.223284892990664,1,3,7,35,0,0,0,5,0.402219389118242
"Lavandula stoechas","Sanchez Mejia in prep",NA,"Plants","Europe","Temperature","C","all","all",0.708499223960015,1,3,7,35,0,0,0,5,0.905056038990648
"Lavandula stoechas","Sanchez Mejia in prep",NA,"Plants","Europe","Rain","C","all","all",0.400839797089607,1,3,7,35,0,0,0,5,0.462666895661769
"Lavandula stoechas","Sanchez Mejia in prep",NA,"Plants","Europe","Temperature","C","all","all",0.180618592095444,0,3,7,35,0,0,0,5,0.3293161377587
"Lavandula stoechas","Sanchez Mejia in prep",NA,"Plants","Europe","Temperature","C","all","all",0.500513262132768,0,3,7,35,0,0,0,5,0.606135601049068
"Lavandula stoechas","Sanchez Mejia in prep",NA,"Plants","Europe","Rain","C","all","all",0.152812187756852,0,3,7,35,0,0,0,5,0.152152836194027
"Lavandula stoechas","Sanchez Mejia in prep",NA,"Plants","Europe","Temperature","C","all","all",0.202464590675205,1,3,7,35,0,0,0,5,0.356890639512645
"Lavandula stoechas","Sanchez Mejia in prep",NA,"Plants","Europe","Temperature","C","all","all",0.347592616031045,1,3,7,35,0,0,0,5,0.460628854036107
"Lavandula stoechas","Sanchez Mejia in prep",NA,"Plants","Europe","Rain","C","all","all",0.297547637571467,1,3,7,35,0,0,0,5,0.416785158941532
