"species","study.doi","year.of.publication","group","continent","driver","driver.type","stage.age","vital.rates","sens","mat","n.vr","n.pam","dens","biotic_interactions","lambda.sim","study.length"
"Lavandula stoechas","Sanchez Mejia in prep",NA,"Plants","Europe","Temperature","C","all","recruitment",0.135557100295471,3,7,35,0,0,0,5
"Lavandula stoechas","Sanchez Mejia in prep",NA,"Plants","Europe","Temperature","C","juvenile","survival",0.380721511288481,3,7,35,0,0,0,5
"Lavandula stoechas","Sanchez Mejia in prep",NA,"Plants","Europe","Temperature","C","juvenile","size",0.100307687506911,3,7,35,0,0,0,5
"Lavandula stoechas","Sanchez Mejia in prep",NA,"Plants","Europe","Rain","C","all","reproduction",0.180179918145197,3,7,35,0,0,0,5
"Lavandula stoechas","Sanchez Mejia in prep",NA,"Plants","Europe","Temperature","C","all","recruitment",0.195331609398924,3,7,35,0,0,0,5
"Lavandula stoechas","Sanchez Mejia in prep",NA,"Plants","Europe","Temperature","C","juvenile","survival",0.544868390124792,3,7,35,0,0,0,5
"Lavandula stoechas","Sanchez Mejia in prep",NA,"Plants","Europe","Temperature","C","juvenile","size",0.148053662765481,3,7,35,0,0,0,5
"Lavandula stoechas","Sanchez Mejia in prep",NA,"Plants","Europe","Rain","C","all","reproduction",0.13080812098126,3,7,35,0,0,0,5
"Lavandula stoechas","Sanchez Mejia in prep",NA,"Plants","Europe","Temperature","C","all","recruitment",0.32992493836782,3,7,35,0,0,0,5
"Lavandula stoechas","Sanchez Mejia in prep",NA,"Plants","Europe","Temperature","C","juvenile","survival",0.390343489800716,3,7,35,0,0,0,5
"Lavandula stoechas","Sanchez Mejia in prep",NA,"Plants","Europe","Temperature","C","juvenile","size",0.0698174763034009,3,7,35,0,0,0,5
"Lavandula stoechas","Sanchez Mejia in prep",NA,"Plants","Europe","Rain","C","all","reproduction",0.0248873676055304,3,7,35,0,0,0,5
"Lavandula stoechas","Sanchez Mejia in prep",NA,"Plants","Europe","Temperature","C","all","recruitment",0.244040847136664,3,7,35,0,0,0,5
"Lavandula stoechas","Sanchez Mejia in prep",NA,"Plants","Europe","Temperature","C","juvenile","survival",0.303787670910785,3,7,35,0,0,0,5
"Lavandula stoechas","Sanchez Mejia in prep",NA,"Plants","Europe","Temperature","C","juvenile","size",0.115137603863531,3,7,35,0,0,0,5
"Lavandula stoechas","Sanchez Mejia in prep",NA,"Plants","Europe","Rain","C","all","reproduction",0.0623222762296727,3,7,35,0,0,0,5
"Lavandula stoechas","Sanchez Mejia in prep",NA,"Plants","Europe","Temperature","C","all","recruitment",0.0881597866738133,3,7,35,0,0,0,5
"Lavandula stoechas","Sanchez Mejia in prep",NA,"Plants","Europe","Temperature","C","juvenile","survival",0.36818460681106,3,7,35,0,0,0,5
"Lavandula stoechas","Sanchez Mejia in prep",NA,"Plants","Europe","Temperature","C","juvenile","size",0.157920489232115,3,7,35,0,0,0,5
"Lavandula stoechas","Sanchez Mejia in prep",NA,"Plants","Europe","Rain","C","all","reproduction",0.0600634382763789,3,7,35,0,0,0,5
"Lavandula stoechas","Sanchez Mejia in prep",NA,"Plants","Europe","Temperature","C","all","recruitment",0.0475793941725885,3,7,35,0,0,0,5
"Lavandula stoechas","Sanchez Mejia in prep",NA,"Plants","Europe","Temperature","C","juvenile","survival",0.54844004754452,3,7,35,0,0,0,5
"Lavandula stoechas","Sanchez Mejia in prep",NA,"Plants","Europe","Temperature","C","juvenile","size",0.0750839760117981,3,7,35,0,0,0,5
"Lavandula stoechas","Sanchez Mejia in prep",NA,"Plants","Europe","Rain","C","all","reproduction",0.193278078777013,3,7,35,0,0,0,5
"Lavandula stoechas","Sanchez Mejia in prep",NA,"Plants","Europe","Temperature","C","all","recruitment",0.230304371928911,3,7,35,0,0,0,5
"Lavandula stoechas","Sanchez Mejia in prep",NA,"Plants","Europe","Temperature","C","juvenile","survival",0.279631632570675,3,7,35,0,0,0,5
"Lavandula stoechas","Sanchez Mejia in prep",NA,"Plants","Europe","Temperature","C","juvenile","size",0.172286074909683,3,7,35,0,0,0,5
"Lavandula stoechas","Sanchez Mejia in prep",NA,"Plants","Europe","Rain","C","all","reproduction",0.0198998000700737,3,7,35,0,0,0,5
"Lavandula stoechas","Sanchez Mejia in prep",NA,"Plants","Europe","Temperature","C","all","recruitment",0.065463406254695,3,7,35,0,0,0,5
"Lavandula stoechas","Sanchez Mejia in prep",NA,"Plants","Europe","Temperature","C","juvenile","survival",0.588454380899406,3,7,35,0,0,0,5
"Lavandula stoechas","Sanchez Mejia in prep",NA,"Plants","Europe","Temperature","C","juvenile","size",0.133495135680668,3,7,35,0,0,0,5
"Lavandula stoechas","Sanchez Mejia in prep",NA,"Plants","Europe","Rain","C","all","reproduction",0.0160255690664933,3,7,35,0,0,0,5
"Lavandula stoechas","Sanchez Mejia in prep",NA,"Plants","Europe","Temperature","C","all","recruitment",0.142965599082532,3,7,35,0,0,0,5
"Lavandula stoechas","Sanchez Mejia in prep",NA,"Plants","Europe","Temperature","C","juvenile","survival",0.521775151134217,3,7,35,0,0,0,5
"Lavandula stoechas","Sanchez Mejia in prep",NA,"Plants","Europe","Temperature","C","juvenile","size",0.203952571904136,3,7,35,0,0,0,5
"Lavandula stoechas","Sanchez Mejia in prep",NA,"Plants","Europe","Rain","C","all","reproduction",0.12527933157651,3,7,35,0,0,0,5
"Lavandula stoechas","Sanchez Mejia in prep",NA,"Plants","Europe","Temperature","C","all","recruitment",0.116251732281888,3,7,35,0,0,0,5
"Lavandula stoechas","Sanchez Mejia in prep",NA,"Plants","Europe","Temperature","C","juvenile","survival",0.39095851833485,3,7,35,0,0,0,5
"Lavandula stoechas","Sanchez Mejia in prep",NA,"Plants","Europe","Temperature","C","juvenile","size",0.0769431880039097,3,7,35,0,0,0,5
"Lavandula stoechas","Sanchez Mejia in prep",NA,"Plants","Europe","Rain","C","all","reproduction",0.035175450352318,3,7,35,0,0,0,5
"Lavandula stoechas","Sanchez Mejia in prep",NA,"Plants","Europe","Temperature","C","all","recruitment",0.129223929398795,3,7,35,0,0,0,5
"Lavandula stoechas","Sanchez Mejia in prep",NA,"Plants","Europe","Temperature","C","juvenile","survival",0.562852027515775,3,7,35,0,0,0,5
"Lavandula stoechas","Sanchez Mejia in prep",NA,"Plants","Europe","Temperature","C","juvenile","size",0.037802940373097,3,7,35,0,0,0,5
"Lavandula stoechas","Sanchez Mejia in prep",NA,"Plants","Europe","Rain","C","all","reproduction",0.0221650745163532,3,7,35,0,0,0,5
"Lavandula stoechas","Sanchez Mejia in prep",NA,"Plants","Europe","Temperature","C","all","recruitment",0.276159184273704,3,7,35,0,0,0,5
"Lavandula stoechas","Sanchez Mejia in prep",NA,"Plants","Europe","Temperature","C","juvenile","survival",0.432492747480436,3,7,35,0,0,0,5
"Lavandula stoechas","Sanchez Mejia in prep",NA,"Plants","Europe","Temperature","C","juvenile","size",0.126204736050958,3,7,35,0,0,0,5
"Lavandula stoechas","Sanchez Mejia in prep",NA,"Plants","Europe","Rain","C","all","reproduction",0.00536071686529497,3,7,35,0,0,0,5
"Lavandula stoechas","Sanchez Mejia in prep",NA,"Plants","Europe","Temperature","C","all","recruitment",0.0303503162457069,3,7,35,0,0,0,5
"Lavandula stoechas","Sanchez Mejia in prep",NA,"Plants","Europe","Temperature","C","juvenile","survival",0.4930335938736,3,7,35,0,0,0,5
"Lavandula stoechas","Sanchez Mejia in prep",NA,"Plants","Europe","Temperature","C","juvenile","size",0.0510368460572888,3,7,35,0,0,0,5
"Lavandula stoechas","Sanchez Mejia in prep",NA,"Plants","Europe","Rain","C","all","reproduction",0.0519411485726622,3,7,35,0,0,0,5
"Lavandula stoechas","Sanchez Mejia in prep",NA,"Plants","Europe","Temperature","C","all","recruitment",0.188915687385146,3,7,35,0,0,0,5
"Lavandula stoechas","Sanchez Mejia in prep",NA,"Plants","Europe","Temperature","C","juvenile","survival",0.438270319467636,3,7,35,0,0,0,5
"Lavandula stoechas","Sanchez Mejia in prep",NA,"Plants","Europe","Temperature","C","juvenile","size",0.064627044286157,3,7,35,0,0,0,5
"Lavandula stoechas","Sanchez Mejia in prep",NA,"Plants","Europe","Rain","C","all","reproduction",0.0132375770149699,3,7,35,0,0,0,5
"Lavandula stoechas","Sanchez Mejia in prep",NA,"Plants","Europe","Temperature","C","all","recruitment",0.224055411848743,3,7,35,0,0,0,5
"Lavandula stoechas","Sanchez Mejia in prep",NA,"Plants","Europe","Temperature","C","juvenile","survival",0.563170501211755,3,7,35,0,0,0,5
"Lavandula stoechas","Sanchez Mejia in prep",NA,"Plants","Europe","Temperature","C","juvenile","size",0.0834387255265298,3,7,35,0,0,0,5
"Lavandula stoechas","Sanchez Mejia in prep",NA,"Plants","Europe","Rain","C","all","reproduction",0.0297802747197283,3,7,35,0,0,0,5
"Lavandula stoechas","Sanchez Mejia in prep",NA,"Plants","Europe","Temperature","C","all","recruitment",0.244469843271593,3,7,35,0,0,0,5
"Lavandula stoechas","Sanchez Mejia in prep",NA,"Plants","Europe","Temperature","C","juvenile","survival",0.381883522879089,3,7,35,0,0,0,5
"Lavandula stoechas","Sanchez Mejia in prep",NA,"Plants","Europe","Temperature","C","juvenile","size",0.0701742674516116,3,7,35,0,0,0,5
"Lavandula stoechas","Sanchez Mejia in prep",NA,"Plants","Europe","Rain","C","all","reproduction",0.0258244605559493,3,7,35,0,0,0,5
"Lavandula stoechas","Sanchez Mejia in prep",NA,"Plants","Europe","Temperature","C","all","recruitment",0.0215132016748499,3,7,35,0,0,0,5
"Lavandula stoechas","Sanchez Mejia in prep",NA,"Plants","Europe","Temperature","C","juvenile","survival",0.480458453767201,3,7,35,0,0,0,5
"Lavandula stoechas","Sanchez Mejia in prep",NA,"Plants","Europe","Temperature","C","juvenile","size",0.0168353960084372,3,7,35,0,0,0,5
"Lavandula stoechas","Sanchez Mejia in prep",NA,"Plants","Europe","Rain","C","all","reproduction",0.130274796263339,3,7,35,0,0,0,5
"Lavandula stoechas","Sanchez Mejia in prep",NA,"Plants","Europe","Temperature","C","all","recruitment",0.198963964188307,3,7,35,0,0,0,5
"Lavandula stoechas","Sanchez Mejia in prep",NA,"Plants","Europe","Temperature","C","juvenile","survival",0.447502147823168,3,7,35,0,0,0,5
"Lavandula stoechas","Sanchez Mejia in prep",NA,"Plants","Europe","Temperature","C","juvenile","size",0.181916391604799,3,7,35,0,0,0,5
"Lavandula stoechas","Sanchez Mejia in prep",NA,"Plants","Europe","Rain","C","all","reproduction",0.082354982023813,3,7,35,0,0,0,5
"Lavandula stoechas","Sanchez Mejia in prep",NA,"Plants","Europe","Temperature","C","all","recruitment",0.219465638606784,3,7,35,0,0,0,5
"Lavandula stoechas","Sanchez Mejia in prep",NA,"Plants","Europe","Temperature","C","juvenile","survival",0.412352716140262,3,7,35,0,0,0,5
"Lavandula stoechas","Sanchez Mejia in prep",NA,"Plants","Europe","Temperature","C","juvenile","size",0.184599097004825,3,7,35,0,0,0,5
"Lavandula stoechas","Sanchez Mejia in prep",NA,"Plants","Europe","Rain","C","all","reproduction",0.0194852468407014,3,7,35,0,0,0,5
"Lavandula stoechas","Sanchez Mejia in prep",NA,"Plants","Europe","Temperature","C","all","recruitment",0.0860806196260482,3,7,35,0,0,0,5
"Lavandula stoechas","Sanchez Mejia in prep",NA,"Plants","Europe","Temperature","C","juvenile","survival",0.34984463847034,3,7,35,0,0,0,5
"Lavandula stoechas","Sanchez Mejia in prep",NA,"Plants","Europe","Temperature","C","juvenile","size",0.229912867636264,3,7,35,0,0,0,5
"Lavandula stoechas","Sanchez Mejia in prep",NA,"Plants","Europe","Rain","C","all","reproduction",0.178034334803992,3,7,35,0,0,0,5
"Lavandula stoechas","Sanchez Mejia in prep",NA,"Plants","Europe","Temperature","C","all","recruitment",0.171874717723198,3,7,35,0,0,0,5
"Lavandula stoechas","Sanchez Mejia in prep",NA,"Plants","Europe","Temperature","C","juvenile","survival",0.374338018867572,3,7,35,0,0,0,5
"Lavandula stoechas","Sanchez Mejia in prep",NA,"Plants","Europe","Temperature","C","juvenile","size",0.104564878037595,3,7,35,0,0,0,5
"Lavandula stoechas","Sanchez Mejia in prep",NA,"Plants","Europe","Rain","C","all","reproduction",0.177910450791476,3,7,35,0,0,0,5
"Lavandula stoechas","Sanchez Mejia in prep",NA,"Plants","Europe","Temperature","C","all","recruitment",0.0910526639733467,3,7,35,0,0,0,5
"Lavandula stoechas","Sanchez Mejia in prep",NA,"Plants","Europe","Temperature","C","juvenile","survival",0.391129032489835,3,7,35,0,0,0,5
"Lavandula stoechas","Sanchez Mejia in prep",NA,"Plants","Europe","Temperature","C","juvenile","size",0.168343819680443,3,7,35,0,0,0,5
"Lavandula stoechas","Sanchez Mejia in prep",NA,"Plants","Europe","Rain","C","all","reproduction",0.0143193363575433,3,7,35,0,0,0,5
"Lavandula stoechas","Sanchez Mejia in prep",NA,"Plants","Europe","Temperature","C","all","recruitment",0.0431609589420418,3,7,35,0,0,0,5
"Lavandula stoechas","Sanchez Mejia in prep",NA,"Plants","Europe","Temperature","C","juvenile","survival",0.395406078463581,3,7,35,0,0,0,5
"Lavandula stoechas","Sanchez Mejia in prep",NA,"Plants","Europe","Temperature","C","juvenile","size",0.11376690531715,3,7,35,0,0,0,5
"Lavandula stoechas","Sanchez Mejia in prep",NA,"Plants","Europe","Rain","C","all","reproduction",0.16171288893106,3,7,35,0,0,0,5
"Lavandula stoechas","Sanchez Mejia in prep",NA,"Plants","Europe","Temperature","C","all","recruitment",0.122614981312451,3,7,35,0,0,0,5
"Lavandula stoechas","Sanchez Mejia in prep",NA,"Plants","Europe","Temperature","C","juvenile","survival",0.46542646818637,3,7,35,0,0,0,5
"Lavandula stoechas","Sanchez Mejia in prep",NA,"Plants","Europe","Temperature","C","juvenile","size",0.1116971878003,3,7,35,0,0,0,5
"Lavandula stoechas","Sanchez Mejia in prep",NA,"Plants","Europe","Rain","C","all","reproduction",0.148403511690606,3,7,35,0,0,0,5
"Lavandula stoechas","Sanchez Mejia in prep",NA,"Plants","Europe","Temperature","C","all","recruitment",0.107072895029166,3,7,35,0,0,0,5
"Lavandula stoechas","Sanchez Mejia in prep",NA,"Plants","Europe","Temperature","C","juvenile","survival",0.228495926253198,3,7,35,0,0,0,5
"Lavandula stoechas","Sanchez Mejia in prep",NA,"Plants","Europe","Temperature","C","juvenile","size",0.124246567783863,3,7,35,0,0,0,5
"Lavandula stoechas","Sanchez Mejia in prep",NA,"Plants","Europe","Rain","C","all","reproduction",0.0188594339196759,3,7,35,0,0,0,5
"Lavandula stoechas","Sanchez Mejia in prep",NA,"Plants","Europe","Temperature","C","all","recruitment",0.0958082786755724,3,7,35,0,0,0,5
"Lavandula stoechas","Sanchez Mejia in prep",NA,"Plants","Europe","Temperature","C","juvenile","survival",0.160554930107141,3,7,35,0,0,0,5
"Lavandula stoechas","Sanchez Mejia in prep",NA,"Plants","Europe","Temperature","C","juvenile","size",0.179255955038283,3,7,35,0,0,0,5
"Lavandula stoechas","Sanchez Mejia in prep",NA,"Plants","Europe","Rain","C","all","reproduction",0.0430238633853159,3,7,35,0,0,0,5
"Lavandula stoechas","Sanchez Mejia in prep",NA,"Plants","Europe","Temperature","C","all","recruitment",0.0834675163633943,3,7,35,0,0,0,5
"Lavandula stoechas","Sanchez Mejia in prep",NA,"Plants","Europe","Temperature","C","juvenile","survival",0.545446520038829,3,7,35,0,0,0,5
"Lavandula stoechas","Sanchez Mejia in prep",NA,"Plants","Europe","Temperature","C","juvenile","size",0.0655803606724291,3,7,35,0,0,0,5
"Lavandula stoechas","Sanchez Mejia in prep",NA,"Plants","Europe","Rain","C","all","reproduction",0.175576674729041,3,7,35,0,0,0,5
"Lavandula stoechas","Sanchez Mejia in prep",NA,"Plants","Europe","Temperature","C","all","recruitment",0.0473208005851424,3,7,35,0,0,0,5
"Lavandula stoechas","Sanchez Mejia in prep",NA,"Plants","Europe","Temperature","C","juvenile","survival",0.413942164446529,3,7,35,0,0,0,5
"Lavandula stoechas","Sanchez Mejia in prep",NA,"Plants","Europe","Temperature","C","juvenile","size",0.142917064663264,3,7,35,0,0,0,5
"Lavandula stoechas","Sanchez Mejia in prep",NA,"Plants","Europe","Rain","C","all","reproduction",0.146107096744969,3,7,35,0,0,0,5
"Lavandula stoechas","Sanchez Mejia in prep",NA,"Plants","Europe","Temperature","C","all","recruitment",0.379563677757625,3,7,35,0,0,0,5
"Lavandula stoechas","Sanchez Mejia in prep",NA,"Plants","Europe","Temperature","C","juvenile","survival",0.403344079912665,3,7,35,0,0,0,5
"Lavandula stoechas","Sanchez Mejia in prep",NA,"Plants","Europe","Temperature","C","juvenile","size",0.208351297715722,3,7,35,0,0,0,5
"Lavandula stoechas","Sanchez Mejia in prep",NA,"Plants","Europe","Rain","C","all","reproduction",0.0295423984500657,3,7,35,0,0,0,5
"Lavandula stoechas","Sanchez Mejia in prep",NA,"Plants","Europe","Temperature","C","all","recruitment",0.246438606674531,3,7,35,0,0,0,5
"Lavandula stoechas","Sanchez Mejia in prep",NA,"Plants","Europe","Temperature","C","juvenile","survival",0.29782592675885,3,7,35,0,0,0,5
"Lavandula stoechas","Sanchez Mejia in prep",NA,"Plants","Europe","Temperature","C","juvenile","size",0.0755284837986788,3,7,35,0,0,0,5
"Lavandula stoechas","Sanchez Mejia in prep",NA,"Plants","Europe","Rain","C","all","reproduction",0.0113495248352325,3,7,35,0,0,0,5
"Lavandula stoechas","Sanchez Mejia in prep",NA,"Plants","Europe","Temperature","C","all","recruitment",0.0604628579173207,3,7,35,0,0,0,5
"Lavandula stoechas","Sanchez Mejia in prep",NA,"Plants","Europe","Temperature","C","juvenile","survival",0.41423568398488,3,7,35,0,0,0,5
"Lavandula stoechas","Sanchez Mejia in prep",NA,"Plants","Europe","Temperature","C","juvenile","size",0.0427468537080498,3,7,35,0,0,0,5
"Lavandula stoechas","Sanchez Mejia in prep",NA,"Plants","Europe","Rain","C","all","reproduction",0.0661743989913373,3,7,35,0,0,0,5
"Lavandula stoechas","Sanchez Mejia in prep",NA,"Plants","Europe","Temperature","C","all","recruitment",0.0961579486283608,3,7,35,0,0,0,5
"Lavandula stoechas","Sanchez Mejia in prep",NA,"Plants","Europe","Temperature","C","juvenile","survival",0.360935387332755,3,7,35,0,0,0,5
"Lavandula stoechas","Sanchez Mejia in prep",NA,"Plants","Europe","Temperature","C","juvenile","size",0.0431507801060856,3,7,35,0,0,0,5
"Lavandula stoechas","Sanchez Mejia in prep",NA,"Plants","Europe","Rain","C","all","reproduction",0.0583162710900553,3,7,35,0,0,0,5
"Lavandula stoechas","Sanchez Mejia in prep",NA,"Plants","Europe","Temperature","C","all","recruitment",0.14526355467141,3,7,35,0,0,0,5
"Lavandula stoechas","Sanchez Mejia in prep",NA,"Plants","Europe","Temperature","C","juvenile","survival",0.208464431373959,3,7,35,0,0,0,5
"Lavandula stoechas","Sanchez Mejia in prep",NA,"Plants","Europe","Temperature","C","juvenile","size",0.144310140077818,3,7,35,0,0,0,5
"Lavandula stoechas","Sanchez Mejia in prep",NA,"Plants","Europe","Rain","C","all","reproduction",0.141515496015613,3,7,35,0,0,0,5
"Lavandula stoechas","Sanchez Mejia in prep",NA,"Plants","Europe","Temperature","C","all","recruitment",0.0636190939102281,3,7,35,0,0,0,5
"Lavandula stoechas","Sanchez Mejia in prep",NA,"Plants","Europe","Temperature","C","juvenile","survival",0.541413994021004,3,7,35,0,0,0,5
"Lavandula stoechas","Sanchez Mejia in prep",NA,"Plants","Europe","Temperature","C","juvenile","size",0.238824607842413,3,7,35,0,0,0,5
"Lavandula stoechas","Sanchez Mejia in prep",NA,"Plants","Europe","Rain","C","all","reproduction",0.194939895560653,3,7,35,0,0,0,5
"Lavandula stoechas","Sanchez Mejia in prep",NA,"Plants","Europe","Temperature","C","all","recruitment",0.00318606903662752,3,7,35,0,0,0,5
"Lavandula stoechas","Sanchez Mejia in prep",NA,"Plants","Europe","Temperature","C","juvenile","survival",0.213776223960783,3,7,35,0,0,0,5
"Lavandula stoechas","Sanchez Mejia in prep",NA,"Plants","Europe","Temperature","C","juvenile","size",0.136892807535516,3,7,35,0,0,0,5
"Lavandula stoechas","Sanchez Mejia in prep",NA,"Plants","Europe","Rain","C","all","reproduction",0.0723648210279781,3,7,35,0,0,0,5
"Lavandula stoechas","Sanchez Mejia in prep",NA,"Plants","Europe","Temperature","C","all","recruitment",0.00595441595091221,3,7,35,0,0,0,5
"Lavandula stoechas","Sanchez Mejia in prep",NA,"Plants","Europe","Temperature","C","juvenile","survival",0.409250634360609,3,7,35,0,0,0,5
"Lavandula stoechas","Sanchez Mejia in prep",NA,"Plants","Europe","Temperature","C","juvenile","size",0.0790126248287666,3,7,35,0,0,0,5
"Lavandula stoechas","Sanchez Mejia in prep",NA,"Plants","Europe","Rain","C","all","reproduction",0.170391276251056,3,7,35,0,0,0,5
"Lavandula stoechas","Sanchez Mejia in prep",NA,"Plants","Europe","Temperature","C","all","recruitment",0.187640050958424,3,7,35,0,0,0,5
"Lavandula stoechas","Sanchez Mejia in prep",NA,"Plants","Europe","Temperature","C","juvenile","survival",0.379308284196902,3,7,35,0,0,0,5
"Lavandula stoechas","Sanchez Mejia in prep",NA,"Plants","Europe","Temperature","C","juvenile","size",0.252424493414926,3,7,35,0,0,0,5
"Lavandula stoechas","Sanchez Mejia in prep",NA,"Plants","Europe","Rain","C","all","reproduction",0.177216088582351,3,7,35,0,0,0,5
"Lavandula stoechas","Sanchez Mejia in prep",NA,"Plants","Europe","Temperature","C","all","recruitment",0.210451418130831,3,7,35,0,0,0,5
"Lavandula stoechas","Sanchez Mejia in prep",NA,"Plants","Europe","Temperature","C","juvenile","survival",0.248103982516012,3,7,35,0,0,0,5
"Lavandula stoechas","Sanchez Mejia in prep",NA,"Plants","Europe","Temperature","C","juvenile","size",0.0517790137756976,3,7,35,0,0,0,5
"Lavandula stoechas","Sanchez Mejia in prep",NA,"Plants","Europe","Rain","C","all","reproduction",0.157003098784198,3,7,35,0,0,0,5
"Lavandula stoechas","Sanchez Mejia in prep",NA,"Plants","Europe","Temperature","C","all","recruitment",0.144217973552999,3,7,35,0,0,0,5
"Lavandula stoechas","Sanchez Mejia in prep",NA,"Plants","Europe","Temperature","C","juvenile","survival",0.533828793677097,3,7,35,0,0,0,5
"Lavandula stoechas","Sanchez Mejia in prep",NA,"Plants","Europe","Temperature","C","juvenile","size",0.0736059250692763,3,7,35,0,0,0,5
"Lavandula stoechas","Sanchez Mejia in prep",NA,"Plants","Europe","Rain","C","all","reproduction",0.108494497400573,3,7,35,0,0,0,5
"Lavandula stoechas","Sanchez Mejia in prep",NA,"Plants","Europe","Temperature","C","all","recruitment",0.178425222809693,3,7,35,0,0,0,5
"Lavandula stoechas","Sanchez Mejia in prep",NA,"Plants","Europe","Temperature","C","juvenile","survival",0.322340751151344,3,7,35,0,0,0,5
"Lavandula stoechas","Sanchez Mejia in prep",NA,"Plants","Europe","Temperature","C","juvenile","size",0.0685096955800234,3,7,35,0,0,0,5
"Lavandula stoechas","Sanchez Mejia in prep",NA,"Plants","Europe","Rain","C","all","reproduction",0.0983778248662177,3,7,35,0,0,0,5
"Lavandula stoechas","Sanchez Mejia in prep",NA,"Plants","Europe","Temperature","C","all","recruitment",0.109030311266735,3,7,35,0,0,0,5
"Lavandula stoechas","Sanchez Mejia in prep",NA,"Plants","Europe","Temperature","C","juvenile","survival",0.323062102742237,3,7,35,0,0,0,5
"Lavandula stoechas","Sanchez Mejia in prep",NA,"Plants","Europe","Temperature","C","juvenile","size",0.200324415175538,3,7,35,0,0,0,5
"Lavandula stoechas","Sanchez Mejia in prep",NA,"Plants","Europe","Rain","C","all","reproduction",0.0108209133415064,3,7,35,0,0,0,5
"Lavandula stoechas","Sanchez Mejia in prep",NA,"Plants","Europe","Temperature","C","all","recruitment",0.134131378669515,3,7,35,0,0,0,5
"Lavandula stoechas","Sanchez Mejia in prep",NA,"Plants","Europe","Temperature","C","juvenile","survival",0.239271632079053,3,7,35,0,0,0,5
"Lavandula stoechas","Sanchez Mejia in prep",NA,"Plants","Europe","Temperature","C","juvenile","size",0.318698644728977,3,7,35,0,0,0,5
"Lavandula stoechas","Sanchez Mejia in prep",NA,"Plants","Europe","Rain","C","all","reproduction",0.315945595405626,3,7,35,0,0,0,5
"Lavandula stoechas","Sanchez Mejia in prep",NA,"Plants","Europe","Temperature","C","all","recruitment",0.368034594534214,3,7,35,0,0,0,5
"Lavandula stoechas","Sanchez Mejia in prep",NA,"Plants","Europe","Temperature","C","juvenile","survival",0.32825612516116,3,7,35,0,0,0,5
"Lavandula stoechas","Sanchez Mejia in prep",NA,"Plants","Europe","Temperature","C","juvenile","size",0.0544866334104582,3,7,35,0,0,0,5
"Lavandula stoechas","Sanchez Mejia in prep",NA,"Plants","Europe","Rain","C","all","reproduction",0.197797907932142,3,7,35,0,0,0,5
"Lavandula stoechas","Sanchez Mejia in prep",NA,"Plants","Europe","Temperature","C","all","recruitment",0.125277620135669,3,7,35,0,0,0,5
"Lavandula stoechas","Sanchez Mejia in prep",NA,"Plants","Europe","Temperature","C","juvenile","survival",0.584385708546255,3,7,35,0,0,0,5
"Lavandula stoechas","Sanchez Mejia in prep",NA,"Plants","Europe","Temperature","C","juvenile","size",0.313594494612428,3,7,35,0,0,0,5
"Lavandula stoechas","Sanchez Mejia in prep",NA,"Plants","Europe","Rain","C","all","reproduction",0.189662524933682,3,7,35,0,0,0,5
"Lavandula stoechas","Sanchez Mejia in prep",NA,"Plants","Europe","Temperature","C","all","recruitment",0.229268068108126,3,7,35,0,0,0,5
"Lavandula stoechas","Sanchez Mejia in prep",NA,"Plants","Europe","Temperature","C","juvenile","survival",0.407932396263904,3,7,35,0,0,0,5
"Lavandula stoechas","Sanchez Mejia in prep",NA,"Plants","Europe","Temperature","C","juvenile","size",0.108241712702782,3,7,35,0,0,0,5
"Lavandula stoechas","Sanchez Mejia in prep",NA,"Plants","Europe","Rain","C","all","reproduction",0.0467873703653733,3,7,35,0,0,0,5
"Lavandula stoechas","Sanchez Mejia in prep",NA,"Plants","Europe","Temperature","C","all","recruitment",0.0406709581500166,3,7,35,0,0,0,5
"Lavandula stoechas","Sanchez Mejia in prep",NA,"Plants","Europe","Temperature","C","juvenile","survival",0.207289809756072,3,7,35,0,0,0,5
"Lavandula stoechas","Sanchez Mejia in prep",NA,"Plants","Europe","Temperature","C","juvenile","size",0.186218738610731,3,7,35,0,0,0,5
"Lavandula stoechas","Sanchez Mejia in prep",NA,"Plants","Europe","Rain","C","all","reproduction",0.0740119219928803,3,7,35,0,0,0,5
"Lavandula stoechas","Sanchez Mejia in prep",NA,"Plants","Europe","Temperature","C","all","recruitment",0.367328589448133,3,7,35,0,0,0,5
"Lavandula stoechas","Sanchez Mejia in prep",NA,"Plants","Europe","Temperature","C","juvenile","survival",0.374831451874056,3,7,35,0,0,0,5
"Lavandula stoechas","Sanchez Mejia in prep",NA,"Plants","Europe","Temperature","C","juvenile","size",0.0661943192298013,3,7,35,0,0,0,5
"Lavandula stoechas","Sanchez Mejia in prep",NA,"Plants","Europe","Rain","C","all","reproduction",0.186238867987999,3,7,35,0,0,0,5
"Lavandula stoechas","Sanchez Mejia in prep",NA,"Plants","Europe","Temperature","C","all","recruitment",0.233361381530549,3,7,35,0,0,0,5
"Lavandula stoechas","Sanchez Mejia in prep",NA,"Plants","Europe","Temperature","C","juvenile","survival",0.368370195831008,3,7,35,0,0,0,5
"Lavandula stoechas","Sanchez Mejia in prep",NA,"Plants","Europe","Temperature","C","juvenile","size",0.0869401048654219,3,7,35,0,0,0,5
"Lavandula stoechas","Sanchez Mejia in prep",NA,"Plants","Europe","Rain","C","all","reproduction",0.188967204082312,3,7,35,0,0,0,5
"Lavandula stoechas","Sanchez Mejia in prep",NA,"Plants","Europe","Temperature","C","all","recruitment",0.130013525921391,3,7,35,0,0,0,5
"Lavandula stoechas","Sanchez Mejia in prep",NA,"Plants","Europe","Temperature","C","juvenile","survival",0.334788884431551,3,7,35,0,0,0,5
"Lavandula stoechas","Sanchez Mejia in prep",NA,"Plants","Europe","Temperature","C","juvenile","size",0.173179906313517,3,7,35,0,0,0,5
"Lavandula stoechas","Sanchez Mejia in prep",NA,"Plants","Europe","Rain","C","all","reproduction",0.286965257314485,3,7,35,0,0,0,5
"Lavandula stoechas","Sanchez Mejia in prep",NA,"Plants","Europe","Temperature","C","all","recruitment",0.0288784343234637,3,7,35,0,0,0,5
"Lavandula stoechas","Sanchez Mejia in prep",NA,"Plants","Europe","Temperature","C","juvenile","survival",0.502858481156271,3,7,35,0,0,0,5
"Lavandula stoechas","Sanchez Mejia in prep",NA,"Plants","Europe","Temperature","C","juvenile","size",0.239675983319317,3,7,35,0,0,0,5
"Lavandula stoechas","Sanchez Mejia in prep",NA,"Plants","Europe","Rain","C","all","reproduction",0.00995754694188437,3,7,35,0,0,0,5
"Lavandula stoechas","Sanchez Mejia in prep",NA,"Plants","Europe","Temperature","C","all","recruitment",0.0646916048298528,3,7,35,0,0,0,5
"Lavandula stoechas","Sanchez Mejia in prep",NA,"Plants","Europe","Temperature","C","juvenile","survival",0.526603343448379,3,7,35,0,0,0,5
"Lavandula stoechas","Sanchez Mejia in prep",NA,"Plants","Europe","Temperature","C","juvenile","size",0.0585929495837106,3,7,35,0,0,0,5
"Lavandula stoechas","Sanchez Mejia in prep",NA,"Plants","Europe","Rain","C","all","reproduction",0.0458467394665693,3,7,35,0,0,0,5
"Lavandula stoechas","Sanchez Mejia in prep",NA,"Plants","Europe","Temperature","C","all","recruitment",0.0994081217586834,3,7,35,0,0,0,5
"Lavandula stoechas","Sanchez Mejia in prep",NA,"Plants","Europe","Temperature","C","juvenile","survival",0.500447385878592,3,7,35,0,0,0,5
"Lavandula stoechas","Sanchez Mejia in prep",NA,"Plants","Europe","Temperature","C","juvenile","size",0.059363532814788,3,7,35,0,0,0,5
"Lavandula stoechas","Sanchez Mejia in prep",NA,"Plants","Europe","Rain","C","all","reproduction",0.0406737205453278,3,7,35,0,0,0,5
"Lavandula stoechas","Sanchez Mejia in prep",NA,"Plants","Europe","Temperature","C","all","recruitment",0.094849457612012,3,7,35,0,0,0,5
"Lavandula stoechas","Sanchez Mejia in prep",NA,"Plants","Europe","Temperature","C","juvenile","survival",0.430923603286451,3,7,35,0,0,0,5
"Lavandula stoechas","Sanchez Mejia in prep",NA,"Plants","Europe","Temperature","C","juvenile","size",0.340342369467985,3,7,35,0,0,0,5
"Lavandula stoechas","Sanchez Mejia in prep",NA,"Plants","Europe","Rain","C","all","reproduction",0.0557129020430934,3,7,35,0,0,0,5
"Lavandula stoechas","Sanchez Mejia in prep",NA,"Plants","Europe","Temperature","C","all","recruitment",0.123321700950855,3,7,35,0,0,0,5
"Lavandula stoechas","Sanchez Mejia in prep",NA,"Plants","Europe","Temperature","C","juvenile","survival",0.528182913045131,3,7,35,0,0,0,5
"Lavandula stoechas","Sanchez Mejia in prep",NA,"Plants","Europe","Temperature","C","juvenile","size",0.183861311622459,3,7,35,0,0,0,5
"Lavandula stoechas","Sanchez Mejia in prep",NA,"Plants","Europe","Rain","C","all","reproduction",0.0196285968909538,3,7,35,0,0,0,5
"Lavandula stoechas","Sanchez Mejia in prep",NA,"Plants","Europe","Temperature","C","all","recruitment",0.162624514894455,3,7,35,0,0,0,5
"Lavandula stoechas","Sanchez Mejia in prep",NA,"Plants","Europe","Temperature","C","juvenile","survival",0.548695990166203,3,7,35,0,0,0,5
"Lavandula stoechas","Sanchez Mejia in prep",NA,"Plants","Europe","Temperature","C","juvenile","size",0.104082293335283,3,7,35,0,0,0,5
"Lavandula stoechas","Sanchez Mejia in prep",NA,"Plants","Europe","Rain","C","all","reproduction",0.110899163207634,3,7,35,0,0,0,5
"Lavandula stoechas","Sanchez Mejia in prep",NA,"Plants","Europe","Temperature","C","all","recruitment",0.0508498390493139,3,7,35,0,0,0,5
"Lavandula stoechas","Sanchez Mejia in prep",NA,"Plants","Europe","Temperature","C","juvenile","survival",0.532036650667906,3,7,35,0,0,0,5
"Lavandula stoechas","Sanchez Mejia in prep",NA,"Plants","Europe","Temperature","C","juvenile","size",0.227166024350356,3,7,35,0,0,0,5
"Lavandula stoechas","Sanchez Mejia in prep",NA,"Plants","Europe","Rain","C","all","reproduction",0.0521170445707349,3,7,35,0,0,0,5
"Lavandula stoechas","Sanchez Mejia in prep",NA,"Plants","Europe","Temperature","C","all","recruitment",0.122507641829243,3,7,35,0,0,0,5
"Lavandula stoechas","Sanchez Mejia in prep",NA,"Plants","Europe","Temperature","C","juvenile","survival",0.53642179072631,3,7,35,0,0,0,5
"Lavandula stoechas","Sanchez Mejia in prep",NA,"Plants","Europe","Temperature","C","juvenile","size",0.0929624593358833,3,7,35,0,0,0,5
"Lavandula stoechas","Sanchez Mejia in prep",NA,"Plants","Europe","Rain","C","all","reproduction",0.0147595498197729,3,7,35,0,0,0,5
"Lavandula stoechas","Sanchez Mejia in prep",NA,"Plants","Europe","Temperature","C","all","recruitment",0.431901540653597,3,7,35,0,0,0,5
"Lavandula stoechas","Sanchez Mejia in prep",NA,"Plants","Europe","Temperature","C","juvenile","survival",0.437719922817208,3,7,35,0,0,0,5
"Lavandula stoechas","Sanchez Mejia in prep",NA,"Plants","Europe","Temperature","C","juvenile","size",0.176366904773348,3,7,35,0,0,0,5
"Lavandula stoechas","Sanchez Mejia in prep",NA,"Plants","Europe","Rain","C","all","reproduction",0.20203410027904,3,7,35,0,0,0,5
"Lavandula stoechas","Sanchez Mejia in prep",NA,"Plants","Europe","Temperature","C","all","recruitment",0.0953007109945099,3,7,35,0,0,0,5
"Lavandula stoechas","Sanchez Mejia in prep",NA,"Plants","Europe","Temperature","C","juvenile","survival",0.650165099193318,3,7,35,0,0,0,5
"Lavandula stoechas","Sanchez Mejia in prep",NA,"Plants","Europe","Temperature","C","juvenile","size",0.0846808503205777,3,7,35,0,0,0,5
"Lavandula stoechas","Sanchez Mejia in prep",NA,"Plants","Europe","Rain","C","all","reproduction",0.0456862507698956,3,7,35,0,0,0,5
"Lavandula stoechas","Sanchez Mejia in prep",NA,"Plants","Europe","Temperature","C","all","recruitment",0.0464919529870948,3,7,35,0,0,0,5
"Lavandula stoechas","Sanchez Mejia in prep",NA,"Plants","Europe","Temperature","C","juvenile","survival",0.300354916862738,3,7,35,0,0,0,5
"Lavandula stoechas","Sanchez Mejia in prep",NA,"Plants","Europe","Temperature","C","juvenile","size",0.073702318753882,3,7,35,0,0,0,5
"Lavandula stoechas","Sanchez Mejia in prep",NA,"Plants","Europe","Rain","C","all","reproduction",0.0141112937963994,3,7,35,0,0,0,5
"Lavandula stoechas","Sanchez Mejia in prep",NA,"Plants","Europe","Temperature","C","all","recruitment",0.12705782150672,3,7,35,0,0,0,5
"Lavandula stoechas","Sanchez Mejia in prep",NA,"Plants","Europe","Temperature","C","juvenile","survival",0.492378883630026,3,7,35,0,0,0,5
"Lavandula stoechas","Sanchez Mejia in prep",NA,"Plants","Europe","Temperature","C","juvenile","size",0.169565410957614,3,7,35,0,0,0,5
"Lavandula stoechas","Sanchez Mejia in prep",NA,"Plants","Europe","Rain","C","all","reproduction",0.217378527408498,3,7,35,0,0,0,5
"Lavandula stoechas","Sanchez Mejia in prep",NA,"Plants","Europe","Temperature","C","all","recruitment",0.265058742950919,3,7,35,0,0,0,5
"Lavandula stoechas","Sanchez Mejia in prep",NA,"Plants","Europe","Temperature","C","juvenile","survival",0.40917325906756,3,7,35,0,0,0,5
"Lavandula stoechas","Sanchez Mejia in prep",NA,"Plants","Europe","Temperature","C","juvenile","size",0.0693431360466441,3,7,35,0,0,0,5
"Lavandula stoechas","Sanchez Mejia in prep",NA,"Plants","Europe","Rain","C","all","reproduction",0.0268431240944086,3,7,35,0,0,0,5
"Lavandula stoechas","Sanchez Mejia in prep",NA,"Plants","Europe","Temperature","C","all","recruitment",0.196343737479472,3,7,35,0,0,0,5
"Lavandula stoechas","Sanchez Mejia in prep",NA,"Plants","Europe","Temperature","C","juvenile","survival",0.451614230934162,3,7,35,0,0,0,5
"Lavandula stoechas","Sanchez Mejia in prep",NA,"Plants","Europe","Temperature","C","juvenile","size",0.0666806757692301,3,7,35,0,0,0,5
"Lavandula stoechas","Sanchez Mejia in prep",NA,"Plants","Europe","Rain","C","all","reproduction",0.260761256670219,3,7,35,0,0,0,5
"Lavandula stoechas","Sanchez Mejia in prep",NA,"Plants","Europe","Temperature","C","all","recruitment",0.14441323313639,3,7,35,0,0,0,5
"Lavandula stoechas","Sanchez Mejia in prep",NA,"Plants","Europe","Temperature","C","juvenile","survival",0.255555398759579,3,7,35,0,0,0,5
"Lavandula stoechas","Sanchez Mejia in prep",NA,"Plants","Europe","Temperature","C","juvenile","size",0.28423021508026,3,7,35,0,0,0,5
"Lavandula stoechas","Sanchez Mejia in prep",NA,"Plants","Europe","Rain","C","all","reproduction",0.0939320588908901,3,7,35,0,0,0,5
"Lavandula stoechas","Sanchez Mejia in prep",NA,"Plants","Europe","Temperature","C","all","recruitment",0.311907116910247,3,7,35,0,0,0,5
"Lavandula stoechas","Sanchez Mejia in prep",NA,"Plants","Europe","Temperature","C","juvenile","survival",0.381304187746381,3,7,35,0,0,0,5
"Lavandula stoechas","Sanchez Mejia in prep",NA,"Plants","Europe","Temperature","C","juvenile","size",0.162364521447202,3,7,35,0,0,0,5
"Lavandula stoechas","Sanchez Mejia in prep",NA,"Plants","Europe","Rain","C","all","reproduction",0.00881957793635342,3,7,35,0,0,0,5
"Lavandula stoechas","Sanchez Mejia in prep",NA,"Plants","Europe","Temperature","C","all","recruitment",0.0750332205573969,3,7,35,0,0,0,5
"Lavandula stoechas","Sanchez Mejia in prep",NA,"Plants","Europe","Temperature","C","juvenile","survival",0.151954569610083,3,7,35,0,0,0,5
"Lavandula stoechas","Sanchez Mejia in prep",NA,"Plants","Europe","Temperature","C","juvenile","size",0.244570107612508,3,7,35,0,0,0,5
"Lavandula stoechas","Sanchez Mejia in prep",NA,"Plants","Europe","Rain","C","all","reproduction",0.171398556511701,3,7,35,0,0,0,5
"Lavandula stoechas","Sanchez Mejia in prep",NA,"Plants","Europe","Temperature","C","all","recruitment",0.0776811396853074,3,7,35,0,0,0,5
"Lavandula stoechas","Sanchez Mejia in prep",NA,"Plants","Europe","Temperature","C","juvenile","survival",0.407038492327055,3,7,35,0,0,0,5
"Lavandula stoechas","Sanchez Mejia in prep",NA,"Plants","Europe","Temperature","C","juvenile","size",0.0645592353948351,3,7,35,0,0,0,5
"Lavandula stoechas","Sanchez Mejia in prep",NA,"Plants","Europe","Rain","C","all","reproduction",0.0167038168654547,3,7,35,0,0,0,5
"Lavandula stoechas","Sanchez Mejia in prep",NA,"Plants","Europe","Temperature","C","all","recruitment",0.0646805200427019,3,7,35,0,0,0,5
"Lavandula stoechas","Sanchez Mejia in prep",NA,"Plants","Europe","Temperature","C","juvenile","survival",0.287360195479405,3,7,35,0,0,0,5
"Lavandula stoechas","Sanchez Mejia in prep",NA,"Plants","Europe","Temperature","C","juvenile","size",0.121264786885066,3,7,35,0,0,0,5
"Lavandula stoechas","Sanchez Mejia in prep",NA,"Plants","Europe","Rain","C","all","reproduction",0.0185466623641745,3,7,35,0,0,0,5
"Lavandula stoechas","Sanchez Mejia in prep",NA,"Plants","Europe","Temperature","C","all","recruitment",0.164241302091133,3,7,35,0,0,0,5
"Lavandula stoechas","Sanchez Mejia in prep",NA,"Plants","Europe","Temperature","C","juvenile","survival",0.580269986558509,3,7,35,0,0,0,5
"Lavandula stoechas","Sanchez Mejia in prep",NA,"Plants","Europe","Temperature","C","juvenile","size",0.0749194787358847,3,7,35,0,0,0,5
"Lavandula stoechas","Sanchez Mejia in prep",NA,"Plants","Europe","Rain","C","all","reproduction",0.210851101704469,3,7,35,0,0,0,5
"Lavandula stoechas","Sanchez Mejia in prep",NA,"Plants","Europe","Temperature","C","all","recruitment",0.0688791411095863,3,7,35,0,0,0,5
"Lavandula stoechas","Sanchez Mejia in prep",NA,"Plants","Europe","Temperature","C","juvenile","survival",0.377731382646908,3,7,35,0,0,0,5
"Lavandula stoechas","Sanchez Mejia in prep",NA,"Plants","Europe","Temperature","C","juvenile","size",0.0613285177003275,3,7,35,0,0,0,5
"Lavandula stoechas","Sanchez Mejia in prep",NA,"Plants","Europe","Rain","C","all","reproduction",0.0760209562899006,3,7,35,0,0,0,5
"Lavandula stoechas","Sanchez Mejia in prep",NA,"Plants","Europe","Temperature","C","all","recruitment",0.202130424597005,3,7,35,0,0,0,5
"Lavandula stoechas","Sanchez Mejia in prep",NA,"Plants","Europe","Temperature","C","juvenile","survival",0.490549263176079,3,7,35,0,0,0,5
"Lavandula stoechas","Sanchez Mejia in prep",NA,"Plants","Europe","Temperature","C","juvenile","size",0.279408278358091,3,7,35,0,0,0,5
"Lavandula stoechas","Sanchez Mejia in prep",NA,"Plants","Europe","Rain","C","all","reproduction",0.0463257508624257,3,7,35,0,0,0,5
"Lavandula stoechas","Sanchez Mejia in prep",NA,"Plants","Europe","Temperature","C","all","recruitment",0.0724866098422293,3,7,35,0,0,0,5
"Lavandula stoechas","Sanchez Mejia in prep",NA,"Plants","Europe","Temperature","C","juvenile","survival",0.354788442559421,3,7,35,0,0,0,5
"Lavandula stoechas","Sanchez Mejia in prep",NA,"Plants","Europe","Temperature","C","juvenile","size",0.0835577273724607,3,7,35,0,0,0,5
"Lavandula stoechas","Sanchez Mejia in prep",NA,"Plants","Europe","Rain","C","all","reproduction",0.0711645125769871,3,7,35,0,0,0,5
"Lavandula stoechas","Sanchez Mejia in prep",NA,"Plants","Europe","Temperature","C","all","recruitment",0.128403874907133,3,7,35,0,0,0,5
"Lavandula stoechas","Sanchez Mejia in prep",NA,"Plants","Europe","Temperature","C","juvenile","survival",0.213063580193325,3,7,35,0,0,0,5
"Lavandula stoechas","Sanchez Mejia in prep",NA,"Plants","Europe","Temperature","C","juvenile","size",0.140742904823067,3,7,35,0,0,0,5
"Lavandula stoechas","Sanchez Mejia in prep",NA,"Plants","Europe","Rain","C","all","reproduction",0.208788913268788,3,7,35,0,0,0,5
"Lavandula stoechas","Sanchez Mejia in prep",NA,"Plants","Europe","Temperature","C","all","recruitment",0.123489666566167,3,7,35,0,0,0,5
"Lavandula stoechas","Sanchez Mejia in prep",NA,"Plants","Europe","Temperature","C","juvenile","survival",0.402851603611368,3,7,35,0,0,0,5
"Lavandula stoechas","Sanchez Mejia in prep",NA,"Plants","Europe","Temperature","C","juvenile","size",0.0585480551017296,3,7,35,0,0,0,5
"Lavandula stoechas","Sanchez Mejia in prep",NA,"Plants","Europe","Rain","C","all","reproduction",0.0825676662613843,3,7,35,0,0,0,5
"Lavandula stoechas","Sanchez Mejia in prep",NA,"Plants","Europe","Temperature","C","all","recruitment",0.143201771542982,3,7,35,0,0,0,5
"Lavandula stoechas","Sanchez Mejia in prep",NA,"Plants","Europe","Temperature","C","juvenile","survival",0.224726612814474,3,7,35,0,0,0,5
"Lavandula stoechas","Sanchez Mejia in prep",NA,"Plants","Europe","Temperature","C","juvenile","size",0.0839182506202252,3,7,35,0,0,0,5
"Lavandula stoechas","Sanchez Mejia in prep",NA,"Plants","Europe","Rain","C","all","reproduction",0.0475809400346351,3,7,35,0,0,0,5
"Lavandula stoechas","Sanchez Mejia in prep",NA,"Plants","Europe","Temperature","C","all","recruitment",0.0930238418661731,3,7,35,0,0,0,5
"Lavandula stoechas","Sanchez Mejia in prep",NA,"Plants","Europe","Temperature","C","juvenile","survival",0.41064238051429,3,7,35,0,0,0,5
"Lavandula stoechas","Sanchez Mejia in prep",NA,"Plants","Europe","Temperature","C","juvenile","size",0.00151064700329537,3,7,35,0,0,0,5
"Lavandula stoechas","Sanchez Mejia in prep",NA,"Plants","Europe","Rain","C","all","reproduction",0.00706677753025531,3,7,35,0,0,0,5
"Lavandula stoechas","Sanchez Mejia in prep",NA,"Plants","Europe","Temperature","C","all","recruitment",0.125347049526361,3,7,35,0,0,0,5
"Lavandula stoechas","Sanchez Mejia in prep",NA,"Plants","Europe","Temperature","C","juvenile","survival",0.448883029658218,3,7,35,0,0,0,5
"Lavandula stoechas","Sanchez Mejia in prep",NA,"Plants","Europe","Temperature","C","juvenile","size",0.09847201317947,3,7,35,0,0,0,5
"Lavandula stoechas","Sanchez Mejia in prep",NA,"Plants","Europe","Rain","C","all","reproduction",0.0850037528911926,3,7,35,0,0,0,5
"Lavandula stoechas","Sanchez Mejia in prep",NA,"Plants","Europe","Temperature","C","all","recruitment",0.265023704077457,3,7,35,0,0,0,5
"Lavandula stoechas","Sanchez Mejia in prep",NA,"Plants","Europe","Temperature","C","juvenile","survival",0.267017026884725,3,7,35,0,0,0,5
"Lavandula stoechas","Sanchez Mejia in prep",NA,"Plants","Europe","Temperature","C","juvenile","size",0.0407243861162233,3,7,35,0,0,0,5
"Lavandula stoechas","Sanchez Mejia in prep",NA,"Plants","Europe","Rain","C","all","reproduction",0.116445768649761,3,7,35,0,0,0,5
"Lavandula stoechas","Sanchez Mejia in prep",NA,"Plants","Europe","Temperature","C","all","recruitment",0.130849076072112,3,7,35,0,0,0,5
"Lavandula stoechas","Sanchez Mejia in prep",NA,"Plants","Europe","Temperature","C","juvenile","survival",0.387553041582617,3,7,35,0,0,0,5
"Lavandula stoechas","Sanchez Mejia in prep",NA,"Plants","Europe","Temperature","C","juvenile","size",0.156816881670216,3,7,35,0,0,0,5
"Lavandula stoechas","Sanchez Mejia in prep",NA,"Plants","Europe","Rain","C","all","reproduction",0.0842573850123642,3,7,35,0,0,0,5
"Lavandula stoechas","Sanchez Mejia in prep",NA,"Plants","Europe","Temperature","C","all","recruitment",0.0244785551582664,3,7,35,0,0,0,5
"Lavandula stoechas","Sanchez Mejia in prep",NA,"Plants","Europe","Temperature","C","juvenile","survival",0.376600123335841,3,7,35,0,0,0,5
"Lavandula stoechas","Sanchez Mejia in prep",NA,"Plants","Europe","Temperature","C","juvenile","size",0.0200189619516649,3,7,35,0,0,0,5
"Lavandula stoechas","Sanchez Mejia in prep",NA,"Plants","Europe","Rain","C","all","reproduction",0.037368474096278,3,7,35,0,0,0,5
"Lavandula stoechas","Sanchez Mejia in prep",NA,"Plants","Europe","Temperature","C","all","recruitment",0.135518769891474,3,7,35,0,0,0,5
"Lavandula stoechas","Sanchez Mejia in prep",NA,"Plants","Europe","Temperature","C","juvenile","survival",0.376061573921363,3,7,35,0,0,0,5
"Lavandula stoechas","Sanchez Mejia in prep",NA,"Plants","Europe","Temperature","C","juvenile","size",0.172492815340818,3,7,35,0,0,0,5
"Lavandula stoechas","Sanchez Mejia in prep",NA,"Plants","Europe","Rain","C","all","reproduction",0.145336752136628,3,7,35,0,0,0,5
"Lavandula stoechas","Sanchez Mejia in prep",NA,"Plants","Europe","Temperature","C","all","recruitment",0.209790508008425,3,7,35,0,0,0,5
"Lavandula stoechas","Sanchez Mejia in prep",NA,"Plants","Europe","Temperature","C","juvenile","survival",0.319716281078928,3,7,35,0,0,0,5
"Lavandula stoechas","Sanchez Mejia in prep",NA,"Plants","Europe","Temperature","C","juvenile","size",0.203243782419412,3,7,35,0,0,0,5
"Lavandula stoechas","Sanchez Mejia in prep",NA,"Plants","Europe","Rain","C","all","reproduction",0.149503674079141,3,7,35,0,0,0,5
"Lavandula stoechas","Sanchez Mejia in prep",NA,"Plants","Europe","Temperature","C","all","recruitment",0.0052962075373891,3,7,35,0,0,0,5
"Lavandula stoechas","Sanchez Mejia in prep",NA,"Plants","Europe","Temperature","C","juvenile","survival",0.594310719025339,3,7,35,0,0,0,5
"Lavandula stoechas","Sanchez Mejia in prep",NA,"Plants","Europe","Temperature","C","juvenile","size",0.0478672938090645,3,7,35,0,0,0,5
"Lavandula stoechas","Sanchez Mejia in prep",NA,"Plants","Europe","Rain","C","all","reproduction",0.0807462654656316,3,7,35,0,0,0,5
"Lavandula stoechas","Sanchez Mejia in prep",NA,"Plants","Europe","Temperature","C","all","recruitment",0.245394819975873,3,7,35,0,0,0,5
"Lavandula stoechas","Sanchez Mejia in prep",NA,"Plants","Europe","Temperature","C","juvenile","survival",0.249537650961221,3,7,35,0,0,0,5
"Lavandula stoechas","Sanchez Mejia in prep",NA,"Plants","Europe","Temperature","C","juvenile","size",0.188464970483836,3,7,35,0,0,0,5
"Lavandula stoechas","Sanchez Mejia in prep",NA,"Plants","Europe","Rain","C","all","reproduction",0.0810255560388141,3,7,35,0,0,0,5
"Lavandula stoechas","Sanchez Mejia in prep",NA,"Plants","Europe","Temperature","C","all","recruitment",0.130838705708181,3,7,35,0,0,0,5
"Lavandula stoechas","Sanchez Mejia in prep",NA,"Plants","Europe","Temperature","C","juvenile","survival",0.431186137215517,3,7,35,0,0,0,5
"Lavandula stoechas","Sanchez Mejia in prep",NA,"Plants","Europe","Temperature","C","juvenile","size",0.141835948411167,3,7,35,0,0,0,5
"Lavandula stoechas","Sanchez Mejia in prep",NA,"Plants","Europe","Rain","C","all","reproduction",0.00801375704443508,3,7,35,0,0,0,5
"Lavandula stoechas","Sanchez Mejia in prep",NA,"Plants","Europe","Temperature","C","all","recruitment",0.0261972686550742,3,7,35,0,0,0,5
"Lavandula stoechas","Sanchez Mejia in prep",NA,"Plants","Europe","Temperature","C","juvenile","survival",0.169877160240935,3,7,35,0,0,0,5
"Lavandula stoechas","Sanchez Mejia in prep",NA,"Plants","Europe","Temperature","C","juvenile","size",0.221566091321667,3,7,35,0,0,0,5
"Lavandula stoechas","Sanchez Mejia in prep",NA,"Plants","Europe","Rain","C","all","reproduction",0.110817160479275,3,7,35,0,0,0,5
"Lavandula stoechas","Sanchez Mejia in prep",NA,"Plants","Europe","Temperature","C","all","recruitment",0.0808665789959022,3,7,35,0,0,0,5
"Lavandula stoechas","Sanchez Mejia in prep",NA,"Plants","Europe","Temperature","C","juvenile","survival",0.274276120392648,3,7,35,0,0,0,5
"Lavandula stoechas","Sanchez Mejia in prep",NA,"Plants","Europe","Temperature","C","juvenile","size",0.204963622947263,3,7,35,0,0,0,5
"Lavandula stoechas","Sanchez Mejia in prep",NA,"Plants","Europe","Rain","C","all","reproduction",0.0398466207781564,3,7,35,0,0,0,5
"Lavandula stoechas","Sanchez Mejia in prep",NA,"Plants","Europe","Temperature","C","all","recruitment",0.196060444606867,3,7,35,0,0,0,5
"Lavandula stoechas","Sanchez Mejia in prep",NA,"Plants","Europe","Temperature","C","juvenile","survival",0.708921389704149,3,7,35,0,0,0,5
"Lavandula stoechas","Sanchez Mejia in prep",NA,"Plants","Europe","Temperature","C","juvenile","size",0.183520398957347,3,7,35,0,0,0,5
"Lavandula stoechas","Sanchez Mejia in prep",NA,"Plants","Europe","Rain","C","all","reproduction",0.0420480812536519,3,7,35,0,0,0,5
"Lavandula stoechas","Sanchez Mejia in prep",NA,"Plants","Europe","Temperature","C","all","recruitment",0.454809229973695,3,7,35,0,0,0,5
"Lavandula stoechas","Sanchez Mejia in prep",NA,"Plants","Europe","Temperature","C","juvenile","survival",0.314868967122433,3,7,35,0,0,0,5
"Lavandula stoechas","Sanchez Mejia in prep",NA,"Plants","Europe","Temperature","C","juvenile","size",0.0327817842614024,3,7,35,0,0,0,5
"Lavandula stoechas","Sanchez Mejia in prep",NA,"Plants","Europe","Rain","C","all","reproduction",0.110703661814324,3,7,35,0,0,0,5
"Lavandula stoechas","Sanchez Mejia in prep",NA,"Plants","Europe","Temperature","C","all","recruitment",0.193491223468338,3,7,35,0,0,0,5
"Lavandula stoechas","Sanchez Mejia in prep",NA,"Plants","Europe","Temperature","C","juvenile","survival",0.440560955117171,3,7,35,0,0,0,5
"Lavandula stoechas","Sanchez Mejia in prep",NA,"Plants","Europe","Temperature","C","juvenile","size",0.0113351263213579,3,7,35,0,0,0,5
"Lavandula stoechas","Sanchez Mejia in prep",NA,"Plants","Europe","Rain","C","all","reproduction",0.106316024380282,3,7,35,0,0,0,5
"Lavandula stoechas","Sanchez Mejia in prep",NA,"Plants","Europe","Temperature","C","all","recruitment",0.023560493054635,3,7,35,0,0,0,5
"Lavandula stoechas","Sanchez Mejia in prep",NA,"Plants","Europe","Temperature","C","juvenile","survival",0.124896659924915,3,7,35,0,0,0,5
"Lavandula stoechas","Sanchez Mejia in prep",NA,"Plants","Europe","Temperature","C","juvenile","size",0.00495011056256144,3,7,35,0,0,0,5
"Lavandula stoechas","Sanchez Mejia in prep",NA,"Plants","Europe","Rain","C","all","reproduction",0.189619719615695,3,7,35,0,0,0,5
"Lavandula stoechas","Sanchez Mejia in prep",NA,"Plants","Europe","Temperature","C","all","recruitment",0.0657306160646192,3,7,35,0,0,0,5
"Lavandula stoechas","Sanchez Mejia in prep",NA,"Plants","Europe","Temperature","C","juvenile","survival",0.442298039623032,3,7,35,0,0,0,5
"Lavandula stoechas","Sanchez Mejia in prep",NA,"Plants","Europe","Temperature","C","juvenile","size",0.241914478778415,3,7,35,0,0,0,5
"Lavandula stoechas","Sanchez Mejia in prep",NA,"Plants","Europe","Rain","C","all","reproduction",0.204694050842067,3,7,35,0,0,0,5
"Lavandula stoechas","Sanchez Mejia in prep",NA,"Plants","Europe","Temperature","C","all","recruitment",0.318056811028136,3,7,35,0,0,0,5
"Lavandula stoechas","Sanchez Mejia in prep",NA,"Plants","Europe","Temperature","C","juvenile","survival",0.260090970274329,3,7,35,0,0,0,5
"Lavandula stoechas","Sanchez Mejia in prep",NA,"Plants","Europe","Temperature","C","juvenile","size",0.00917492194145728,3,7,35,0,0,0,5
"Lavandula stoechas","Sanchez Mejia in prep",NA,"Plants","Europe","Rain","C","all","reproduction",0.0340918348931899,3,7,35,0,0,0,5
"Lavandula stoechas","Sanchez Mejia in prep",NA,"Plants","Europe","Temperature","C","all","recruitment",0.413755815412706,3,7,35,0,0,0,5
"Lavandula stoechas","Sanchez Mejia in prep",NA,"Plants","Europe","Temperature","C","juvenile","survival",0.319733377054224,3,7,35,0,0,0,5
"Lavandula stoechas","Sanchez Mejia in prep",NA,"Plants","Europe","Temperature","C","juvenile","size",0.0863801866557347,3,7,35,0,0,0,5
"Lavandula stoechas","Sanchez Mejia in prep",NA,"Plants","Europe","Rain","C","all","reproduction",0.0275763730347215,3,7,35,0,0,0,5
"Lavandula stoechas","Sanchez Mejia in prep",NA,"Plants","Europe","Temperature","C","all","recruitment",0.252968019021851,3,7,35,0,0,0,5
"Lavandula stoechas","Sanchez Mejia in prep",NA,"Plants","Europe","Temperature","C","juvenile","survival",0.401018754291653,3,7,35,0,0,0,5
"Lavandula stoechas","Sanchez Mejia in prep",NA,"Plants","Europe","Temperature","C","juvenile","size",0.190407897856065,3,7,35,0,0,0,5
"Lavandula stoechas","Sanchez Mejia in prep",NA,"Plants","Europe","Rain","C","all","reproduction",0.0255716544632867,3,7,35,0,0,0,5
"Lavandula stoechas","Sanchez Mejia in prep",NA,"Plants","Europe","Temperature","C","all","recruitment",0.132652134775623,3,7,35,0,0,0,5
"Lavandula stoechas","Sanchez Mejia in prep",NA,"Plants","Europe","Temperature","C","juvenile","survival",0.39297502484298,3,7,35,0,0,0,5
"Lavandula stoechas","Sanchez Mejia in prep",NA,"Plants","Europe","Temperature","C","juvenile","size",0.103765558224693,3,7,35,0,0,0,5
"Lavandula stoechas","Sanchez Mejia in prep",NA,"Plants","Europe","Rain","C","all","reproduction",0.0216041626327928,3,7,35,0,0,0,5
"Lavandula stoechas","Sanchez Mejia in prep",NA,"Plants","Europe","Temperature","C","all","recruitment",0.249833186235711,3,7,35,0,0,0,5
"Lavandula stoechas","Sanchez Mejia in prep",NA,"Plants","Europe","Temperature","C","juvenile","survival",0.444458244483297,3,7,35,0,0,0,5
"Lavandula stoechas","Sanchez Mejia in prep",NA,"Plants","Europe","Temperature","C","juvenile","size",0.258474597759739,3,7,35,0,0,0,5
"Lavandula stoechas","Sanchez Mejia in prep",NA,"Plants","Europe","Rain","C","all","reproduction",0.15372903132183,3,7,35,0,0,0,5
"Lavandula stoechas","Sanchez Mejia in prep",NA,"Plants","Europe","Temperature","C","all","recruitment",0.230461440245669,3,7,35,0,0,0,5
"Lavandula stoechas","Sanchez Mejia in prep",NA,"Plants","Europe","Temperature","C","juvenile","survival",0.385393661546371,3,7,35,0,0,0,5
"Lavandula stoechas","Sanchez Mejia in prep",NA,"Plants","Europe","Temperature","C","juvenile","size",0.0200456704320072,3,7,35,0,0,0,5
"Lavandula stoechas","Sanchez Mejia in prep",NA,"Plants","Europe","Rain","C","all","reproduction",0.0308539803827488,3,7,35,0,0,0,5
"Lavandula stoechas","Sanchez Mejia in prep",NA,"Plants","Europe","Temperature","C","all","recruitment",0.021480930415309,3,7,35,0,0,0,5
"Lavandula stoechas","Sanchez Mejia in prep",NA,"Plants","Europe","Temperature","C","juvenile","survival",0.453575833776011,3,7,35,0,0,0,5
"Lavandula stoechas","Sanchez Mejia in prep",NA,"Plants","Europe","Temperature","C","juvenile","size",0.0854555356467973,3,7,35,0,0,0,5
"Lavandula stoechas","Sanchez Mejia in prep",NA,"Plants","Europe","Rain","C","all","reproduction",0.0816365021698037,3,7,35,0,0,0,5
"Lavandula stoechas","Sanchez Mejia in prep",NA,"Plants","Europe","Temperature","C","all","recruitment",0.124526610145955,3,7,35,0,0,0,5
"Lavandula stoechas","Sanchez Mejia in prep",NA,"Plants","Europe","Temperature","C","juvenile","survival",0.249771140722189,3,7,35,0,0,0,5
"Lavandula stoechas","Sanchez Mejia in prep",NA,"Plants","Europe","Temperature","C","juvenile","size",0.148439200357752,3,7,35,0,0,0,5
"Lavandula stoechas","Sanchez Mejia in prep",NA,"Plants","Europe","Rain","C","all","reproduction",0.0833443931898705,3,7,35,0,0,0,5
